Scouter Name,Event,Match Level,Match #,Robot,Team #,Auto Coral Level 4,Auto Coral Level 3,Auto Coral Level 2,Auto Coral Level 1,Auto Coral Miss,Auto Algae Processor,Auto Algae Net,Auto Algae Remove From Reef,Leave,Cycle Timer,Cycle Type,Teleop Coral Level 4,Teleop Coral Level 3,Teleop Coral Level 2,Teleop Coral Level 1,Teleop Coral Miss,Teleop Algae Removed From Reef,Teleop Algae Processor,Teleop Algae Net,Teleop Algae Miss,Pickup From Floor,Pickup From Coral Station,Endgame State,Played Defense,Was Defended,Died,Tippy,Good Driver,Bad Driver,Yellow Card,Red Card,Egregiously Bad Event,Comment
JS,2025ohcl,qm,2,b2,9194,0,0,0,0,0,0,0,0,1,"22.2,109.5","tc4,tc4",2,0,0,0,0,1,0,0,0,0,1,1,0,0,0,1,0,0,0,0,0,end effector shook
JS,2025ohcl,qm,1,b2,4269,0,0,0,0,0,0,0,0,1,"52.8,11.7,34.8,23.2,4.8","tap,tap,tap,tc3,tc3",0,2,0,0,0,3,3,0,0,0,0,0,0,0,0,0,0,1,0,0,0,driver got better 
ML,2025ohcl,qm,2,b1,3173,3,0,0,0,0,0,0,0,1,"22.1,16.4,6.6,5.9,15,7.2,7.1,9.8,5.1,4.6,12.1,6.2","tc4,tc1,tc4,tc1,tc4,tc3,tc1,tc3,tc3,tc3,tc3,tc1",3,5,0,4,1,3,0,0,3,0,1,3,0,0,0,0,0,0,0,0,0
JS,2025ohcl,qm,3,b2,9767,0,0,0,0,0,0,0,0,0,,{},0,0,0,0,0,0,0,0,0,0,0,0,0,0,0,0,0,0,0,0,1,no show
RV,2025ohcl,qm,3,r2,9545,0,0,0,0,0,0,0,0,0,0.1,tc4,1,0,0,0,0,0,0,0,0,0,1,0,0,0,0,0,0,1,0,0,1,:( they did just about nothing
ML,2025ohcl,qm,3,b1,4050,1,0,0,0,0,0,0,0,1,"18.3,27.7,12.7,29.6,20.4","tap,tc4,tc4,tc3,tc4",3,1,0,0,3,1,1,0,0,0,1,1,0,0,0,0,0,0,0,0,0
ML,2025ohcl,qm,4,b1,3173,0,0,0,0,0,0,0,0,0,72.8,tc4,1,0,0,0,0,0,0,0,0,0,1,3,0,0,0,0,0,0,0,0,0,what are we doing 
RV,2025ohcl,qm,4,r2,4611,1,0,0,0,0,0,0,0,0,"13.7,25,7.9,12.2,6.9,7.4,6.5,6","tan,tan,tc4,tc4,tc4,tc2,tc2,tc3",3,1,2,0,0,3,0,2,1,0,1,1,0,0,0,0,1,0,0,0,0
JS,2025ohcl,qm,4,b2,8393,0,0,0,0,2,0,0,1,1,"20.6,11.5,11,8,9.5","tc4,tc4,tc4,tc4,tc3",4,1,0,0,3,0,0,0,0,1,0,1,0,0,0,1,0,1,0,0,0,driver missed alot but good bot
JS,2025ohcl,qm,5,b2,10303,0,0,0,0,0,0,0,0,0,,{},0,0,0,0,0,0,0,0,0,0,0,1,0,0,0,0,0,0,0,0,1,did not move. possibly not connected to field
ML,2025ohcl,qm,5,b1,3954,0,0,0,0,0,0,0,0,1,"43.3,30.2,23.4","tap,tc2,tc3",0,1,1,0,0,2,1,0,0,0,1,0,0,0,0,0,0,0,0,0,0
RV,2025ohcl,qm,5,r2,291,0,0,0,0,0,0,0,0,1,"27.6,36,27.1,16.8","tc1,tc3,tc3,tc4",1,2,0,1,0,1,0,0,0,0,1,1,0,0,0,0,0,0,0,0,0
MK,2025ohcl,qm,6,b2,9139,0,0,0,0,0,0,0,0,0,,{},0,0,0,0,0,0,0,0,0,0,0,0,0,0,1,0,0,0,0,0,1,did not move at all
ML,2025ohcl,qm,6,b1,4085,0,0,0,0,0,0,0,0,0,"14.8,16.2,43.8,18.6","tc4,tc4,tc4,tc4",4,0,0,0,2,0,0,0,0,0,1,0,0,0,0,0,0,0,0,0,0
ML,2025ohcl,qm,7,b1,7885,0,0,0,0,0,0,0,0,0,19.5,tc3,0,1,0,0,1,0,0,0,0,0,1,1,0,0,0,0,0,0,0,0,0
MK,2025ohcl,qm,7,b2,10208,0,0,0,0,0,0,0,0,1,"38.3,37.3","tan,tap",0,0,0,0,0,3,1,1,0,0,0,1,0,0,0,0,0,0,0,0,0
RH,2025ohcl,qm,7,r2,8140,0,0,0,0,1,0,0,0,1,"47.5,16","tc2,tc2",0,0,2,0,1,0,0,0,0,0,1,1,0,0,0,0,0,1,0,0,0
ACS,2025ohcl,qm,8,r1,4145,3,0,0,0,0,0,0,0,1,"7.6,8.4,7.3,4.9,7.7,8.4,5.7,9.9,5.9,7,6.8,24.7,10.1,5.2","tc4,tan,tc3,tc3,tc2,tc2,tc3,tc3,tan,tc2,tc2,tc4,tc4,tan",3,4,4,0,0,3,0,3,0,0,1,3,0,0,0,0,1,0,0,0,0
RH,2025ohcl,qm,8,r2,10207,0,0,0,1,0,0,0,0,1,"6.7,69.7,36.9,12.2","tap,tap,tc1,tc1",0,0,0,2,0,0,2,0,1,0,1,0,0,0,0,0,0,1,0,0,0
MK,2025ohcl,qm,8,b2,4991,0,0,0,0,2,0,0,0,1,"68.6,59.5","tc2,tc4",1,0,1,0,1,3,0,0,0,0,1,1,0,0,0,0,0,0,0,0,0
ML,2025ohcl,qm,9,b1,6181,0,0,0,0,0,0,0,0,1,,{},0,0,0,0,0,0,0,0,0,0,0,1,0,0,0,0,0,0,0,0,0
ACS,2025ohcl,qm,9,r1,8713,0,0,0,0,0,0,0,0,1,,{},0,0,0,0,1,0,0,0,0,0,0,1,0,0,0,0,0,1,0,0,0,Coral got stuck in the robot
RH,2025ohcl,qm,9,r2,3260,1,0,0,0,0,0,0,0,1,,{},0,0,0,0,0,0,0,0,0,0,0,0,0,0,1,0,0,0,0,0,1,barely moved after auto
MK,2025ohcl,qm,9,b2,9622,0,0,0,0,0,0,0,0,0,,{},0,0,0,0,3,0,0,0,0,0,1,1,0,0,0,0,0,1,0,0,0,missed a lot of corals from coral stationand missed at base level
RV,2025ohcl,qm,10,b1,8393,1,0,0,0,0,0,0,0,1,"13.5,15.1,22.7,27,31.3","tc4,tc3,tc2,tap,tc3",1,2,1,0,0,2,1,0,1,1,0,1,0,0,0,0,0,0,0,0,0,climb fail
RH,2025ohcl,qm,10,r2,4269,0,0,0,0,0,0,0,0,1,"10.3,25.1,18.6,40.4,5.4,7.6,17.4","tc1,tap,tap,tc3,tc2,tc2,tc3",0,2,2,1,2,1,2,0,0,0,1,1,0,0,0,0,1,0,0,0,0
MK,2025ohcl,qm,10,b2,6964,0,0,0,0,1,0,0,0,1,"19.2,13.5,18.3,48","tc4,tc4,tc4,tc3",3,1,0,0,2,0,0,0,0,0,1,3,0,0,0,0,0,0,0,0,0
ACS,2025ohcl,qm,10,r1,10582,0,0,0,0,0,0,0,0,1,,{},0,0,0,0,1,0,0,0,0,0,0,1,0,0,0,0,0,1,0,0,0,I have no idea what happened or if it was the driver but it basically did nothing at all
MF,2025ohcl,qm,11,r2,2603,0,0,0,0,0,0,0,0,0,"4.2,9.8,3.7,15.2,19,5,5.5,11.6,7.2","tc4,tc4,tc4,tc3,tc2,tc2,tc3,tc2,tc1",3,2,3,1,0,2,0,0,0,0,0,3,0,0,0,0,1,0,0,0,0
RV,2025ohcl,qm,11,b1,3777,0,0,0,0,0,0,0,0,0,,{},0,0,0,0,0,0,0,0,0,0,0,0,0,0,0,0,0,0,0,0,1,bro didn't show up 
ACS,2025ohcl,qm,11,r1,9653,0,0,0,0,0,0,0,0,1,65.4,tc1,0,0,0,1,2,0,0,0,0,0,1,0,0,0,0,0,0,1,0,0,0
leo,2025nytr,qm,11,r3,8243,0,0,0,2,0,0,0,0,1,"14.6,16.3,41.4,9.8,7.8,17.9,25.1","tc1,tap,tc3,tc3,tc2,tc1,tc1",0,2,1,3,0,1,0,0,0,0,0,0,0,0,0,0,0,0,0
JS,2025ohcl,qm,11,b2,2172,0,0,0,0,2,0,0,0,1,"0.1,12.1,10.4,12.1,8.1,44.9","tc4,tc4,tc4,tc1,tc4,tc4",5,0,0,1,3,0,0,0,0,0,1,2,0,0,0,1,0,0,0,0,0,missed coral from reef and human station
leo,2025nytr,qm,12,r3,2252,1,0,0,0,1,0,0,0,1,"2.3,10.5,62.4,41","tc4,tc3,tc3,tc3",1,3,0,0,1,0,0,0,0,1,1,3,0,0,0,0,0,0,0
RV,2025ohcl,qm,12,b1,9545,0,0,0,0,0,0,0,0,0,"24.5,34.4","tc4,tc4",2,0,0,0,0,2,0,0,0,0,1,1,0,0,0,0,0,0,0,0,0
MF,2025ohcl,qm,12,r2,4611,2,0,0,0,1,0,0,0,0,"0.1,10.5,7.4,7.5,8.2,8.8,19.3,22.9","tan,tan,tc1,tc1,tc1,tan,tc2,tc1",0,0,1,4,2,3,0,3,0,0,0,1,0,0,0,0,1,0,0,0,0
ACS,2025ohcl,qm,12,r1,7165,0,0,0,0,0,0,0,0,1,"7.5,17,8.6,8.1,11.4,14.3,16.7,27.2,20.3","tc4,tc4,tc1,tc4,tc4,tc4,tc4,tc4,tc3",7,1,0,1,0,0,0,0,0,0,1,0,0,0,0,0,1,0,0,0,0
JS,2025ohcl,qm,12,b2,48,0,0,0,1,1,0,0,0,1,"41.2,12.9,16.7,13.4,35.2","tc4,tc4,tc1,tc4,tc1",3,0,0,2,3,0,0,0,0,0,1,3,0,0,0,0,0,1,0,0,0,missed ALOT 
leo,2025nytr,qm,13,r3,2228,2,0,0,0,0,0,0,0,1,"9.9,30.7,21.2,12.5,12.9,35.3","tc3,tan,tan,tan,tan,tc3",0,2,0,0,0,0,4,1,2,0,1,3,0,0,0,0,0,0,0
MF,2025ohcl,qm,13,r2,3173,0,0,0,0,1,0,0,0,0,"0.1,0.4,13,6.2,9.9,4,5.5,6.2,29.1,10.1,0.3,4,5.8","tc4,tc4,tc4,tc4,tap,tc3,tc3,tc4,tc3,tc2,tc2,tc2,tc3",5,4,3,0,0,1,1,0,0,0,0,3,0,0,0,0,1,0,0,0,0
ACS,2025ohcl,qm,13,r1,9643,0,0,0,0,0,0,0,0,1,"108.7,13","tc1,tc1",0,0,0,2,4,2,0,0,0,0,1,1,0,0,0,0,0,1,0,0,0
RV,2025ohcl,qm,13,b1,3484,0,0,0,0,0,0,0,0,1,11.2,tc4,1,0,0,0,0,0,0,0,0,0,1,1,0,0,0,0,0,0,0,0,0
JS,2025ohcl,qm,13,b2,1308,0,0,0,0,0,0,0,0,0,"27.6,42.5,20.6","tap,tap,tap",0,0,0,0,0,6,3,0,0,0,0,0,0,0,0,0,0,0,0,0,0
LW,2025ohcl,qm,14,r3,120,0,0,0,0,0,0,0,0,1,"48.8,14.6,12.9,23.9,20","tc4,tc3,tc4,tc4,tc4",4,1,0,0,1,0,0,0,0,0,1,3,0,0,0,0,0,0,0,0,0
MF,2025ohcl,qm,14,r2,2399,1,0,0,0,1,0,0,0,0,"0.1,7,13.1,13,6.9,19,6.1,27.2,1.2,6.8","tc4,tap,tc4,tc4,tc4,tc3,tc3,tc3,tc2,tc2",4,3,2,0,0,1,1,0,0,0,0,1,0,0,0,0,1,0,0,0,0
JS,2025ohcl,qm,14,b2,3015,1,0,0,0,0,0,0,0,1,"14.5,18.4,10.7,28.8,22.8,4.1,26.5","tan,tan,tan,tan,tan,tan,tc4",1,0,0,0,1,6,0,6,0,1,0,0,0,0,0,0,0,0,0,0,0
ACS,2025ohcl,qm,14,r1,1511,0,0,0,0,1,0,0,0,1,"11.3,32.2,31.1,31.7,7.2","tc4,tc4,tc4,tc3,tc2",3,1,1,0,3,3,0,0,0,0,1,1,0,0,0,0,1,0,0,0,0
LW,2025ohcl,qm,16,r3,7717,0,0,0,0,0,0,0,0,1,,{},0,0,0,0,0,0,0,0,0,0,0,0,0,0,1,0,0,0,1,0,0
ACS,2025ohcl,qm,15,r1,677,0,0,0,0,0,0,0,0,1,"7.8,17,25.7,28.3,10,8.2","tc4,tc4,tc2,tc2,tc2,tc2",2,0,4,0,1,0,0,0,0,0,1,1,0,0,0,0,1,0,0,0,0
RV,2025ohcl,qm,14,b1,9139,0,0,0,0,0,0,0,0,0,"41.6,53.3","tc3,tc3",0,2,0,0,0,0,0,0,0,0,1,0,0,0,0,0,0,0,0,0,0
JS,2025ohcl,qm,15,b2,3260,1,0,0,0,0,0,0,0,1,"7.3,13.7,11.7,24,27.3,1.9,11,8.1","tc4,tc4,tc4,tc4,tc1,tc1,tc1,tc1",4,0,0,4,0,0,0,0,0,1,1,3,0,0,0,0,0,0,0,0,0
LW,2025ohcl,qm,16,r3,695,1,0,0,0,2,0,0,0,0,"4.4,7.3,14.1,7.3,9,21.8,16.9,9,5.1,4.9,5.7,8.8","tc4,tc4,tc4,tc4,tc4,tc4,tc2,tc2,tc2,tc3,tc3,tc3",6,3,3,0,1,1,0,0,0,0,1,3,0,0,0,0,0,0,0,0,0
ACS,2025ohcl,qm,16,r1,7885,0,0,0,0,0,0,0,0,0,"25.6,54.4","tc4,tap",1,0,0,0,0,3,1,0,0,0,1,0,0,0,0,0,1,1,0,0,0,Mediocre driver
RH,2025ohcl,qm,16,b3,6964,0,0,0,0,0,0,0,0,1,"9.5,26.8,12.4,35.8,12.1","tc4,tan,tc4,tc4,tc4",4,0,0,0,0,1,0,1,0,0,1,3,0,0,0,0,1,0,0,0,0
MK,2025ohcl,qm,16,b2,1308,0,0,0,0,0,0,0,0,1,"7.1,20.8,11.3,71.3,8.8","tc1,tap,tap,tap,tap",0,0,0,1,0,4,4,0,0,0,0,1,0,0,0,0,0,0,0,0,0,got stuck on coral
LW,2025ohcl,qm,17,r3,3954,0,0,0,0,0,0,0,0,1,,{},0,0,0,0,0,2,0,0,1,0,0,0,0,0,0,0,0,0,0,0,0
RV,2025ohcl,qm,17,b1,3193,0,0,0,1,0,0,0,0,1,"44.3,38.9,36","tc4,tc4,tc4",3,0,0,0,0,0,0,0,0,0,1,0,0,0,0,1,0,0,0,0,0,NOTHING WORKS WELL 
MK,2025ohcl,qm,17,b2,9194,0,0,0,0,0,0,0,0,1,,{},0,0,0,0,1,1,0,0,0,0,0,0,0,0,0,1,0,1,0,0,0
RH,2025ohcl,qm,17,b3,4145,2,0,0,0,1,0,0,0,1,"9.2,7.5,13,7.2,10.6,2.7,4.7,11.6,6.4,5.5,8.5,5.8,9.6,8.4,10.6","tc4,tc4,tc4,tc3,tc3,tap,tc3,tc3,tc2,tc2,tc3,tc2,tc1,tc2,tc3",3,6,4,1,0,2,1,0,1,0,1,1,0,0,0,0,1,0,0,0,0
ACS,2025ohcl,qm,18,r1,9622,0,0,0,0,0,0,0,0,1,"10.3,59.3,35.7","tc1,tap,tc1",0,0,0,2,0,0,1,0,0,0,1,1,0,0,0,0,0,1,0,0,0
RV,2025ohcl,qm,18,b1,8145,0,0,0,0,0,0,0,0,1,"46,33.4","tc2,tc4",1,0,1,0,1,0,0,0,0,0,0,3,0,0,0,0,0,0,0,0,0
AR,2025ohcl,qm,15,r2,677,0,0,0,0,0,0,0,0,1,"4.2,23.7,28.2,0.6,0.4,11","tc4,tc2,tc1,tc1,tc2,tc2",1,0,3,2,3,0,0,0,0,0,0,1,0,0,0,0,0,0,0,0,0
AR,2025ohcl,qm,16,r2,3015,1,0,0,0,0,0,0,0,1,"13.3,19,41.8","tc4,tc3,tc3",1,2,0,0,0,0,0,0,0,1,0,3,0,0,0,0,0,0,0,0,1
AR,2025ohcl,qm,17,r2,5740,0,0,0,0,0,0,0,0,1,"9.3,90.4","tc4,tc4",2,0,0,0,0,1,0,0,0,0,1,1,0,0,0,0,0,0,0,0,1,can't get coral well from pickup station
AR,2025ohcl,qm,18,r2,8140,0,0,0,1,0,0,0,0,1,"20,4,7.6,24.6,33.7,26.1,13","tc1,tc2,tc2,tc3,tc3,tc2,tc2",0,2,4,1,2,0,0,0,0,0,1,0,0,0,0,0,0,1,0,0,0
RH,2025ohcl,qm,18,b3,9767,0,0,0,0,0,0,0,0,1,117.7,tap,0,0,0,0,0,1,1,0,0,0,0,0,0,0,0,0,0,1,0,0,1,"failed to pick up any algae until very end, loose piece"
MK,2025ohcl,qm,18,b2,4121,0,0,0,0,1,0,0,0,1,"1.5,1.2,21.6,20,23","tc1,tc1,tc4,tc4,tc4",3,0,0,2,0,0,0,0,0,0,1,1,0,0,0,0,0,0,0,0,0,missed a few coral but got lucky and dropped into L1
ACS,2025ohcl,qm,19,r1,8222,0,0,0,0,0,0,0,0,1,"6.3,9.7,40.5","tc4,tc4,tc4",3,0,0,0,1,0,0,0,0,0,1,3,0,0,0,0,1,0,0,0,0
LW,2025ohcl,qm,18,r3,10207,0,0,0,1,0,0,0,0,1,"27.9,26.7,39.7,29.4","tap,tap,tc1,tc1",0,0,0,2,0,0,2,0,0,0,1,0,0,0,0,0,0,0,0,0,0,average kitbot activities
ACS,2025ohcl,qm,20,r1,4085,0,0,0,0,0,0,0,0,0,"66.4,17.2,24.2","tc4,tc4,tc3",2,1,0,0,2,0,0,0,0,0,1,0,0,0,0,0,1,1,0,0,0,Mediocre driver
RH,2025ohcl,qm,20,b3,9545,0,0,0,0,0,0,0,0,0,"20,78.1,21","tc4,tc1,tc1",1,0,0,2,0,0,0,0,0,0,1,0,0,0,0,1,0,1,0,0,0
MK,2025ohcl,qm,20,b2,2399,0,0,0,1,0,0,0,0,1,"35.4,12.1","tap,tc1",0,0,0,1,1,2,1,0,0,0,1,1,0,0,0,0,0,0,0,0,0
JS,2025ohcl,qm,20,r3,8243,0,0,0,1,0,0,0,0,1,"73.4,34.1","tc1,tc1",0,0,0,2,0,1,0,0,0,0,1,1,0,0,0,0,0,0,0,0,0,"data not fully complete, missed some of beggining"
ACS,2025ohcl,qm,21,r1,10208,0,0,0,0,0,0,0,0,1,"22,14.1,21.2","tap,tap,tan",0,0,0,0,0,0,2,1,1,0,0,1,0,0,0,0,0,0,0,0,0,Okay driver
RV,2025ohcl,qm,21,r3,48,0,0,0,0,0,0,0,0,1,"1.2,24.2,18.8,16.8,12.4,26.6,9.3","tc1,tc4,tc4,tc4,tc1,tc4,tc2",4,0,1,2,3,0,0,0,0,0,1,0,0,0,0,0,0,0,0,0,0
ML,2025ohcl,qm,21,b1,4269,0,0,0,0,0,0,0,0,1,"42.9,13.9,15.6,15.9,17.8","tc3,tc3,tc2,tap,tap",0,2,1,0,0,2,2,0,1,0,1,0,0,0,0,0,0,0,0,0,0
mf,2025ohcl,qm,21,b3,3173,2,0,0,0,0,0,0,0,0,"0.1,0.4,0.5,1.1,0.2,6.5,2.4,2.3,12.1,6.3,16.1,22,0.2,7.7,1.3","tc3,tc3,tc3,tc4,tc4,tc3,tc4,tc4,tc4,tc4,tc2,tc2,tc2,tan,tan",6,4,3,0,0,1,0,2,0,0,0,3,0,0,0,0,1,0,0,0,0
JS,2025ohcl,qm,20,b2,2603,1,0,0,0,1,0,0,0,1,"7.6,9.7,21.4,10.3,9.6,9.5,19.6,10.5,8","tc4,tc3,tc3,tc2,tc2,tc4,tc2,tc4,tc2",3,2,4,0,0,0,0,0,0,0,1,3,0,0,0,0,0,0,0,0,0
mf,2025ohcl,qm,22,b3,120,0,0,0,0,0,0,0,0,0,"0.1,8.8,22.9,9.5,12,15,9.7,20.8","tc4,tc4,tc4,tc4,tc4,tc1,tc4,tc4",7,0,0,1,3,0,0,0,0,0,0,3,0,0,0,0,1,0,0,0,0
JS,2025ohcl,qm,21,b2,7717,0,0,0,0,0,0,0,0,1,"2.6,22.5","tc1,tan",0,0,0,1,0,3,0,1,0,0,0,1,0,0,0,0,0,0,0,0,0,slowwwwwww
RV,2025ohcl,qm,22,r3,9643,0,0,0,0,0,0,0,0,1,,{},0,0,0,0,0,1,0,0,0,0,0,0,0,0,1,0,0,0,0,0,1,stuck on algae
ML,2025ohcl,qm,22,b1,7165,0,0,0,0,0,0,0,0,1,"7.9,16.6,23.6,12.5,14,34.6,10.7","tc4,tc4,tc4,tc4,tc4,tc3,tc3",5,2,0,0,2,0,0,0,0,0,1,1,0,0,0,0,0,0,0,0,0
RV,2025ohcl,qm,23,r3,4991,1,0,0,1,0,0,0,0,1,"40.8,30.6,5.6,21.5,28.1","tc2,tc3,tap,tc3,tc3",0,3,1,0,1,1,1,0,0,0,1,0,0,0,0,0,0,0,0,0,0
mf,2025ohcl,qm,23,b3,3193,1,0,0,0,0,0,0,0,0,"0.1,52.3,1.5","tc4,tc1,tc4",2,0,0,1,2,1,0,0,0,0,1,1,0,0,0,1,0,1,0,0,1,almost completely toppled over because of weight 
JS,2025ohcl,qm,22,b2,1511,0,0,0,0,1,0,0,0,1,"13.6,9,40.8,12.3,19.7","tc4,tc4,tc4,tc4,tc3",4,1,0,0,2,1,0,0,1,0,1,1,0,0,0,0,0,0,0,0,0
ML,2025ohcl,qm,23,b1,4611,2,0,0,0,0,0,0,0,1,"8.5,4.7,6.8,27.6,4.8,13,22.6","tc1,tc1,tc1,tc1,tc1,tan,tc1",0,0,0,6,4,1,0,1,0,0,1,3,0,0,0,0,0,0,0,0,0
AR,2025ohcl,qm,24,b3,9653,0,0,0,0,0,0,0,0,1,"6.2,13.1,40.3","tc1,tc1,tc1",0,0,0,3,0,0,0,0,0,1,1,1,0,0,0,0,0,1,0,0,0
Owen,2025ohcl,qm,24,r1,4121,0,0,0,0,1,0,0,0,0,,{},0,0,0,0,0,0,0,0,0,0,0,1,0,0,0,0,0,1,0,1,1,spun around alot
ML,2025ohcl,qm,24,b1,9139,0,0,0,0,0,0,0,0,0,75,tc4,1,0,0,0,1,1,0,0,0,0,1,0,0,0,0,0,0,0,0,0,0
JS,2025ohcl,qm,23,b2,3954,0,0,0,0,0,0,0,0,1,"20.8,71.4,11.8,21.1","tc1,tap,tap,tc2",0,0,1,1,2,2,2,0,0,0,1,0,0,0,0,0,0,0,0,0,0
RV,2025ohcl,qm,24,r3,9622,0,0,0,0,0,0,0,0,1,"58,47.5,14.4","tap,tc1,tc1",0,0,0,2,1,0,1,0,0,0,1,1,0,0,0,0,0,0,0,0,0
AR,2025ohcl,qm,25,b3,1308,0,0,0,0,0,0,0,0,1,"21.9,20.3,18.3,25.9,15.3","tap,tap,tap,tap,tap",0,0,0,0,0,1,5,0,1,0,0,1,0,0,0,0,1,0,0,0,0
AR,2025ohcl,qm,25,r1,3260,1,0,0,0,0,0,0,0,0,"0.1,12.3,13.9,41.9,13.4,12.7","tc4,tc4,tc4,tc3,tc4,tc4",5,1,0,0,1,0,0,0,0,0,1,1,0,0,0,0,1,0,0,0,0
ML,2025ohcl,qm,25,b1,5740,1,0,0,0,0,0,0,0,1,"21,24.4,8.6,21.3","tc4,tc4,tc3,tap",2,1,0,0,0,2,1,0,1,0,1,3,0,0,0,0,0,0,0,0,0
JS,2025ohcl,qm,25,b2,2172,0,0,0,0,1,0,0,0,1,"16.2,11.2,17.6,24,14.2,33.7","tc4,tc4,tc4,tc4,tc4,tc4",6,0,0,0,1,0,0,0,0,0,1,3,0,0,0,0,0,0,0,0,0
RV,2025ohcl,qm,25,r3,10582,0,0,0,0,0,0,0,0,1,"68.1,25.7","tap,tap",0,0,0,0,1,0,2,0,1,0,1,1,0,0,0,0,0,0,0,0,0
AR,2025ohcl,qm,26,b3,128,0,0,0,0,0,0,0,0,0,"17.6,44.5","tc4,tc4",2,0,0,0,3,0,0,0,0,0,1,1,0,0,0,0,0,0,0,0,0
AR,2025ohcl,qm,26,r1,291,0,0,0,0,0,0,0,0,0,,{},0,0,0,0,1,4,0,0,4,0,0,1,0,0,0,1,0,1,0,0,0
ML,2025ohcl,qm,26,b1,3015,1,0,0,0,0,0,0,0,1,"16.6,6,12.1,11.7,29.1,12.4,23.9","tan,tan,tan,tan,tan,tan,tan",0,0,0,0,0,6,0,7,3,0,0,0,0,0,0,0,0,0,0,0,0
JS,2025ohcl,qm,26,b2,8713,0,0,0,0,1,0,0,0,1,,{},0,0,0,0,2,0,0,0,0,0,1,1,0,0,0,0,0,0,0,0,1,"could not score kitbot level L1s, crossed thru red barge, got penalty all for a single algae they could not score"
RV,2025ohcl,qm,26,r3,8140,0,0,0,0,0,0,0,0,1,"105.5,18.1","tc1,tc3",0,1,0,1,1,0,0,0,0,0,1,0,0,0,0,0,0,0,0,0,0
ML,2025ohcl,qm,27,b1,4601,0,0,0,1,0,0,0,0,1,"17.1,16.8,46.3,22.7","tc4,tc4,tc4,tc4",4,0,0,0,3,0,0,0,0,0,1,1,0,0,0,0,0,0,0,0,0
AR,2025ohcl,qm,27,b3,4145,1,0,0,0,0,0,0,0,1,"13.5,10.5,9.4,2.9,7.4,10.1,5,5.4,7.1,6.8,7.4,6.7,7.2,12.8,7.3","tc4,tc4,tap,tc4,tc3,tc3,tap,tc3,tc3,tc2,tc2,tc2,tc2,tap,tan",3,4,4,0,2,3,3,1,0,0,0,3,0,0,0,0,1,0,0,0,0
AR,2025ohcl,qm,27,r1,6964,0,0,0,0,1,0,0,0,0,"0.1,36.2,28.5","tan,tan,tc3",0,1,0,0,1,3,0,2,1,0,1,1,0,0,0,0,0,1,0,0,0
RV,2025ohcl,qm,27,r3,6181,0,0,0,0,0,0,0,0,1,"30.1,51.1","tc3,tc3",0,2,0,0,0,0,0,0,1,0,1,0,0,0,1,0,0,0,0,0,1,stuck on algae
JS,2025ohcl,qm,27,b2,8718,0,0,0,0,0,0,0,0,0,,,0,0,0,0,1,0,0,0,0,0,0,1,0,0,0,0,0,1,0,0,0
ML,2025ohcl,qm,28,b1,10207,0,0,0,1,0,0,0,0,1,"30.3,18.4,14.7,25.6,13,8.9,20.6","tap,tap,tc1,tc1,tc1,tc1,tap",0,0,0,4,2,0,3,0,0,0,1,0,0,0,0,0,0,0,0,0,0
JS,2025ohcl,qm,28,b2,10303,0,0,0,0,0,0,0,0,0,,,0,0,0,0,0,0,0,0,0,0,0,1,0,0,0,0,0,0,0,0,1,failed station pickup and algae intake 
RV,2025ohcl,qm,28,r3,9194,0,0,0,0,0,0,0,0,1,30.9,tc3,0,1,0,0,0,2,0,0,1,0,0,0,0,0,0,0,0,0,0,0,0
AR,2025ohcl,qm,28,b3,3777,0,0,0,0,0,0,0,0,0,,{},0,0,0,0,0,0,0,0,0,0,0,0,0,0,0,0,0,0,0,0,1,not here
AR,2025ohcl,qm,29,b3,4269,0,0,0,0,0,0,0,0,0,"28.8,8.7,8.9,34.5","tc3,tc3,tc3,tc3",0,4,0,0,1,0,0,0,0,0,0,0,0,0,0,0,0,0,0,0,0
AR,2025ohcl,qm,29,r1,2399,1,0,0,0,1,0,0,0,0,"0.1,7.5,11.9,9.4,10.4,26.3,19.2","tc4,tc4,tc4,tc3,tc3,tc2,tc3",3,3,1,0,2,1,0,0,1,0,1,3,0,0,0,0,1,0,0,0,0
ML,2025ohcl,qm,29,b1,2228,2,0,0,0,0,0,0,0,1,"5.8,11.8,11.9,16.7,33.9,16.6,19.3","tc4,tc4,tc4,tc4,tc4,tc4,tc4",7,0,0,0,0,0,0,0,0,0,1,3,0,0,0,1,0,0,0,0,0
JS,2025ohcl,qm,29,b2,7717,0,0,0,0,0,0,0,0,1,107.1,tc3,0,1,0,0,1,2,0,0,2,0,1,0,0,0,0,0,0,0,0,0,0
RV,2025ohcl,qm,29,r3,2603,0,0,0,0,1,0,0,0,1,"47.6,30,12.1,18.1","tc4,tc4,tc4,tc2",3,0,1,0,2,2,0,0,0,0,1,3,0,0,0,0,0,0,0,0,0
ML,2025ohcl,qm,30,b1,695,3,0,0,0,0,0,0,0,1,"6.8,5,7.7,6.5,7.3,10.6,9.1,8.7,7.6,5.2,1.6,8,21.4,9.2,6.2","tc4,tc4,tc4,tc4,tc4,tc4,tc4,tc4,tc3,tc3,tc3,tc4,tc3,tc3,tc2",9,5,1,0,0,0,0,0,0,0,1,3,0,0,0,0,0,0,0,0,0
JS,2025ohcl,qm,30,b2,8222,0,0,0,0,0,0,0,0,1,,{},0,0,0,0,1,3,0,0,0,0,0,3,0,0,0,0,0,0,0,0,0,climbed at 1 min left
RV,2025ohcl,qm,30,r3,1511,0,0,0,0,1,0,1,1,1,"14.5,11.5,10.1,12.2,14.5,16.4,13.7,12.6,27.9","tc4,tc4,tc4,tc4,tc4,tc3,tan,tc3,tan",5,2,0,0,0,2,0,2,0,0,1,1,0,0,0,0,1,0,0,0,0
mf,2025ohcl,qm,30,b3,4121,1,0,0,0,1,0,0,0,0,"0.1,11.5,18.5,16.9,3.1,35.9","tc3,tc3,tc2,tc1,tc2,tc2",0,2,3,1,0,0,0,0,0,0,1,3,0,0,0,0,1,0,0,0,0
JS,2025ohcl,qm,31,b2,7165,0,0,0,0,0,0,0,0,1,"0.1,9.1,23.9,11.9,11.8,10.8,39,2.5,10.6","tc4,tc4,tc4,tc4,tc4,tc3,tc4,tc3,tc4",7,2,0,0,1,0,0,0,0,0,1,0,0,0,0,0,0,0,0,0,0
rh,2025ohcl,qm,31,r1,9767,0,0,0,0,0,0,0,0,1,92.5,tap,0,0,0,0,0,2,1,0,0,0,0,0,0,0,0,0,0,1,0,0,1,stuck on algae
mf,2025ohcl,qm,31,b3,8393,0,0,0,0,0,0,0,0,0,"0.1,3.2","tc3,tc1",0,1,0,1,2,0,0,0,0,0,1,0,0,0,0,1,0,1,0,0,1,almost collapsed 
RV,2025ohcl,qm,31,r3,9653,0,0,0,0,0,0,0,0,1,"77,20.8","tc1,tc1",0,0,0,2,2,0,0,0,0,0,1,1,0,0,0,0,0,0,0,0,0
ML,2025ohcl,qm,31,b1,10208,0,0,0,0,0,0,0,0,0,22.5,tan,0,0,0,0,0,3,0,1,1,0,0,1,0,0,0,0,0,0,0,0,0
mf,2025ohcl,qm,33,b3,9622,0,0,0,0,0,0,0,0,0,"0.1,45.8,13.9","tc1,tc2,tap",0,0,1,1,1,0,1,0,0,0,0,1,0,0,0,0,0,1,0,0,0
rh,2025ohcl,qm,32,r1,4611,1,0,0,0,2,0,0,0,1,"7.9,4.9,11.3,15.5,13.6,7.5,7.6,7.1,6.7,19.1,6.7","tan,tc4,tc4,tc4,tc3,tc3,tc3,tc2,tc2,tc2,tc2",3,3,4,0,2,2,0,1,1,0,1,1,0,0,0,0,1,0,0,0,0
JS,2025ohcl,qm,32,b2,9643,0,0,0,0,0,0,0,0,1,"7.2,4.9","tc1,tc1",0,0,0,2,1,2,0,0,0,0,0,0,0,0,0,0,0,0,0,0,0
RV,2025ohcl,qm,32,r3,5740,1,0,0,0,0,1,0,1,1,"22.2,16.2,11.1,25.9,23.9,12.4","tc4,tc4,tc4,tc3,tc3,tc1",3,2,0,1,0,1,0,0,0,0,1,3,0,0,0,0,0,0,0,0,0
ML,2025ohcl,qm,32,b1,677,0,0,0,0,1,0,0,0,1,"29.6,6.4,14.3,12.6,29","tc1,tc1,tc4,tc4,tc1",2,0,0,3,5,0,0,0,0,0,1,1,0,0,0,0,0,0,0,0,0
JS,2025ohcl,qm,33,b2,8243,0,0,0,0,1,0,0,0,1,"15.7,34.4,15.2,9.9,9.5,16.6,10.7,14.9","tc3,tc3,tc3,tc2,tc2,tc3,tc3,tc1",0,5,2,1,0,3,0,0,0,0,1,1,0,0,0,0,0,0,0,0,0
mf,2025ohcl,qm,33,b3,3260,1,0,0,0,0,0,0,0,1,"6.5,10.4,11.4,7.8","tc4,tc4,tc4,tc4",4,0,0,0,1,0,0,0,0,0,1,1,0,0,0,0,0,0,0,0,0
RV,2025ohcl,qm,33,r3,8718,0,0,0,0,0,0,0,0,0,,{},0,0,0,0,0,0,0,0,0,0,0,1,0,0,0,0,0,0,0,0,0
ML,2025ohcl,qm,33,b1,128,0,0,0,0,0,0,0,0,1,,{},0,0,0,0,1,0,0,0,0,0,1,1,1,0,0,0,0,0,0,0,0
rh,2025ohcl,qm,34,r1,6964,0,0,0,0,2,0,0,0,1,"25.5,22.3,16,13","tan,tc4,tan,tc4",2,0,0,0,0,2,0,2,1,0,1,3,0,0,0,0,0,1,0,0,0
mf,2025ohcl,qm,34,b3,8713,0,0,0,0,0,0,0,0,0,"18.1,41.4,5.3,17.8,34","tc1,tc1,tc1,tc1,tc1",0,0,0,5,0,0,0,0,1,0,1,1,0,0,0,0,0,1,0,0,0
JS,2025ohcl,qm,34,b2,10207,0,0,0,1,0,0,0,0,1,"4.9,9.7,4.9,7.9,11.1,14.1,25.3,15.9","tc1,tc1,tc1,tc1,tc1,tc1,tc1,tap",0,0,0,7,0,0,1,0,0,0,0,1,0,1,0,0,1,0,0,0,0
ML,2025ohcl,qm,34,b1,120,0,0,0,0,0,0,0,0,1,"9.7,19.1,12.4,19.3,25.4,14.4,21.1","tc4,tc4,tc4,tc4,tc4,tc4,tc4",7,0,0,0,1,0,0,0,0,0,1,1,0,0,0,0,0,0,0,0,0
JS,2025ohcl,qm,35,b2,5413,0,0,0,0,1,0,0,0,1,"10.5,19.1,14.8,14.3,18.1,13.4","tc4,tc4,tc4,tc4,tc1,tc3",4,1,0,1,0,0,0,0,0,0,0,3,0,0,0,0,0,0,0,0,0
rh,2025ohcl,qm,35,r1,9194,0,0,0,0,0,0,0,0,1,13.5,tc4,1,0,0,0,0,3,0,0,2,0,0,1,0,0,0,0,0,1,0,0,0
MF,2025ohcl,qm,35,b3,3015,3,0,0,0,0,0,0,0,0,"0.1,2.8,6.8,11.4,50.3,23.5,6,7.3","tap,tap,tc3,tc3,tc2,tc1,tc1,tc1",0,2,1,3,0,2,2,0,0,1,1,1,0,0,1,0,1,0,0,0,1,froze once in a while
ML,2025ohcl,qm,35,b1,1308,0,0,0,0,0,0,0,0,1,"4.2,65.7,22.5,16.6","tc1,tap,tap,tap",0,0,0,1,0,4,3,0,0,0,1,0,0,0,0,0,0,0,0,0,0
RV,2025ohcl,qm,35,r3,9545,0,0,0,0,0,0,0,0,0,"32.5,38.5","tc4,tc4",2,0,0,0,1,0,0,0,0,0,1,0,0,0,0,0,0,0,0,0,0
JS,2025ohcl,qm,36,b2,3484,0,0,0,1,0,0,0,0,1,"10.2,63.9,13.2,21.6","tc4,tc4,tc4,tc4",4,0,0,0,3,2,0,0,0,0,1,0,0,0,0,0,0,0,0,0,0
MF,2025ohcl,qm,36,b3,2252,1,0,1,0,0,0,0,0,0,"0.1,0.1,2,2.8,0.8,7.3,0.7","tc4,tc4,tc4,tc3,tc3,tc4,tc4",5,2,0,0,0,0,0,0,0,0,1,1,0,0,0,1,1,0,0,0,0
ML,2025ohcl,qm,36,b1,8140,0,0,0,0,1,0,0,0,1,"56.7,12,8.3,16.3","tc3,tc3,tc2,tc2",0,2,2,0,4,0,0,0,0,0,1,0,0,0,0,0,0,0,0,0,0
RV,2025ohcl,qm,36,r3,1559,0,0,0,0,1,0,0,0,1,"21.1,23,16.2,39.7,15.1","tc4,tc4,tc4,tc4,tc3",4,1,0,0,1,0,0,0,0,0,1,1,0,0,0,0,0,0,0,0,0
rh,2025ohcl,qm,36,r1,2399,0,0,0,1,0,0,0,0,1,"1.8,0.2,0.4,0.9,2.5,22.6,9,6.7,7.6,7.1","tc4,tc4,tc4,tc1,tc4,tc4,tc3,tc3,tc2,tc2",5,2,2,1,0,0,0,0,0,0,1,3,0,0,0,0,1,0,0,0,0
RV,2025ohcl,qm,37,r3,7885,0,0,0,0,0,0,0,0,0,,{},0,0,0,0,1,1,0,0,1,0,0,1,0,0,0,0,0,1,0,0,0
ML,2025ohcl,qm,37,b1,291,0,0,0,0,0,0,0,0,1,"33.4,25.1,11.4","tc3,tc1,tc3",0,2,0,1,0,2,0,0,0,0,1,1,0,0,0,0,0,0,0,0,0
rh,2025ohcl,qm,37,r1,2172,0,0,0,0,2,0,0,0,0,"12.4,10,20.5,14.9,14.7,14.5,10.2,14.5","tc4,tc4,tc4,tc4,tc4,tc4,tc4,tc4",8,0,0,0,0,0,0,0,0,0,1,3,0,0,0,0,1,0,0,0,0
MF,2025ohcl,qm,37,b3,8145,0,0,0,0,0,0,0,0,0,"0.1,75.8","tc4,tc4",2,0,0,0,3,0,0,0,0,0,1,3,0,0,0,0,0,0,0,0,1,kept flinging coral around also couldn't pick up the coral
np,2025ohcl,qm,37,b2,4145,2,0,0,0,1,0,0,0,1,"12.4,10.6,4.3,7,17.6,27.3,0.5,9,4.3,17","tc4,tap,tc3,tc3,tc1,tc2,tc2,tap,tc2,tap",1,2,3,1,1,1,3,0,0,0,1,3,0,0,0,0,1,0,0,0,0
RV,2025ohcl,qm,38,r3,3193,0,0,0,0,1,0,0,0,1,"52.2,23.7","tan,tan",0,0,0,0,0,2,0,2,0,0,0,1,0,0,0,0,0,1,0,0,0
ML,2025ohcl,qm,38,b1,6181,0,0,0,0,0,0,0,0,1,"19.7,76.8","tc3,tan",0,1,0,0,1,2,0,1,1,0,1,1,0,0,0,0,0,0,0,0,0
rh,2025ohcl,qm,38,r1,10303,0,0,0,0,0,0,0,0,1,"8.5,1.2,75.7,25.1,22.2","tc2,tc2,tc3,tc3,tc1",0,2,2,1,0,0,0,0,0,0,1,0,0,0,0,0,0,1,0,0,0
np,2025ohcl,qm,38,b2,1405,1,0,0,1,0,0,0,0,1,"18,8.9,11","tc4,tc4,tc1",2,0,0,1,1,2,0,0,0,0,1,3,0,0,0,0,0,0,0,0,0
