JS,2025ohcl,qm,2,b2,9194
JS,2025ohcl,qm,1,b2,4269
ML,2025ohcl,qm,2,b1,3173
JS,2025ohcl,qm,3,b2,9767
RV,2025ohcl,qm,3,r2,9545
ML,2025ohcl,qm,3,b1,4050
ML,2025ohcl,qm,4,b1,3173
RV,2025ohcl,qm,4,r2,4611
JS,2025ohcl,qm,4,b2,8393
JS,2025ohcl,qm,5,b2,10303
ML,2025ohcl,qm,5,b1,3954
RV,2025ohcl,qm,5,r2,291
MK,2025ohcl,qm,6,b2,9139
ML,2025ohcl,qm,6,b1,4085
ML,2025ohcl,qm,7,b1,7885
MK,2025ohcl,qm,7,b2,10208
RH,2025ohcl,qm,7,r2,8140
ACS,2025ohcl,qm,8,r1,4145
RH,2025ohcl,qm,8,r2,10207
MK,2025ohcl,qm,8,b2,4991
ML,2025ohcl,qm,9,b1,6181
ACS,2025ohcl,qm,9,r1,8713
RH,2025ohcl,qm,9,r2,3260
MK,2025ohcl,qm,9,b2,9622
RV,2025ohcl,qm,10,b1,8393
RH,2025ohcl,qm,10,r2,4269
MK,2025ohcl,qm,10,b2,6964
ACS,2025ohcl,qm,10,r1,10582
MF,2025ohcl,qm,11,r2,2603
RV,2025ohcl,qm,11,b1,3777
ACS,2025ohcl,qm,11,r1,9653
leo,2025nytr,qm,11,r3,8243
JS,2025ohcl,qm,11,b2,2172
leo,2025nytr,qm,12,r3,2252
RV,2025ohcl,qm,12,b1,9545
MF,2025ohcl,qm,12,r2,4611
ACS,2025ohcl,qm,12,r1,7165
JS,2025ohcl,qm,12,b2,48
leo,2025nytr,qm,13,r3,2228
MF,2025ohcl,qm,13,r2,3173
ACS,2025ohcl,qm,13,r1,9643
RV,2025ohcl,qm,13,b1,3484
JS,2025ohcl,qm,13,b2,1308
LW,2025ohcl,qm,14,r3,120
MF,2025ohcl,qm,14,r2,2399
JS,2025ohcl,qm,14,b2,3015
ACS,2025ohcl,qm,14,r1,1511
LW,2025ohcl,qm,16,r3,7717
ACS,2025ohcl,qm,15,r1,677
RV,2025ohcl,qm,14,b1,9139
JS,2025ohcl,qm,15,b2,3260
LW,2025ohcl,qm,16,r3,695
ACS,2025ohcl,qm,16,r1,7885
RH,2025ohcl,qm,16,b3,6964
MK,2025ohcl,qm,16,b2,1308
LW,2025ohcl,qm,17,r3,3954
RV,2025ohcl,qm,17,b1,3193
MK,2025ohcl,qm,17,b2,9194
RH,2025ohcl,qm,17,b3,4145
ACS,2025ohcl,qm,18,r1,9622
RV,2025ohcl,qm,18,b1,8145
AR,2025ohcl,qm,15,r2,677
AR,2025ohcl,qm,16,r2,3015
AR,2025ohcl,qm,17,r2,5740
AR,2025ohcl,qm,18,r2,8140
RH,2025ohcl,qm,18,b3,9767
MK,2025ohcl,qm,18,b2,4121
ACS,2025ohcl,qm,19,r1,8222
LW,2025ohcl,qm,18,r3,10207
ACS,2025ohcl,qm,20,r1,4085
RH,2025ohcl,qm,20,b3,9545
MK,2025ohcl,qm,20,b2,2399
JS,2025ohcl,qm,20,r3,8243
ACS,2025ohcl,qm,21,r1,10208
RV,2025ohcl,qm,21,r3,48
ML,2025ohcl,qm,21,b1,4269
mf,2025ohcl,qm,21,b3,3173
JS,2025ohcl,qm,20,b2,2603
mf,2025ohcl,qm,22,b3,120
JS,2025ohcl,qm,21,b2,7717
RV,2025ohcl,qm,22,r3,9643
ML,2025ohcl,qm,22,b1,7165
RV,2025ohcl,qm,23,r3,4991
mf,2025ohcl,qm,23,b3,3193
JS,2025ohcl,qm,22,b2,1511
ML,2025ohcl,qm,23,b1,4611
AR,2025ohcl,qm,24,b3,9653
Owen,2025ohcl,qm,24,r1,4121
ML,2025ohcl,qm,24,b1,9139
JS,2025ohcl,qm,23,b2,3954
RV,2025ohcl,qm,24,r3,9622
AR,2025ohcl,qm,25,b3,1308
AR,2025ohcl,qm,25,r1,3260
ML,2025ohcl,qm,25,b1,5740
JS,2025ohcl,qm,25,b2,2172
RV,2025ohcl,qm,25,r3,10582
AR,2025ohcl,qm,26,b3,128
AR,2025ohcl,qm,26,r1,291
ML,2025ohcl,qm,26,b1,3015
JS,2025ohcl,qm,26,b2,8713
RV,2025ohcl,qm,26,r3,8140
ML,2025ohcl,qm,27,b1,4601
AR,2025ohcl,qm,27,b3,4145
AR,2025ohcl,qm,27,r1,6964
RV,2025ohcl,qm,27,r3,6181
JS,2025ohcl,qm,27,b2,8718
ML,2025ohcl,qm,28,b1,10207
JS,2025ohcl,qm,28,b2,10303
RV,2025ohcl,qm,28,r3,9194
AR,2025ohcl,qm,28,b3,3777
AR,2025ohcl,qm,29,b3,4269
AR,2025ohcl,qm,29,r1,2399
ML,2025ohcl,qm,29,b1,2228
JS,2025ohcl,qm,29,b2,7717
RV,2025ohcl,qm,29,r3,2603
ML,2025ohcl,qm,30,b1,695
JS,2025ohcl,qm,30,b2,8222
RV,2025ohcl,qm,30,r3,1511
mf,2025ohcl,qm,30,b3,4121
JS,2025ohcl,qm,31,b2,7165
rh,2025ohcl,qm,31,r1,9767
mf,2025ohcl,qm,31,b3,8393
RV,2025ohcl,qm,31,r3,9653
ML,2025ohcl,qm,31,b1,10208
mf,2025ohcl,qm,33,b3,9622
rh,2025ohcl,qm,32,r1,4611
JS,2025ohcl,qm,32,b2,9643
RV,2025ohcl,qm,32,r3,5740
ML,2025ohcl,qm,32,b1,677
JS,2025ohcl,qm,33,b2,8243
mf,2025ohcl,qm,33,b3,3260
RV,2025ohcl,qm,33,r3,8718
ML,2025ohcl,qm,33,b1,128
rh,2025ohcl,qm,34,r1,6964
mf,2025ohcl,qm,34,b3,8713
JS,2025ohcl,qm,34,b2,10207
ML,2025ohcl,qm,34,b1,120
JS,2025ohcl,qm,35,b2,5413
rh,2025ohcl,qm,35,r1,9194
MF,2025ohcl,qm,35,b3,3015
ML,2025ohcl,qm,35,b1,1308
RV,2025ohcl,qm,35,r3,9545
JS,2025ohcl,qm,36,b2,3484
MF,2025ohcl,qm,36,b3,2252
ML,2025ohcl,qm,36,b1,8140
RV,2025ohcl,qm,36,r3,1559
rh,2025ohcl,qm,36,r1,2399
RV,2025ohcl,qm,37,r3,7885
ML,2025ohcl,qm,37,b1,291
rh,2025ohcl,qm,37,r1,2172
MF,2025ohcl,qm,37,b3,8145
np,2025ohcl,qm,37,b2,4145
RV,2025ohcl,qm,38,r3,3193
ML,2025ohcl,qm,38,b1,6181
rh,2025ohcl,qm,38,r1,10303
np,2025ohcl,qm,38,b2,1405
