Scouter Name,Event,Match Level,Match #,Robot,Team #,Auto Start Location,Auto Amp Scores,Auto Scoring Locations,Auto Pickup Locations,Cycle Timer,Teleop Scoring Locations,Teleop Missing Locations,Teleop Amp Scores,Pickup From Floor,Pickup From Source,Played Defense,Died,Tippy,Dropped Notes,Yellow Card,Egregiously Bad Event,Comment
mv,2024flwp,qm,1,r3,9725,24,0,118,,"54,34.1","118,119","47,118",0,0,1,0,0,0,0,0,1,"free rp for other team, dodged defence by running into other team repeatedly, did t play we"
nv,2024flwp,qm,1,r1,2383,12,0,,,,,"93,93,213",0,1,0,0,0,0,0,0,1,ripped a note in haf
ls,2024flwp,qm,1,b1,744,13,0,,,23.3,a,,1,1,0,1,0,0,0,0,0,very slow st picking up and placing- can only score in anp- kinda ate at defense
ja,2024flwp,qm,1,b3,4458,25,0,"99,75","4,7","13.8,13.2,7.2,8.6,27.2","101,102,99,99,102",,0,1,1,0,0,0,0,0,0,
ZS,2024flwp,qm,1,b2,806,37,0,,,,,97,0,1,0,1,0,0,0,0,0,tried to climb but unsuccessful 
bo,2024flwp,qm,1,r2,9040,36,0,,,48,a,,1,0,1,0,0,0,0,0,0,"only amp scoring working, looks like intended to score on speaker too"
mg,2024flwp,qm,2,r3,6686,36,0,,,,,,0,0,0,0,1,0,0,0,0,got hit once and died inside the station rthe over team
nv,2024flwp,qm,2,r1,348,60,0,,,,,"118,94",0,0,1,0,0,0,0,0,0,
ja,2024flwp,qm,2,b3,4388,13,0,,,"4,26.4,46.8,14.9","98,99,99,74",97,0,1,1,0,0,0,1,0,0,can only score from one locatu
bo,2024flwp,qm,2,r2,8861,12,0,,,,,,0,0,0,0,1,0,0,0,0,"immobilized at source,"
ZS,2024flwp,qm,2,b2,6743,25,0,"98,98",421,"24.8,16.3,19.7,9.4,27.7","122,a,a,74,98,98","121,170",2,1,0,0,0,0,0,0,0,only one amp score. Misclick. 
ls,2024flwp,qm,2,b1,9404,37,0,,,102.1,980,,0,0,1,0,0,0,0,0,0,bad at scoring- can't pick up from the ground
mg,2024flwp,qm,3,r3,7833,,0,,,,,,0,0,0,0,0,0,0,0,0,not here
nv,2024flwp,qm,3,r1,5410,60,0,,,67.8,95,"119,119,118",0,1,0,1,0,0,0,0,0,
ja,2024flwp,qm,3,b3,8817,49,0,,,"22.9,5.4,29.1,15.6","98,98,98,99","99,98",0,0,1,0,0,0,0,0,0,
bo,2024flwp,qm,3,r2,59,12,0,,,"5.9,7.7,8.7,4,3.3,4.5,6.2,13.9,19.7,58.7","94,117,118,117,117,117,117,117,142,166","117,117,117,117",0,1,0,0,0,0,0,0,0,dey gud
ZS,2024flwp,qm,3,b2,6317,25,0,121,,"21.3,17.5,28.9,27.1","a,98,a,74",74,2,1,0,0,0,0,0,0,0,
ls,2024flwp,qm,3,b1,5472,13,0,"74,53",1,"11.1,6,9.8,12.3,23.6,15.4,19.3,12.5,10.7,8.8","a,a,98,a,a,51,a,50,a,75",,6,1,0,0,0,0,0,0,0,literally insane at scoring- really fast cycles and can score in both amp an speaker well
ja,2024flwp,qm,4,b3,108,25,0,"99,77",7,"16.1,7.3","100,52",124,0,1,0,0,0,0,0,0,0,stopped at end
mg,2024flwp,qm,4,r3,5842,12,0,,,8.6,a,,1,0,0,1,0,0,0,0,0,
nv,2024flwp,qm,4,r1,179,36,0,"117,117,39,142","2,3,6","11,9.7,17.3,18.2,23.2","a,118,115,a,115",93,2,0,0,0,0,0,0,0,0,
bo,2024flwp,qm,4,r2,180,60,0,"189,213",6,"9.3,25.5,6.7,27.1,27.3,15.2","a,94,a,93,117,118","118,2",1,1,0,0,0,0,0,0,0,very hard to follow
ZS,2024flwp,qm,4,b2,694,25,0,,,,,,0,0,0,1,0,0,0,0,1,robot shooter stopped functioning 
ls,2024flwp,qm,4,b1,3173,1,0,,,"13.9,61.7,36.3","99,74,122","51,122",0,1,0,0,0,0,0,0,0,okay scoring- blocke by robot whn trying to shoot
mg,2024flwp,qm,5,r3,5872,12,0,,6,"8.9,29.4","a,a",,2,1,1,0,0,0,0,0,0,coul barley pic up pieces even when pinned against wa
nv,2024flwp,qm,5,r1,6300,36,0,"118,92",6,"6.2,37.3,15.5,21.6,15.8","93,118,118,118,118",94,0,0,0,0,0,0,0,0,0,
ja,2024flwp,qm,5,b3,1744,1,0,,,"0.1,30.7,24.9","a,a,74","98,75",2,0,1,0,0,0,0,0,0,
bo,2024flwp,qm,5,r2,2152,36,0,,,,,,0,1,0,0,0,0,1,0,1,note not fed to shooter correcty
ls,2024flwp,qm,5,b1,4206,25,0,100,41,"1.9,18.5,7.8,13.1,24,15.2,7.6,16.7",,"102,102,102",0,1,0,0,0,0,0,0,0,"good cycle pace, missed at least 1/3 of the shots- only score from a certain position under the stage"
ZS,2024flwp,qm,5,b2,9779,37,0,,,58.6,144,,0,0,0,1,0,0,0,0,0,attempted onstage. Failed
ja,2024flwp,qm,6,b3,3932,25,0,984,,"10.7,35.5,22.5","99,74,121","123,98,124,99",0,1,0,0,0,0,0,0,0,
mg,2024flwp,qm,6,r3,5557,24,0,"119,140,67",,"21.6,0.5,19.2,10.8,8.9,11.2,25.1,9.6","a,a,a,a,117,118,a,a",,6,1,0,0,0,0,0,0,0,notes get stuck halfway into mp
nv,2024flwp,qm,6,r1,1523,48,0,,,"82.3,19.7",95118,"118,95,118,118",0,1,0,0,0,0,0,0,0,
ZS,2024flwp,qm,6,b2,7652,25,0,,,"0.1,19.5,21.9","98,a,a",,2,0,1,0,0,0,0,0,0,only source fed pickups
bo,2024flwp,qm,6,r2,9693,24,0,,,,,"144,95",0,0,1,1,0,0,0,0,0,weak shoot played bad defence
rs,2024flwp,qm,6,b1,9402,1,0,77,,"1.2,22.1,26.4,33.9","101,51,100,99",,0,1,0,0,0,0,0,0,0,picked up well Speaker scoring well
ja,2024flwp,qm,7,b3,6317,25,0,,14,"14.1,13.1,8.4,36.1","a,a,a,a",,4,1,0,0,0,0,0,0,0,
rs,2024flwp,qm,7,b1,8775,13,0,"98,124,100","7,4","22.5,7.4,49.6,23.5","101,126,98,102",53,0,1,0,0,0,0,0,0,0,missed when faced with defense- lokey underrated- pretty good at scoring in speaker although a little slow on pick up
nv,2024flwp,qm,7,r1,3390,48,0,,,18,a,,1,0,0,0,0,0,0,0,0,
jp,2024flwp,qm,7,r2,3627,24,0,,,"14.4,32.6,29.7,67.3,0.5,0.4","94,93,141,a,a,a",,3,1,0,0,0,0,0,0,0,
mg,2024flwp,qm,7,r3,3173,36,0,,,"22.2,6,18.9","118,94,a","164,117,91",1,1,0,1,0,0,0,0,0,apparently died near end 
ZS,2024flwp,qm,7,b2,5410,61,0,,,"0.1,38.4,20.2,49.7","98,98,73,74",97234,0,1,0,0,0,0,1,0,0,
jp,2024flwp,qm,8,r2,5472,24,1,70,,"8.9,9.9,22.9,25.7,12.9,16,12.8,18.1","a,a,a,94,118,118,143,167",118,3,1,0,0,0,0,0,0,0,
ls,2024flwp,qm,8,b1,8817,49,0,,,"25.6,13.7","a,a",,2,1,0,0,0,0,1,0,0,"started climbing and got off ground then dropped (broken?), note had a hard time traveling through the intake, dropped like 2 notes, slow at pick up"
ja,2024flwp,qm,8,b3,179,1,0,"26,31","2,5","7.5,24.9,19.5,15.7,27.6,13.4","102,55,78,78,79,79",78,0,1,0,0,0,0,0,0,0,
nv,2024flwp,qm,8,r1,4388,24,0,118,,"16.4,29.7,18.2,12.9,20.1,15.5","119,118,118,118,118,118",118,0,1,0,0,0,0,0,0,0,
mg,2024flwp,qm,8,r3,9040,12,0,71,3,"9,13.4,21.3,25.3,14.1,16.7,11.7,19.8","a,a,a,117,116,116,143,166",92,3,1,0,0,0,0,0,0,0,did cooperition
ZS,2024flwp,qm,8,b2,6300,25,0,"264,74,97",4,"0.1,13.8,17.3,14.1,14.3,23.6,21.3","121,122,122,123,124,173,124",,0,0,1,0,0,0,0,0,0,
mg,2024flwp,qm,9,r3,1523,36,0,,,"11857.1,16.5,14.5",118118118,"118,118",0,1,0,0,0,0,0,0,0,can only shot from directly in front of subwoofer. Magnetic hooks worke very well
nv,2024flwp,qm,9,r1,59,24,0,,,,,"71,118,118,118,118,94,211,90,64,64",0,1,0,0,0,0,0,0,0,
id,2024flwp,qm,9,b3,694,25,0,,14,"5.9,7.2","a,a",,2,1,0,0,0,0,0,0,1,note stuck in swerve Drive
ls,2024flwp,qm,9,b1,806,10,0,,,,,,0,0,0,0,1,0,0,0,0,did not move the whole match
jp,2024flwp,qm,9,r2,744,60,0,,,"14.4,17.7,32.5,16.7","a,a,a,a",,4,1,0,0,0,0,0,0,0,amp only
trf,2024flwp,qm,9,b2,4206,13,0,,,"0.1,25.4,11.7,19.3,16.6,4.8,18.5,5.3,17.3","101,78,102,102,102,102,102,102,78","77,102,102,102,101,101",0,1,0,0,0,0,0,0,0,very fast
ls,2024flwp,qm,10,b1,5842,25,0,,,,,,0,0,0,0,0,0,0,0,0,had a note in drive base for a goo minute- intake did work so no scoring- auto messed up
nv,2024flwp,qm,10,r1,8861,12,0,,,,,,0,0,0,0,1,0,0,0,1,whole shooter assembly snapped off
jp,2024flwp,qm,10,r2,6743,24,0,"117,119",,"28.1,0.6,57.2","143,118,a",,1,1,0,0,0,0,0,0,0,weak shooter
id,2024flwp,qm,10,b3,3627,10,0,,,,,,0,0,0,0,0,0,0,0,1,did nothing at all
mg,2024flwp,qm,10,r3,5872,60,0,,,"32.1,88.1","a,a","46,45",2,1,0,1,0,0,1,0,0,"sow, relied on missed shots an pushing teammates out of the way to get pisces "
trf,2024flwp,qm,10,b2,5557,25,0,"97,99",4,"14,7.2,22.6","a,a,a","74,98",3,1,0,0,0,0,0,0,0,
mg,2024flwp,qm,11,r3,1744,60,0,,,13,a,,1,0,1,0,1,0,1,0,0,"died in front of source, aftenossig 5pickups"
nv,2024flwp,qm,11,r1,348,12,0,,,,,94,0,0,0,0,1,0,0,0,0,
id,2024flwp,qm,11,b3,8775,25,0,99,,"6.9,12.1,21.7,32.3,28","76,77,100,52,76","77,100",0,1,0,0,0,0,0,0,0,
ls,2024flwp,qm,11,b1,2152,25,0,122,,,,74,0,1,0,0,1,0,0,0,0,intake does no line up with shooter- note got stuck in driv base- died 
bo,2024flwp,qm,11,r2,3932,36,0,116,"6,9",36.3,94,"142,166,117",0,0,1,0,0,0,0,0,0,
trf,2024flwp,qm,11,b2,3390,49,0,,,,,,0,0,0,0,1,0,0,0,0,
mg,2024flwp,qm,12,r3,7652,24,0,118,,"46.1,30.8,21.9","a,a,a",,3,0,1,0,0,0,0,0,0,drope note when acquiring from source
id,2024flwp,qm,12,b3,9693,25,0,,,,,98,0,0,1,0,0,0,0,0,0,
ls,2024flwp,qm,12,b1,9725,25,0,98,,"32.4,35.8,29.4","98,99,99",,0,0,1,0,0,0,0,0,0,mid kit bot
bo,2024flwp,qm,12,r2,2383,24,0,,,"48.1,6.8,9.8,7.4,33.7","118,118,118,94,94","118,118,118,118",0,1,0,0,0,0,0,0,0,yes they scored that fast
ZS,2024flwp,qm,12,b2,6686,,0,,,,,,0,0,0,0,0,0,0,0,1,no robot on field
nv,2024flwp,qm,12,r1,9779,48,0,,,7.2,"118,143",,0,1,0,0,0,0,0,0,0,
ls,2024flwp,qm,13,b1,9404,25,0,,,,,,0,0,0,1,0,0,0,0,0,"mid at defense, intake an shooter did not work"
mg,2024flwp,qm,13,r3,108,24,0,"118,116,68","6,3","9.3,5.6,108.4","a,a,a",,3,1,0,0,1,0,0,0,1,"stopped under opponent stage, data might be off s 180 and 108 on at the same time"
bo,2024flwp,qm,13,r2,180,48,0,188,,"13.4,7.8,49.9,26.1,13.6","a,93,a,92,116",,2,1,0,0,0,0,0,0,0,able to dispene notes onto floor for relay
nv,2024flwp,qm,13,r1,7833,12,0,,,,,,0,0,0,0,1,0,0,0,0,
ZS,2024flwp,qm,13,b2,4458,13,0,"74,122,98","4,7","23,19,32,22.2,3.9,8.7","a,a,a,99,99,99",124,3,1,0,0,0,0,0,0,0,
ja,2024flwp,qm,13,b3,9402,10,0,,,,"122,75,122",,0,1,1,0,0,0,0,0,0,
mg,2024flwp,qm,14,r3,8861,,0,,,,,,0,0,0,0,0,0,0,0,0,not there for match
nv,2024flwp,qm,14,r1,5842,12,0,71,,"20,10.5,9.8","a,a,94",,2,1,0,0,0,0,0,0,0,
bo,2024flwp,qm,14,r2,8775,36,0,"118,118,118","3,6,9","10.1,7.7,45.6,41.2","66,91,116,117","70,116",0,1,0,0,0,0,0,0,0,
ZS,2024flwp,qm,14,b2,806,61,0,,,,,,0,0,0,0,0,0,0,0,0,
ja,2024flwp,qm,14,b3,6300,25,0,98,,"0.1,30,163.4,0.7,4.1","a,a,99,146,99",122,2,1,1,0,0,0,0,0,0,
rs,2024flwp,qm,14,b1,59,11,0,,,"27.9,5,24.8,17.6,26,6.4,17","124,100,98,50,98,74,122","100,76",0,1,0,0,0,0,0,0,0,"fast, good floor pickup and speaker scoring"
nv,2024flwp,qm,15,r1,9040,36,0,,,,,"119,119",0,0,1,0,0,0,0,0,0,
mg,2024flwp,qm,15,r3,6686,,0,,,,,,0,0,0,0,0,0,0,0,0,did not show ow up
bo,2024flwp,qm,15,r2,3627,24,0,,,"4.4,16.1,20.5,27,9,40.4","117,117,93,118,117,93",118,0,1,0,0,0,0,0,0,0,
ja,2024flwp,qm,15,b3,4206,25,0,125,,"0.1,21.9",101101,"99,101,78,77,76,126",0,0,0,0,0,0,0,0,0,
ZS,2024flwp,qm,15,b2,7652,13,0,49,,"48.5,41.8,29.1","a,a,a",,3,0,1,0,0,0,1,0,0,
rs,2024flwp,qm,15,b1,2152,25,0,122,,,,"124,74,98",0,1,0,1,0,0,1,0,0,could not score in speaker. Bad aim
nv,2024flwp,qm,16,r1,5557,60,0,,,,,,0,0,0,0,0,0,0,0,0,payed extreme good defr
bo,2024flwp,qm,16,r2,3932,12,0,,3,"4.4,7.3,11.2,12,18.8,40.7,14.1","70,93,117,93,69,69,93",118,0,1,0,0,0,0,0,0,0,looks like it can climb
ja,2024flwp,qm,16,b3,9725,25,0,,,"0.1,32.8,51.2","98,98,74",,0,0,1,0,0,0,0,0,0,
mg,2024flwp,qm,16,r3,8817,36,0,,,,,,0,1,0,1,0,0,1,0,0,couldnt get note from acquisition to shooter
rs,2024flwp,qm,16,b1,180,1,0,"53,78",8,"16.8,7.3,34.1,24.8,21.7,24.1","100,100,148,124,98,123",,0,1,0,0,0,0,0,0,0,fast and accurate scoring 
trf,2024flwp,qm,16,b2,6317,25,0,,11,"0.1,7.6,18.2,62.4","a,a,74,73",,2,1,0,0,0,0,0,0,0,got stuck doing nothing mid match
nv,2024flwp,qm,17,r1,179,36,0,118,"6,9,2,5,8,3","4.5,41.2,7.8,4.9,9.6,16.8,7.6","41,93,117,94,93,117,94","65,141,90,66",0,0,0,0,0,0,0,0,0,
trf,2024flwp,qm,17,b2,1523,25,0,,,"0.1,6.7,39.9","98,98,7398,98,74",,0,1,0,0,0,0,0,0,0,
jp,2024flwp,qm,17,r2,5410,12,0,,,"9.9,56","a,118",92,1,1,0,0,0,0,0,0,0,lost bumpers 
ja,2024flwp,qm,17,b3,2383,,0,,,"0.1,17.9,27.2","122,98,99",,0,0,1,0,0,0,0,0,0,
mg,2024flwp,qm,17,r3,9404,36,0,,,,,,0,1,0,1,0,0,0,0,0,
rs,2024flwp,qm,17,b1,7833,49,0,,,,,,0,0,0,0,1,0,0,0,1,did not move from start 
nv,2024flwp,qm,18,r1,3173,,0,,,,,,0,0,0,0,0,0,0,0,0,no show
jp,2024flwp,qm,18,r2,9693,48,0,,,,,"142,118",0,0,1,0,0,0,0,0,0,
ja,2024flwp,qm,18,b3,5472,13,0,50,,"0.1,15.7,19.2,12.5,17.4,10.1,14.6","a,a,122,98,146,99,146",,2,1,1,0,0,0,0,0,0,
mg,2024flwp,qm,18,r3,4458,36,0,94,,"3.6,21.1,22.6,13.5,7.1,17.1","a,69,93,94,69,118",,1,1,0,0,0,0,0,0,0,
trf,2024flwp,qm,18,b2,1744,25,0,,,"0.1,44.3","121,a",,1,0,0,0,0,0,0,0,0,
rs,2024flwp,qm,18,b1,6743,25,0,"98,74",4,"16.3,11.3,13.1,29.3,25.4","98,99,75,98,75",,0,1,0,0,0,0,0,0,0,very good autonomous shot from same spot
nv,2024flwp,qm,19,r1,9779,60,0,,,,,"118,118",0,1,0,0,0,0,0,0,0,
jp,2024flwp,qm,19,r2,694,36,0,,,"28.2,12.9,6.7,8.5,8,44.5,20.1","93,117,94,118,118,94,118","116,116,115,116",0,1,0,0,0,0,0,0,0,
ls,2024flwp,qm,19,b2,348,49,0,100,,"41.8,58.2,29.6","99,99,99",98,0,0,1,0,0,0,0,0,0,okay- mid
ja,2024flwp,qm,19,b3,108,25,0,98,4,"0.1,6,14.3,11.2,38.9,13,12,18.4","a,a,a,100,a,101,99,100",,4,1,1,0,0,0,0,0,0,
rs,2024flwp,qm,19,b1,4388,37,0,122,,"0.1,71.4","99,99","99,98",0,1,0,0,0,0,1,0,0,decent speed missed more shots than made
mg,2024flwp,qm,19,r3,744,48,0,,,"10.5,80.6","a,a",,2,1,0,1,0,0,0,0,0,
ls,2024flwp,qm,20,b2,5872,,0,,,,,,0,0,0,0,0,0,0,0,0,did not show up
jp,2024flwp,qm,20,r2,179,36,0,"117,118,118,166","9,2,5","6.2,9.8,11,10.1,14.3,4.3,0.4,0.4,0.4,2,9.6,1.1,15.8,0.7","116,65,139,139,115,a,a,a,a,a,140,a,139,a",,7,1,0,0,0,0,0,0,0,
ja,2024flwp,qm,20,b3,8817,37,0,,,"0.1,6.7,19.4,44.6,15.7,12.9,13.3","99,98,a,75,98,75,74",,1,1,1,0,0,0,0,0,0,
mg,2024flwp,qm,20,r3,6686,60,0,,,,,,0,0,0,1,0,0,0,0,0,has no scoring abilities 
bo,2024flwp,qm,20,r1,9402,24,0,,,"11.4,62.1,16.4","118,118,118","142,118",0,0,1,0,0,0,0,0,0,
rs,2024flwp,qm,20,b1,3390,13,0,,,,,"4,27,2",0,1,1,0,0,0,1,0,0,could not score in amp did not shoot at speaker
ls,2024flwp,qm,21,b1,7833,,0,,,,,,0,0,0,0,0,0,0,0,0,did not show up
bo,2024flwp,qm,21,r1,9693,24,0,,,,,,0,0,0,0,0,0,0,0,0,
ja,2024flwp,qm,21,b3,5557,25,0,"98,74",4,"0.1,20.5,4.2,16.6,26.2,14.7,22.1","a,99,98,99,99,98,75",98,1,1,1,0,0,0,0,0,0,
bo,2024flwp,qm,21,r2,8775,36,0,118,"3,9,6",1.2,118,,0,1,0,0,0,0,0,0,1,note stuck in shooter
ZS,2024flwp,qm,21,b2,8861,49,0,,,,,,0,0,0,1,1,0,0,0,0,
mg,2024flwp,qm,21,r3,5472,36,0,143,,"8.3,8.9,28,14.1,5.2,20.8,24.3,14.7","a,a,a,118,94,a,118,118",,4,1,0,0,0,0,0,0,0,"stood at amp for like 30 seconds in middle of math, still cannot reach a th way up, note is hal in in amp and needs to go back to score"
ls,2024flwp,qm,22,b1,3627,13,0,,,"13.1,6.3,15.3","75,52,99",100,0,0,0,0,0,0,0,0,0,mid driver- okay at scoring- onlyspeaker
nv,2024flwp,qm,22,r1,1744,12,0,,,"10.5,97.7","a,a",,2,0,0,0,0,0,0,0,0,
ja,2024flwp,qm,22,b3,348,49,0,,,0.1,98,98,0,0,1,0,1,0,0,0,0,
bo,2024flwp,qm,22,r2,9725,36,0,"118,117",6,"58.3,26.3,22.8","94,117,117",,0,0,1,0,0,0,0,0,0,
ZS,2024flwp,qm,22,b2,806,25,0,,,"101.9,23.3","98,74",98,0,1,1,1,0,0,0,0,0,
mg,2024flwp,qm,22,r3,6300,24,0,"118,116",6,"22.5,10.2,4.4,36.6,20.6,26.1","71,118,116,118,117,118","118,93,117",0,1,0,0,0,0,0,0,0,
ls,2024flwp,qm,23,b1,3173,25,0,98,,"10.4,6.4,4.2,4.7,8.3,6.2,10.1,13.8,13.1,12.2,16.6,21.8","99,99,99,99,99,75,99,99,99,99,99,99",,0,1,0,0,0,0,0,0,0,wait cuz we did so good- at least 11 speaker shots made 0 missed
nv,2024flwp,qm,23,r1,3932,24,0,71,3,"0.1,22,41.8,7.3,39.4","118,118,118,95,118",94,0,0,0,0,0,0,0,0,0,
ja,2024flwp,qm,23,b3,7652,,0,,,"0.1,30.6,21.5,22.8","a,a,a,a",,4,0,1,0,0,0,0,0,0,
bo,2024flwp,qm,23,r2,9404,48,0,,,18.1,143,"142,191",0,1,0,0,0,0,0,0,0,
ZS,2024flwp,qm,23,b2,9040,25,0,,9,,,,0,0,0,1,0,0,0,0,0,
mg,2024flwp,qm,23,r3,3390,60,0,,,,,,0,0,1,0,0,0,0,0,0,touching ground when hung
ls,2024flwp,qm,24,b1,2152,13,0,49,,,,98,0,1,0,0,1,0,0,0,0,died with a minute left- intake can transition to shooter
nv,2024flwp,qm,24,r1,9402,48,0,,,"36.1,14.7,17.3,21.2","94,118,118,118","118,118",0,1,0,0,0,0,0,0,0,
ja,2024flwp,qm,24,b3,744,49,0,,,"0.1,30.2","a,a",,2,1,0,0,0,0,0,0,0,
bo,2024flwp,qm,24,r2,2383,60,0,,,"24.8,49.6,15.6,16.9","70,118,142,166","189,116,141",0,0,1,0,0,0,0,0,0,awesome climb
mg,2024flwp,qm,24,r3,180,36,0,"117,164,68","9,3","8.4,27.1,8.1,9.6,15,29.3","a,93,141,a,a,92","91,91",3,1,0,0,0,1,0,0,0,just started to practice cycles for some reason in last minute?
bo,2024flwp,qm,25,r2,4206,36,0,,,"11.2,3.1,49.7,17.4,20.7","115,115,92,116,91","141,116,116",0,1,0,0,0,0,0,0,0,
mg,2024flwp,qm,25,r3,59,60,0,,,"21.3,13.1,4.9,14.9,15.6,18.1,17.6,19.8","118,117,117,117,117,117,117,93",,0,1,0,0,0,0,0,0,0,
s v,2024flwp,qm,25,b2,108,25,0,"98,98",4,"15.6,9.5,7.8,27,1.2,8.7,18.3,6.7","29,98,28,97,98,98,98,99","74,99",0,1,0,0,0,0,0,0,0,
nv,2024flwp,qm,25,r1,6743,24,0,2643,,"33.5,34.4,24.2,26.3","a,a,a,118",,3,1,0,0,0,0,0,0,0,
ja,2024flwp,qm,25,b3,1523,25,0,,,,,196,0,1,1,0,1,0,0,0,0,
nv,2024flwp,qm,26,r1,6317,24,0,95,,"22.2,30.9,9.6,23.5,26.3","95,a,a,143,118",143,2,1,0,0,0,0,0,0,0,
bo,2024flwp,qm,26,r2,4458,36,0,"94,117,165",6,"13.1,57,28.1,17","115,116,118,163","212,115",0,1,0,0,1,0,0,0,0,something happened towards the end
mg,2024flwp,qm,26,r3,694,36,0,166,,,,,0,1,0,1,0,0,0,0,0,note get stuck in shooter
ja,2024flwp,qm,26,b3,5872,13,0,,,"0.1,0.5,35.3","a,a,a",,3,1,1,0,0,0,0,0,0,
rs,2024flwp,qm,26,b1,9779,25,0,,,,,,0,0,0,1,0,0,0,0,1,Note stuck in bot could not shoot or pickup. Played some D 
s v,2024flwp,qm,26,b2,4388,25,0,98,,"12.6,27,54.3","98,99,98","98,98,99,98,75,99,98",0,1,0,0,0,0,0,0,0,
ja,2024flwp,qm,27,b3,806,37,0,,,,,,0,0,0,0,1,0,0,0,0,
nv,2024flwp,qm,27,r1,744,60,0,,,"12.4,36.1","a,a",,2,0,0,0,0,0,0,0,0,
ZS,2024flwp,qm,27,b2,6686,49,0,,,,,,0,0,0,1,0,0,0,0,0,
RS,2024flwp,qm,27,b1,5472,1,0,30,"1,4","18.2,6.3,7.9,11.7,18.1,2.8,16.7,33.8","4,74,75,3,4,28,99,75",75,0,1,0,1,0,0,0,0,0,"Very efficient, well driven scored both ways and played D"
mg,2024flwp,qm,27,r3,3932,,0,,,,,,0,0,0,1,0,0,0,0,0,
jp,2024flwp,qm,27,r2,179,36,0,40,3,"4.1,9.8,3.3,1.1,18.2,5.1,6.6,0.9,28.8,12.1,14","37,a,38,a,139,a,114,a,65,115,90",38,4,1,0,0,0,0,0,0,0,no 4 amp scores
ZS,2024flwp,qm,28,b2,5557,25,0,"98,171",7,"0.1,4.5,7,13.4,17.9,18.4,23.3,7.7","a,a,a,98,a,74,a,74",,5,1,0,0,0,0,0,0,0,
nv,2024flwp,qm,28,r1,1744,24,0,,,,,,0,0,0,0,0,0,0,0,0,
mg,2024flwp,qm,28,r3,7833,12,0,,,,,,0,0,0,0,1,0,0,0,0,jus a drive base
ja,2024flwp,qm,28,b3,2383,49,0,,"7,4","0.1,0.2","146,123","100,172,146,99",0,1,0,0,0,0,0,0,0, No Auto pickup - 
nv,2024flwp,qm,29,r1,5410,60,0,,,"47.7,17.8","94,118",,0,0,0,0,0,0,0,0,0,
mg,2024flwp,qm,29,r3,348,12,0,,,"11.2,19.9,31.1,15.5,49.7","118,94,118,118,118",119,0,0,1,0,0,0,0,0,0,
ZS,2024flwp,qm,29,b2,7652,13,0,,,58.8,a,,1,0,1,0,0,0,1,0,0,
ja,2024flwp,qm,29,b3,180,25,0,100,4,"0.1,7.4,10.8,11.2,25.7,6.2,6.2,11.3,27.9,8.4","a,a,98,a,100,124,100,a,100,100",,4,1,0,0,0,0,0,0,0,
jp,2024flwp,qm,29,r2,9779,48,0,,,,,190,0,0,0,1,0,0,0,0,0,played defence bad
Ls ,2024flwp,qm,29,b1,8861,,0,,,,,,0,0,0,0,0,0,0,0,0,did not show up
nv,2024flwp,qm,30,r1,4458,24,0,"118,116,164","9,6,3","12.2,14.2,3.8,11.4,5.5,3.7,16.1,5.3,25.9","118,142,117,a,118,94,141,45,165","165,165",1,1,0,0,0,0,0,0,0,
Ls ,2024flwp,qm,30,b1,3390,49,0,,,"15.6,49.5,38.1","a,a,a",,3,0,0,0,0,0,0,0,0,"Not fast, only scores in amp, mid"
ZS,2024flwp,qm,30,b2,5842,25,0,,,"9.2,5.1,5.7,5.9,7.7,16.4,21.3,26.4,26","98,74,122,122,98,98,122,122,98","98,123",0,1,0,0,0,0,0,0,0,
ja,2024flwp,qm,30,b3,9402,13,0,,,"0.1,16.8","99,99",,0,1,0,1,0,0,0,0,0,
mg,2024flwp,qm,30,r3,4388,36,0,143,,"63.8,51.8","118,94","-24,94",0,1,0,0,0,0,0,0,0,
jp,2024flwp,qm,30,r2,4206,60,0,,,"43.4,25.9,30.4,31","a,118,94,93","118,117,118,93,117,118,94",1,1,0,0,0,0,0,0,0,hit blue alliance on chain
nv,2024flwp,qm,31,r1,6743,24,0,94,6,"6.4,12.7,35.9,19.6,10.8,18.4","94,95,94,94,94,95",,0,1,0,0,0,0,0,0,0,
ja,2024flwp,qm,31,b3,5872,13,0,,,0.1,a,,1,0,1,0,0,0,1,0,0,
ZS,2024flwp,qm,31,b2,59,49,0,,,"0.1,22.5,5.9,5.2,10.2,20.2,4.3,20.6,20.1","a,97,97,98,98,98,74,98,97",98,1,1,0,0,0,1,0,0,0,
mg,2024flwp,qm,31,r3,694,48,0,118,14,"10.8,8.9,6.3,18,4.8,43.6,18.1,12.7","a,a,a,a,a,a,a,114","115,115,114",7,0,0,0,0,0,0,0,0,
bo,2024flwp,qm,31,r2,1523,24,0,,,"47.2,16.4,7.3,21.7","94,118,118,118","143,118",0,1,0,0,0,0,0,0,0,
RS,2024flwp,qm,31,b1,9040,25,0,171,,"36.9,59.1","4,3",3,0,0,1,0,0,0,0,0,0,Only shot at amp after autonomous Not efficient in getting notes
mg,2024flwp,qm,32,r3,6317,36,0,,14,"13.1,68.3,21.7,21.3","a,a,a,118",94,3,1,0,0,0,0,0,0,0,notes get stuck in amp
bo,2024flwp,qm,32,r2,6300,24,0,,3,"24.4,33,15.1,16.4,15.8,14.5","94,143,118,118,118,94",117,0,1,1,0,0,0,0,0,0,
nv,2024flwp,qm,32,r1,3173,24,0,,,"6.2,5.6,30.7,6.6,12.5,12.9,14.4,16.6,16.5","95,94,118,95,119,118,95,119,118",,0,0,0,0,0,0,0,0,0,
ZS,2024flwp,qm,32,b2,2152,25,0,146,,,,,0,0,0,0,0,0,0,0,0,
ja,2024flwp,qm,32,b3,3627,13,0,,4,"0.1,45.8,3.2,29.9,10.2","98,98,99,99,99",,0,0,0,0,0,0,0,0,0,
RS,2024flwp,qm,32,b1,9693,49,0,,,30.3,74,"98,98",0,0,1,0,0,0,0,0,0,"Nothing during auto mode, slow not efficient "
nv,2024flwp,qm,33,r1,4206,60,0,,,"14,4.8,7,79.3,4.7,13.6","67,92,91,91,92,92","94,91,65,91",0,1,0,0,0,0,0,0,0,
bo,2024flwp,qm,33,r2,108,36,0,118,,"22.1,48.2","142,141",,0,1,0,0,0,0,0,0,0,I lost focus for afew moments in auto but nothing happened than
RS,2024flwp,qm,33,b1,8775,13,0,"98,77,29","4,1","25.2,1.8,33.1,29.1","53,3,100,76",,0,1,0,0,0,0,0,0,0,"Very efficient picking up notes, shoots from all angles fast, had D played against them multiple times "
ja,2024flwp,qm,33,b3,2383,25,0,,,"0.1,14","99,75",,0,0,0,0,1,0,0,0,0,
mg,2024flwp,qm,33,r3,9725,12,0,94,,"46,26.1,28,32.6","118,118,118,118",,0,0,1,0,0,0,0,0,0,
ZS,2024flwp,qm,33,b2,9404,13,0,74,,19.5,51,,0,1,0,1,0,0,0,0,0,played bad defence
mg,2024flwp,qm,33,r3,9725,12,0,94,,"46,26.1,28,32.6","118,118,118,118",,0,0,1,0,0,0,0,0,0,
jp,2024flwp,qm,34,b2,59,49,0,,,"49.3,0.4,0.5,13.9,12.3,4.6,11.9,19.2","75,99,76,50,101,52,76,76",75,0,1,0,0,0,0,0,0,0,shot time is wrong 
bo,2024flwp,qm,34,r2,348,12,0,,,,,117,0,0,1,0,1,0,0,0,1,"shooter stopped working, than robot shut down"
ja,2024flwp,qm,34,b3,5842,25,0,98,,"0.1,9.1,8.7,5.6,14.5,63.7","98,98,75,98,99,a","74,74,75,74,99,98",1,1,0,0,0,0,0,0,0,
nv,2024flwp,qm,34,r1,3390,60,0,,,"57.5,59.7","118,95","119,118",0,0,1,0,0,0,0,0,0,
RS,2024flwp,qm,34,b1,8817,1,0,,,"50.5,0.8,0.9,0.8,3.5,0.9","3,4,28,27,73,97",3,0,1,0,0,0,0,0,0,0,Not efficient early then picked up. No autonomous shot mostly at amp then soeaker
nv,2024flwp,qm,35,r1,6317,36,0,118,,"31.6,11.6,6.7,35.1","a,95,71,118","143,118",1,1,0,0,0,0,0,0,0,
mg,2024flwp,qm,35,r3,806,60,0,,,43.4,143,"94,94",0,1,0,0,1,0,0,0,0,swerve issues for 20 sec and oud bare move
ja,2024flwp,qm,35,b3,694,25,0,,1,"10.1,10.2,21.8","a,a,a","125,102",3,1,0,0,0,0,0,0,0,
bo,2024flwp,qm,35,r2,1744,48,0,,,"11.6,31.2,25.4,26.9","a,a,a,a",,4,0,0,0,0,0,0,0,0,looked like it was going to cimb
jp,2024flwp,qm,35,b2,5472,1,0,"50,29",4,"43.4,7.3,45.5,17.2,12.9","99,99,99,146,122","147,123,146,146",0,1,0,0,0,0,0,0,0,
RS,2024flwp,qm,35,b1,9402,37,0,,,"30.4,11.5","97,74",97,0,1,0,0,1,0,0,0,1,"Stopped in front of own speaker last minute, did not move, not efficient picking up notes or scoring. "
nv,2024flwp,qm,36,r1,6686,60,0,,,,,,0,0,0,0,1,0,0,0,0,
ja,2024flwp,qm,36,b3,6743,25,0,"99,98",4,"0.1,12.7,9.1,41.5,46.3","a,98,75,74,100",99,1,0,0,0,0,0,0,0,0,
bo,2024flwp,qm,36,r2,4388,12,0,70,,"27.2,12.1,17.3,18.9,16.7,22,19.3","94,117,70,94,118,94,94",94,0,1,0,0,0,0,0,0,0,
mg,2024flwp,qm,36,r3,180,36,0,119,6,"12.8,10.1,20.3,7.1,13.4,19.7,43.5","a,94,94,118,94,118,118",93,1,1,0,0,0,0,0,0,0,
jp,2024flwp,qm,36,b2,7833,37,0,,,,,,0,0,0,0,0,0,0,0,0,only a drive base
RS,2024flwp,qm,36,b1,9693,25,0,97,,0.1,98,98,0,0,1,0,0,0,0,0,0,"Not very efficient getting notes, driving slow, shoots slow. "
nv,2024flwp,qm,37,r1,6300,36,0,,,,,117,0,0,0,0,0,0,0,0,0,
ja,2024flwp,qm,37,b3,5410,25,0,98,,"0.1,8.7","98,98","122,99,74",0,1,1,0,0,0,0,0,0,
RS,2024flwp,qm,37,b1,3932,1,0,49,,"17.3,4.7,6.7,61.8","51,74,74,74",74,0,1,0,0,0,0,0,0,0,"Efficient scoring and pickup of notes. Dropped one note, well driven "
jp,2024flwp,qm,37,b2,5872,49,0,,,,,,0,0,0,0,0,0,0,0,1,never moved 
mg,2024flwp,qm,37,r3,4458,24,0,144,,"17.1,14.1,7.3,21.4","94,95,119,119",95,0,1,0,0,1,0,0,0,0,
trf,2024flwp,qm,37,r2,3627,12,0,,,"0.1,15,7,22.1","119,118,118,118","143,119,118",0,1,0,0,0,0,0,0,0,
mg,2024flwp,qm,38,r3,9404,12,0,,,"12,35.8","96,95",,0,1,0,1,0,0,0,0,0,
ja,2024flwp,qm,38,b3,8775,25,0,99,"7,4","0.1,38.3,34.4","102,100,148",,0,1,1,0,0,0,0,0,0,
jp,2024flwp,qm,38,b2,744,37,0,,,,,,0,1,0,1,0,0,0,0,0,
trf,2024flwp,qm,38,r2,3173,24,0,119,,0.1,118,"118,94,117,118",0,1,0,0,0,0,0,0,0,
nv,2024flwp,qm,38,r1,9779,36,0,,,67,119,117,0,0,0,0,0,0,0,0,0,
RS,2024flwp,qm,38,b1,5557,25,0,"74,98","7,14","15.9,11.1,21.4,3,17.1,10.3,29.1","97,3,4,28,3,73,26","97,73,98",0,1,0,0,0,0,0,0,0,"Quick driving and picking up of notes. Shot at both, missed some but efficient "
nv,2024flwp,qm,39,r1,1523,24,0,95,,"11.2,17.6,6.7,20.1,18.3,22.8","119,118,119,95,118,94","94,118",0,1,0,0,0,0,0,0,0,
mg,2024flwp,qm,39,r3,7652,36,0,143,,"17.7,18.6,54.8","a,a,a",94,3,0,1,0,0,0,0,0,0,
jp,2024flwp,qm,39,b2,8861,,0,,,,,,0,0,0,0,0,0,0,0,0,no show
ja,2024flwp,qm,39,b3,2152,37,0,122,,"0.1,20.9,7.2,47","122,122,122,122","122,122,123",0,1,1,0,0,0,0,0,0,
RS,2024flwp,qm,39,b1,179,25,0,"73,52","4,1,7","12.2,35.1,0.7,5.9,9.7,5,11.2,11.5","51,99,75,73,52,75,52,75",74,0,1,0,0,0,0,0,0,0,"Very fast and efficient until robot started auto shooting once it got a note, shot immediately. "
trf,2024flwp,qm,39,r2,9725,24,0,,,,,,0,0,0,0,0,0,0,0,1,"robot dies, lost communication 10 seconds after autonomous "
Ls ,2024flwp,qm,40,b1,5872,37,0,,,"0.1,47.9,27.5,39.5","a,a,a,a",,4,0,0,0,0,0,0,0,0,"Slow intake, slow at scoring, only amp "
jp,2024flwp,qm,40,b2,2383,13,0,,"1,4","19.1,15.4,26.2,18.8,21.9,20","100,100,77,100,100,76",,0,1,0,0,0,0,0,0,0,
nv,2024flwp,qm,40,r1,59,60,0,,,"0.1,8.3,13.2,5.3,25.2,14.9,16,16.6","94,118,118,119,a,a,a,a",,4,0,0,0,0,0,0,0,0,
ja,2024flwp,qm,40,b3,6317,13,0,98,4,"0.1,17,7.7,21.1,18.9,16.5,26.6","122,122,98,122,98,122,123",122,0,0,0,0,0,0,0,0,0,
mg,2024flwp,qm,40,r3,3932,24,0,94,,"13,10.9,23.8","71,95,119","95,71",0,1,0,0,0,0,0,0,0,stacked team
trf,2024flwp,qm,40,r2,180,24,0,,,"0.1,9,20.7,21.7,11.7,25","a,a,a,90,115,90",,3,0,0,0,0,0,0,0,0,
mg,2024flwp,qm,41,r3,9402,48,0,,,,,,0,0,0,0,1,0,0,0,0,on but didn't move at all
nv,2024flwp,qm,41,r1,3627,12,0,,,"0.1,22.6,12.3,11.5","95,70,94,119","119,95,118,95",0,1,0,0,0,0,0,0,0,
Ls ,2024flwp,qm,41,b1,8817,49,0,,,"9.6,9,13,44.9","98,75,74,74","75,75",0,1,0,0,0,0,0,0,0,"Okay- only does speaker, kinda slow intake "
ja,2024flwp,qm,41,b3,9779,25,0,123,,"0.1,0.6,20,10.6","98,146,98,98",,0,0,0,0,0,0,0,0,0,
bo,2024flwp,qm,41,r2,4206,60,0,,,"17.6,9.4,60.6","117,140,115","68,115,139,114,139,115,115,114,114",0,1,1,0,0,0,0,0,0,
jp,2024flwp,qm,41,b2,9040,13,0,51,,,,,0,0,1,0,0,0,0,0,0,note stuck in frame early
nv,2024flwp,qm,42,r1,6743,36,0,,,"1.8,50.4,32.8","119,118,118",118,0,0,0,0,0,0,0,0,0,
mg,2024flwp,qm,42,r3,2152,12,0,72,,,,,0,1,0,0,0,0,0,0,0,dropped pieces off at amp for other teams
trf,2024flwp,qm,42,b3,5472,13,0,"74,75","1,4","0.1,10.7,26.7,16.4,21.1,24.4,10.7,12.1","a,a,74,98,a,a,74,98",,4,1,0,0,0,0,0,0,0,
bo,2024flwp,qm,42,r2,108,24,0,"119,141,93","9,6","6.8,6.2,8.3,4.9,5.5,15.1,10.5,3.5,13.7,27,7.2","a,a,93,93,68,a,93,93,93,142,117",117,3,0,0,0,0,0,0,0,0,
jp,2024flwp,qm,42,b2,7833,37,0,,,,,,0,0,0,0,0,0,0,0,0,just a drive base
Ls ,2024flwp,qm,42,b1,744,61,0,,,17.7,a,,1,1,0,0,0,0,0,0,0,"Mid- intake stopped working, slow, "
Ls ,2024flwp,qm,43,b1,1523,25,0,,,"27.5,49.5,14.9,37.2","76,76,76,76","75,99",0,1,0,0,0,0,0,0,0,Okay- kinda fast and scores in speaker 
nv,2024flwp,qm,43,r1,7652,36,0,,,"0.1,25.5,23.4,25.3","a,a,a,a",,4,0,0,0,0,0,0,0,0,
mg,2024flwp,qm,43,r3,8775,36,0,95,,,,,0,0,0,1,0,0,0,0,0,
bo,2024flwp,qm,43,r2,4458,60,0,,,"9.7,12.5,6.6,5.3,4.3,20.3,5.5,18.2,33.2,7.2","a,92,91,116,117,92,143,94,117,118","118,92,165",1,0,0,0,0,0,0,0,0,
jp,2024flwp,qm,43,b2,3173,13,0,74,,"15.6,4.4,20.4,9.7,14.7,20.7,15.3,16.8","75,98,75,74,99,99,99,75",,0,1,0,0,0,0,0,0,0,
trf,2024flwp,qm,43,b3,4388,13,0,,,"0.1,22.3,19.2,1.3,23.8,24.8","74,98,98,98,98,98","99,98",0,0,0,0,0,0,0,0,0,
bo,2024flwp,qm,44,r2,5410,36,0,118,,"13.4,11.9,16.2,38.4,26.1","a,94,142,94,95","167,117",1,0,0,0,0,0,0,0,0,
nv,2024flwp,qm,44,r1,8861,12,0,,,,,,0,0,0,1,1,0,0,0,1,end effector broke off
jp,2024flwp,qm,44,b3,1744,49,0,,,"77.4,0.5,9.2,0.3","4,4,a,a",28,2,0,1,0,0,0,0,0,0,
mg,2024flwp,qm,44,r3,9725,36,0,143,,"36,43.6,29.4","118,94,94",,0,0,1,0,0,0,0,0,0,
s v,2024flwp,qm,44,b2,694,37,0,101,,"10.2,7.7,4.8,5.6,6,20.2,14.1,10.9","27,100,101,26,27,76,26,51","100,100,100",0,1,0,0,1,0,0,0,0,
Ls ,2024flwp,qm,44,b1,6686,1,0,,,,,,0,0,0,0,0,0,0,0,0,"Tried playing defense, not good, mid and can퍁 score"
nv,2024flwp,qm,45,r1,806,60,0,,,50.8,118,118,0,1,0,0,0,0,0,0,0,
s v,2024flwp,qm,45,b2,9404,1,0,26,,,,,0,0,0,1,0,0,0,0,0,all defense after auto
mg,2024flwp,qm,45,r3,179,36,0,"92,68","6,3,5","6.1,11.1,6.1,4.7,24.5,8.7,17.5,17.6","65,118,91,93,116,116,66,114",,0,1,0,0,0,0,0,0,0,
jp,2024flwp,qm,45,b3,348,49,0,,,"12.6,28.9,52.6","74,74,74","74,99",0,0,1,0,0,0,0,0,0,
bo,2024flwp,qm,45,r2,9693,48,0,144,,49.6,118,143,0,0,1,0,0,0,0,0,0,
RS,2024flwp,qm,45,b1,5842,13,0,98,,23.5,3,,0,1,0,1,0,0,0,0,0,Could not pick up notes effectively and ended up just playing as and then getting onstage. 
mg,2024flwp,qm,46,r3,108,24,0,"118,116","9,3,6","6.9,9.4,29.5,38.7,9.4","a,a,116,a,a","116,116",4,1,0,0,0,0,0,0,0,
nv,2024flwp,qm,46,r1,6300,36,0,143,,,,"142,143",0,0,1,1,0,0,0,0,0,
kp,2024flwp,qm,46,b3,6743,13,0,,4,"42.9,16.4,42,10","75,98,74,74","99,99",0,1,0,0,0,0,0,0,0,
s v,2024flwp,qm,46,b2,5557,25,0,100,4,"1.3,6.9,8.1,21.8,15.5,16.4,34.8,1","52,27,97,27,98,51,98,98","98,98,98",0,1,0,0,0,0,0,0,0,
bo,2024flwp,qm,46,r2,3390,60,0,,,"25,50.8","a,a",,2,0,1,0,0,0,0,0,0,
RS,2024flwp,qm,46,b1,180,37,0,98,,"57.4,2.7,0.5,8.1","77,a,a,a",,3,1,0,0,0,0,0,0,0,"Scored in amp well, had difficulty picking up notes, easily got onstage "
nv,2024flwp,qm,47,r1,4388,24,0,119,,"42,27.5,44.8","119,71,95","118,119,70,95",0,1,0,0,0,0,0,0,0,
mg,2024flwp,qm,47,r3,59,12,0,,,"13.6,5.1","a,a",,2,1,0,1,0,0,0,0,0,"note got stuck in bot, needed to play d"
bo,2024flwp,qm,47,r2,9402,60,0,,,"1.3,10.2","167,118",,0,0,0,0,0,0,0,0,0,
s v,2024flwp,qm,47,b2,9725,13,0,,,"23.6,21.2,39.5,27.7","98,98,99,74",,0,0,1,0,0,0,0,0,0,picked up exclusively from source
kp,2024flwp,qm,47,b3,3627,49,0,,,"16,13.3,33.1,58.5","98,99,74,98",99,0,1,0,0,0,0,0,0,0,broke bumpers
RS,2024flwp,qm,47,b1,3932,13,0,99,,"26,4.2,12.6,9.6,29.5","75,99,122,75,122",27,0,1,0,0,0,0,0,0,0,Played well had some issues picking up then got into a rhythm- easily getting onstage 
mg,2024flwp,qm,48,r3,806,60,0,,,57.5,71,47,0,1,0,0,1,0,0,0,0,deadwheel
bo,2024flwp,qm,48,r2,5872,24,0,,,"7.5,46.4,21,34.2,21.1","a,a,a,a,a",,5,1,0,0,0,0,0,0,0,
s v,2024flwp,qm,48,b2,8817,37,0,,,"10.8,6.8,44.6,25.1,34.3,13.6,0.2","76,77,74,99,100,99,75","75,75,122",0,0,0,0,0,0,0,0,0,
kp,2024flwp,qm,48,b3,348,49,0,,,,,"74,74",0,0,1,0,0,0,0,0,0,
RS,2024flwp,qm,48,b1,4458,13,0,"98,77","7,4","7.5,8.9,11.5,34.9,6.3,34.4","a,a,a,a,a,a",,6,1,0,0,0,0,0,0,0,"Picked up well, focused on Amp seemed like issues shooting at speaker lot of amp points "
nv,2024flwp,qm,49,r1,744,60,0,,,7.4,a,,1,0,0,0,0,0,0,0,0,
mg,2024flwp,qm,49,r3,6300,36,0,117,6,"67.2,16.4,37.4","119,119,95","46,95",0,1,0,0,0,0,0,0,0,
kp,2024flwp,qm,49,b3,3390,49,0,,,,,"4,4",0,0,1,0,0,0,1,0,0,
bo,2024flwp,qm,49,r2,2383,24,0,,,"34.8,1.2,46.1,17.8,13.7","118,118,117,118,94",142,0,1,0,0,0,0,0,0,0,
s v,2024flwp,qm,49,b2,9779,25,0,122,,"11.6,35","122,98",,0,1,0,0,0,0,0,0,0,had trouble picking up from floor. took extra time
RS,2024flwp,qm,49,b1,5557,13,0,"75,171,125","7,4","0.1,10.7,11.4,5.6,35.8,15.1,26.4,8.9","a,77,a,a,a,a,76,124","101,125",5,0,0,0,0,0,0,0,0,Fast and efficient at amp or speaker - 
kp,2024flwp,qm,50,b3,9693,1,0,50,,,,,0,0,0,1,0,0,0,0,0,
bo,2024flwp,qm,50,r2,8775,24,0,"118,118",6,13.5,117,115,0,1,0,0,0,0,0,0,0,
s v,2024flwp,qm,50,b2,6317,25,0,121,,"20.3,1.6,39.3,37.9","28,a,98,50",74,1,1,1,0,0,0,0,0,0,notes fell off shooter multiple times
nv,2024flwp,qm,50,r1,694,36,0,143,11,"4,23,23.8,37.5","118,a,a,a",,3,0,0,0,0,0,0,0,0,
RS,2024flwp,qm,50,b1,4206,13,0,"75,77","4,8","8.6,9.4,20.8,9.4,4.7,12.8,28.6,50","123,99,100,76,99,100,125,78","51,101",0,1,0,0,0,0,0,0,0,Fast and efficient  missed a few but fast shooter from 4-5 ft from soeaker
mg,2024flwp,qm,50,r3,179,12,0,"71,65,89","2,5","8.9,14,17.1,17.7,15.1,14.2","65,90,67,90,66,65",,0,1,0,0,0,0,0,0,0,
nv,2024flwp,qm,51,r1,7833,60,0,,,,,,0,0,0,1,0,0,0,0,0,
mg,2024flwp,qm,51,r3,9404,24,0,118,,"10.6,22.8","94,95",,0,0,0,0,0,0,0,0,0,was being defended by all 3 opponent bots
RS,2024flwp,qm,51,b1,8861,1,0,,,,,,0,0,0,1,0,0,0,0,0,Could not shoot or pickup notes Defense only
s v,2024flwp,qm,51,b2,1744,49,0,,,"10.1,2,40.7,1.2,32.7,1.7","a,3,a,28,a,27",,3,0,1,0,0,0,0,0,0,had trouble picking up from floor
bo,2024flwp,qm,51,r2,6686,48,0,,,,,,0,0,0,0,1,0,0,0,1,lost half of bumper
kp,2024flwp,qm,51,b3,9040,25,0,,,,,"98,98",0,0,1,0,0,0,0,0,0,
nv,2024flwp,qm,52,r1,5410,36,0,,,10,118,,0,0,0,1,0,0,0,0,0,
s v,2024flwp,qm,52,b2,2152,25,0,,,,,146,0,0,1,0,0,0,0,0,0,notes fell off multiple times
bo,2024flwp,qm,52,r2,5842,12,0,47,,,,,0,0,0,0,1,0,0,0,1,just randomly died
mg,2024flwp,qm,52,r3,3173,24,0,118,"6,3","9.6,5.6,6.8,27.2,14.4,5.8,11.1,12.2,34","95,95,119,94,94,118,94,94,94","95,118,94",0,0,0,0,0,0,0,0,0,not guarded at all
kp,2024flwp,qm,52,b3,1523,25,0,98,,"24,41.9,0.9,15.8","98,98,75,99","98,98,76",0,1,0,0,0,0,0,0,0,
RS,2024flwp,qm,52,b1,5472,1,0,26,,"2.7,4.8,6.7,16.1,12.2,6.5,7.7,9.5,11.6,33.3,3.9,7.6","a,a,a,101,a,a,75,98,a,3,26,75",,6,1,0,0,0,0,0,0,0,Very effectively scoring and fast to recover 
nv,2024flwp,qm,53,r1,9725,24,0,94,,"23.7,25.3","119,95","143,118",0,0,1,0,0,0,0,0,0,
mg,2024flwp,qm,53,r3,806,48,0,,,98.8,95,,0,0,0,0,1,0,0,0,0,deadweel
s v,2024flwp,qm,53,b2,9693,1,0,26,,,,99,0,1,0,1,0,0,0,0,0,all defense
kp,2024flwp,qm,53,b3,3390,49,0,,,"19.5,2.1,40.8,1.3","a,4,4,a",3,2,0,1,0,0,0,0,0,0,
bo,2024flwp,qm,53,r2,8817,48,0,,,"49.4,4.3,6.9,12.4,9.2,39.4","118,117,70,118,118,142",,0,1,0,0,0,0,0,0,0,
Ls,2024flwp,qm,53,b1,694,25,0,,,"7.3,2.9,11.7,4.8,6.8","a,a,77,52,a",124,3,1,0,1,0,0,0,0,0,Started off really strong scoring in amp and speaker equally good- note would not transition from intake to shooter- played good defense the rest of the game 
Ls,2024flwp,qm,54,b1,9404,1,0,51,,15.8,27,,0,1,0,0,0,0,0,0,0,"Really bad- slow, can퍁 score- bad at defense "
mg,2024flwp,qm,54,r3,6743,48,0,"118,44",6,"7.1,8.6,22.1,37.4","90,93,94,118",71,0,0,0,0,0,0,0,0,0,
s v,2024flwp,qm,54,b2,7652,25,0,74,,"41.9,1.2","27,a",,1,0,1,0,1,0,0,0,0,amp only. no subwoofer attempts
nv,2024flwp,qm,54,r1,6317,36,0,,,"14.1,88.9","a,a",,2,0,0,0,0,0,0,0,0,
bo,2024flwp,qm,54,r2,179,36,0,"94,118","3,9,6","10.5,6,6.9,10.2,11.3,9.5,17.2,7,13.7","91,139,163,91,115,115,89,90,139",,0,1,0,0,0,0,0,0,0,first trap I have recorded
kp,2024flwp,qm,54,b3,59,49,0,,,"5.9,38.9,24.5,5.3,17.5,17.1,13.2","98,98,75,74,99,99,74",74,0,1,0,0,0,0,0,0,0,
Ls,2024flwp,qm,55,b1,180,1,0,"29,78,33,58","1,4,2,8","28.1,14.9,17.3,16.6,18.1","28,a,75,a,76",,2,1,0,0,0,0,0,0,0,"Fast cycling, good at scoring, very fast "
bo,2024flwp,qm,55,r2,4388,48,0,,,"16.2,10.9,20.9,13.2,14.6","117,117,94,118,94",,0,1,0,0,0,0,0,0,0,shooter looks wiggely
s v,2024flwp,qm,55,b2,4458,25,0,"98,100,147","7,4","21.2,1,10.3,61.9,8.3,1.3","28,a,98,99,27,a","75,99",2,1,0,0,0,0,0,0,0,
nv,2024flwp,qm,55,r1,2152,24,0,,,,,,0,0,0,1,0,0,0,0,0,
mg,2024flwp,qm,55,r3,5557,36,0,"119,116,44","6,3","21.6,19,6.3,18.9,13.8,31.4,6.6","a,a,a,118,a,a,118",,5,1,0,0,0,0,0,0,0,"fell off cheain, was under opp stage in endgame, didn't contact tho"
kp,2024flwp,qm,55,b3,5410,25,0,74,,,,,0,0,0,1,0,0,0,1,0,ring stuck in frame for most of match
ls,2024flwp,qm,56,b1,108,25,0,122,,"12.7,7.7,12.7,20.2,5,14.1,13.3,14.3,20.3","a,a,74,a,a,98,a,a,97",,6,1,0,0,0,0,0,0,0,all around really good- good speaker scoring and great amp scoring
bozw,2024flwp,qm,56,r2,1523,24,0,118,,"26.3,40.3,51.5","118,118,118","118,94,94,93,118,118",0,1,1,0,0,0,0,0,0,
nv,2024flwp,qm,56,r1,5872,48,0,,,"8.5,16.2,19.8,36.3,42.8","a,a,a,a,a",,5,1,0,0,0,0,0,0,0,
id,2024flwp,qm,56,b3,9779,25,0,"74,74",,8.5,98,,0,1,0,0,0,0,0,0,0,climbed in the middle of the match
gbd,2024flwp,qm,56,b2,5472,13,0,26,,"21,5.9,18.1,19.6,15.9,45.6","a,52,122,74,98,122",,1,0,0,0,0,0,0,0,0,
mg,2024flwp,qm,56,r3,6686,72,0,,,,,,0,0,0,0,1,0,0,0,0,"testing movmet? got hit and died, berib fel out of bt and broke shoter"
mg,2024flwp,qm,57,r3,2383,36,0,,,"14.9,10.9,19","94,71,119",,0,1,0,0,1,0,0,0,0,"died after first minute, auto failed"
nv,2024flwp,qm,57,r1,4206,60,0,,,"3.7,7.7,12.5,86.9","68,116,91,116","92,139,164,140,116,141",0,1,0,0,0,0,0,0,0,
ls,2024flwp,qm,57,b1,6300,25,0,98,4,"23.5,9.4,31.6,19.6,15.7","98,98,98,98,99",,0,0,1,0,0,0,0,0,0,kinda mid- okay shooter and can climb
bozw,2024flwp,qm,57,r2,3173,36,0,"94,118","9,6","8.3,6.3,10.5,13.9,16.5,5.8,11.8,6.3,11.6,15.7,13.7,10.3","94,94,118,94,118,94,94,94,119,118,118,118",70,0,1,0,0,0,0,0,0,0,the best team( heck yea dude we did great)
id,2024flwp,qm,57,b3,8861,49,0,,,,,,0,0,0,1,0,0,0,0,1,could barely drive
gbd,2024flwp,qm,57,b2,9402,1,0,,,,,,0,1,0,0,0,0,0,0,0,chased note all teleop
nv,2024flwp,qm,58,r1,5842,36,0,143,,,,,0,0,0,1,0,0,0,0,0,
mg,2024flwp,qm,58,r3,3932,24,0,"94,118,116,164","6,3,9","14.2,33.5,6.2,12.7,16.3","a,94,93,117,70","21,70,70",1,1,0,0,0,0,0,0,0,"sht away from speaker once, pushed away from climb by other bot"
bo,2024flwp,qm,58,r2,7833,24,0,,,,,,0,0,0,1,0,0,0,0,0,drivebase
ls,2024flwp,qm,58,b1,1744,49,0,,,"17.6,32.8,23","a,a,a",,3,0,1,0,0,0,0,0,0,"could not get past defense, slow and bad at scoring"
gbd,2024flwp,qm,58,b2,744,49,0,,,,,,0,0,0,0,0,0,0,0,1,"did not move until endgame,no attempt"
id,2024flwp,qm,58,b3,3627,13,0,,,"13.9,6.9,7.9,10.1,55.1","74,74,99,98,98","98,74",0,1,0,0,0,0,0,0,0,
ls,2024flwp,qm,59,b1,9040,49,0,,,28.3,a,,1,0,0,0,0,0,0,0,0,not good can't score and slow
mg,2024flwp,qm,59,r3,7652,12,0,70,,"32.6,3.9,61.9","a,21,46",,1,0,1,0,0,0,0,0,0,had trouble picking from human statin
bo,2024flwp,qm,59,r2,348,60,0,,,,,,0,0,0,0,1,0,0,0,0,never mooved
nv,2024flwp,qm,59,r1,5472,36,0,167,"9,6","8.8,7,8.9,7.4,11.3,27.9,7.2,18.5,34.7","143,119,95,95,118,119,94,118,94",,0,0,0,0,0,0,0,0,0,
gbd,2024flwp,qm,59,b2,8775,25,0,"97,50",7,48.7,74,"124,98",0,1,0,0,0,0,0,0,0,failed stage
id,2024flwp,qm,59,b3,180,1,0,31,5,"14.2,5.1,6.6,9.1,16.8,18.3,17.9,14.4","98,99,123,a,123,76,98,100",,1,1,0,0,1,0,0,0,1,"failed to pick up a note, got disabled for slamming into the source"
nv,2024flwp,qm,60,r1,6317,24,0,119,6,"12.6,42.5,6.6,28.9","a,119,71,94","94,143,94,71,94,119,71",1,1,0,0,0,0,0,0,0,
bo,2024flwp,qm,60,r2,9779,36,0,167,,,,,0,0,0,1,0,0,0,0,1,intake not working
ls,2024flwp,qm,60,b1,806,49,0,,,"31.2,48.3","98,98",74,0,1,0,0,0,0,0,0,0,not good-kinda stopped moving for the last 30 seconds- very slow at scorig
id,2024flwp,qm,60,b3,3390,37,0,,,5.4,a,,1,0,1,1,0,0,0,0,0,
mg,2024flwp,qm,60,r3,2152,24,0,,,,,,0,1,0,0,0,0,1,0,0,"auto sht blocked by ite bot throw, could not index properly, made pieces keep falling out"
ja,2024flwp,qm,60,b2,6743,25,0,98,4,"0.1,12.3,14.5,36.4,41.4","98,74,74,99,99",122,0,1,0,0,0,0,0,0,0,
mg,2024flwp,qm,61,r3,1523,36,0,143,,"78,6.8","118,95","119,95",0,1,0,0,0,0,0,0,0,"attempted climb but only got one arm on, chased one piece around field fr half he match"
nv,2024flwp,qm,61,r1,3627,12,0,,,"51.8,12.2,8.7,16.4,8.8","94,71,119,94,94","71,95,94",0,0,0,0,0,0,0,0,0,
bo,2024flwp,qm,61,r2,8817,60,0,,,,,94,0,0,0,1,0,0,0,0,0,shooter broke
ls,2024flwp,qm,61,b1,694,37,0,,11,"12.4,8,17.2,22.4,25.6,17.7,5.7","a,a,74,a,a,102,101","98,100,100,76,100",4,1,0,0,0,0,0,0,0,"made 3/8 speaker shots, good cycles but just missing "
id,2024flwp,qm,61,b3,6300,25,0,77,4,"24.9,93.7","98,74",,0,1,1,0,0,0,0,0,1,note stuck in drive base
ja,2024flwp,qm,61,b2,9404,13,0,,,0.1,99,"98,98,74",0,0,0,1,0,0,0,0,0,
nv,2024flwp,qm,62,r1,108,24,0,"117,141,69","6,9,3","3.1,8.9,13.8,10.9,34.6,18.5,22,14.8","a,94,141,a,118,116,92,118","93,93,93",2,1,0,0,0,0,0,0,0,
mg,2024flwp,qm,62,r3,9040,36,0,,,44.9,118,"93,94",0,0,1,0,0,0,0,0,0,"al shots limp and those that made it barely did, tipped backwards and almost fell out f speaker"
id,2024flwp,qm,62,b3,8861,49,0,,,,,,0,0,0,1,0,0,0,0,0,tryin to defend with mechinum
bo,2024flwp,qm,62,r2,744,60,0,,,"15.6,20.1,13.8,12.4,21.9","a,a,a,a,a",,5,1,0,0,0,0,0,0,0,speaker shooting not working
ls,2024flwp,qm,62,b1,9693,25,0,,,,,"98,98",0,0,1,0,0,0,0,0,0,slow and can make shots
ja,2024flwp,qm,62,b2,3932,25,0,52,"1,4","12.9,25.5,6.6,8.7,14.7,8.9,29.8","98,98,98,98,122,98,98",74,0,1,0,0,0,0,0,0,0,
ls,2024flwp,qm,63,b1,2383,13,0,,,"8.4,6.8,36.1,30.7,29.1","74,98,98,74,74",74,0,1,0,0,0,0,0,0,0,kinda good scorin but a bit of trouble with shooter
mg,2024flwp,qm,63,r3,3173,24,0,"94,94,118,94","6,3,9","2.9,8.8,9.3,0.8,9.6,13.8,16.8,24,15.6","95,94,94,118,94,94,94,94,69","119,67,91",0,1,0,0,0,0,0,0,0,
nv,2024flwp,qm,63,r1,348,48,0,,,,,,0,0,0,0,1,0,0,0,0,
bo,2024flwp,qm,63,r2,59,60,0,,,"14.9,5.5,15.4,19.4,19.1,16.1,16.3","a,a,a,94,a,a,118",,5,0,0,0,0,0,0,0,0,good amp bot
id,2024flwp,qm,63,b3,4458,13,0,"74,76",4,"12,16.3,15.3,16.2,2.6,4.9,15.4,19.9,10,13.2","a,a,a,99,75,99,a,a,99,99",,5,1,0,0,0,0,0,0,0,loves to steal from opposing source
ja,2024flwp,qm,63,b2,6686,49,0,,,,,,0,0,0,1,0,0,0,0,0,
nv,2024flwp,qm,64,r1,5872,60,0,,,"6.5,24.9,16.4,19.1","a,a,a,a",,4,1,0,1,0,0,0,0,0,
bo,2024flwp,qm,64,r2,5842,12,0,,,"85.3,27.5","a,a",,2,0,0,0,0,0,0,0,0,I tracked the wrong robot for a while
mg,2024flwp,qm,64,r3,4206,24,0,,,"4.8,16.1,9.8,10.8,9.8","92,116,116,91,92",90,0,1,0,0,0,0,0,0,0,"note got stuck in aqui, pushed Blue into stage during endgame, pulling big penalty"
ja,2024flwp,qm,64,b2,9725,25,0,,,"24.8,22.3,49.9","98,75,74",74,0,0,1,0,0,0,0,0,0,"did not attempt to pin up from floor,  slow t line up shots"
id,2024flwp,qm,64,b3,7833,1,0,,,,,,0,0,0,1,1,0,0,0,0,
RS,2024flwp,qm,64,b1,8775,13,0,"75,99","7,4","13,16.3,10.1,22.2,26.5","53,100,75,29,53",51,0,0,0,0,0,0,0,0,0,Well driven efficient picking up notes and scoring in speaker 
bo,2024flwp,qm,65,r2,9402,60,0,,,,,,0,0,0,1,0,0,0,0,0,shooter broken
mg,2024flwp,qm,65,r3,5410,12,0,,,,,,0,0,0,1,0,0,0,0,1,shooter got mauled
nv,2024flwp,qm,65,r1,5557,24,0,"165,116,44","9,6,3","71.9,10.7,18.1,5.8,7.8","119,70,94,71,95",94,0,1,0,0,0,0,0,0,0,
id,2024flwp,qm,65,b3,4388,25,0,,,,,,0,0,0,0,0,0,0,0,1,showed up but had to leave before the match began
ja,2024flwp,qm,65,b2,1744,49,0,,,"12.7,1.6,44.8,1.4","27,a,28,a",,2,0,1,0,0,0,0,0,0,
RS,2024flwp,qm,65,b1,179,25,0,"123,53,29","7,4,1,2","5.6,3.4,18.6,15.2,19.6,13.1,15.2","53,100,52,53,54,54,54",,0,0,0,0,0,0,0,0,0,"Almost flawless auto, excellent efficiency overall"
id,2024flwp,qm,66,b3,6317,1,0,,,,,,0,0,0,0,0,0,0,0,1,had a pre match issues and did nothing during it
mg,2024flwp,qm,66,r3,744,24,0,,,,,"22,22",0,1,0,1,0,0,1,0,0,"notes get stuck in bot and couldn't shake hem off, so had to play d"
ja,2024flwp,qm,66,b2,3932,13,0,,,"12.5,1.9,9.7,7.5,4.7,7.9,9.8,8.6,12.9","28,a,98,98,122,98,123,98,98","98,122",1,1,0,0,0,0,0,0,0,
bo,2024flwp,qm,66,r2,3390,48,0,,,,,,0,0,0,0,0,0,0,0,0,note got stuck in shooter
RS,2024flwp,qm,66,b1,1523,25,0,,,"45.4,45.4","74,75","100,75,98,99,98",0,1,0,0,0,0,0,0,0,Very weak shooter and poor ability to pickup notes 
nv,2024flwp,qm,66,r1,6686,60,0,,,,,,0,0,0,1,0,0,0,0,0,
nv,2024flwp,qm,67,r1,2383,24,0,,3,"24.6,21.8,6.7,5.7,18.7,21.1,18.5,11.1","94,118,95,118,95,94,94,95",,0,0,0,0,0,0,0,0,0,
mg,2024flwp,qm,67,r3,2152,24,0,"68,95",3,,,,0,0,0,0,0,0,0,0,0,taxied pieces to other side
bo,2024flwp,qm,67,r2,694,36,0,,14,"14.1,8.3,14.3,6.4,6.8,15.4,18,29.2,5.6,7.2,8.1","a,a,a,a,115,a,a,a,a,a,a","115,115,115,115",10,0,0,0,0,0,0,0,0,speaker score does not really work
id,2024flwp,qm,67,b3,6743,49,0,,,"16.3,20.8,18.2,49.5","98,74,74,74",,0,1,0,0,0,0,0,0,0,
ja,2024flwp,qm,67,b2,348,1,0,,,"52.8,22.7,24.5,19.8","98,98,74,74",,0,0,1,0,0,0,0,0,0,"started out dead, thenwere ok"
RS,2024flwp,qm,67,b1,8775,13,0,75,,"11.8,36.2","53,a",52,1,1,0,0,1,0,0,0,0,Poor ability to pickup note died out at end of game last 30 sec very tall can퍁 move everywhere 
nv,2024flwp,qm,68,r1,5872,24,0,,,16.6,a,,1,0,0,1,0,0,0,0,0,
mg,2024flwp,qm,68,r3,5472,36,0,144,,"13.1,9.4,29,23.1,5.9,15.4,28.8","143,144,119,72,71,72,95",119,0,1,0,0,0,0,0,0,0,
id,2024flwp,qm,68,b3,4206,25,0,76,4,"4.6,7.5,18.5,16.2,33.1,14.7,12.4,12.1,5.5","102,103,101,102,102,78,77,77,78","77,101,125",0,1,0,0,0,0,0,0,0,
ja,2024flwp,qm,68,b2,9040,25,0,,,,,"98,99",0,0,1,0,0,0,0,0,0,bad driving (or uncontrollable (
jp,2024flwp,qm,68,r2,5557,36,0,"164,92,45",,"0.1,1.8,26.8,13.3,2.2,25.2,29.5","22,a,118,23,a,118,119","142,94,118,143",2,1,0,0,0,0,0,0,0,
RS,2024flwp,qm,68,b1,9404,25,0,,,,,,0,0,0,0,0,0,0,0,0,Just played defense and didn퍁 seem to attempt a shot or try and pickup notes
nv,2024flwp,qm,69,r1,1744,60,0,,,"0.1,57.2","a,a",,2,0,1,0,0,0,0,0,0,
ja,2024flwp,qm,69,b2,179,25,0,"98,74,76","1,2,4","0.1,6.1,12.1,12,15.3,28.3,16.6","75,102,77,78,78,56,103",,0,1,1,0,0,0,0,0,0,
jp,2024flwp,qm,69,r2,180,36,0,164,"6,9","18.7,4.6,5.6,6.5,5,12,29.6,1.2,15.4,29.4","117,117,93,118,117,116,21,a,117,117","140,116",1,1,0,0,0,0,0,0,0,
id,2024flwp,qm,69,b3,9779,25,0,,,,,,0,0,0,1,0,0,0,0,0,
RS,2024flwp,qm,69,b1,59,49,0,,,"9.4,4.8,15.4,28.2,34.5,18","a,a,a,76,a,a",,5,1,0,0,0,0,0,0,0,"Fast driving, focused on Amp points, one shot at speaker "
mg,2024flwp,qm,69,r3,9693,24,0,,,,,,0,0,0,1,0,0,0,0,1,fell apart on fied
id,2024flwp,qm,70,b3,9402,1,0,26,,61.4,74,26,0,1,0,0,0,0,0,0,0,
jp,2024flwp,qm,70,r2,6300,24,0,,,"0.1,0.5,0.6,9.7,24","94,118,142,117,118","117,142,118",0,1,0,0,0,0,0,0,0,
nv,2024flwp,qm,70,b2,3173,25,0,,,"34.3,10.9,22.7,4.8,34.3","74,98,98,98,75","74,74,98,98,74,74,74,74",0,0,0,0,0,0,0,0,0,
mg,2024flwp,qm,70,r3,7833,60,0,,,,,,0,0,0,1,0,0,0,0,0,"parked with one min fifteen left, only played bad d"
RS,2024flwp,qm,70,b1,9725,25,0,122,,"31.9,20.7,34.9","99,75,74",,0,0,1,0,0,0,0,0,0,"Not very efficient, top loading slow driving fair"
sv,2024flwp,qm,70,r1,7652,24,0,94,,"75.5,20.4,2.4,24.7","45,45,45,45","216,141,44",0,0,0,0,0,0,0,0,0,
mg,2024flwp,qm,71,r3,5842,24,0,71,,"12.7,11.8,44.5,38.7,15.5","a,95,a,a,a",143,4,1,0,0,0,0,0,0,0,
nv,2024flwp,qm,71,b2,3627,13,0,,,"9.3,7.4,7.5,8.7,22.5,24.9","50,99,98,74,75,74",,0,1,0,0,0,0,0,0,0,looks like it died when attempting climb
Ls,2024flwp,qm,71,b1,4388,,0,,,,,,0,0,0,0,0,0,0,0,0,did not show up
sv,2024flwp,qm,71,r1,108,36,0,"94,69,116","6,3,9","0.1,4.4,9.4,31.3,54,14","45,44,118,45,115,141","118,116,116",0,1,1,0,0,0,0,0,0,
id,2024flwp,qm,71,b3,5410,25,0,,,3.9,a,,1,0,0,1,0,0,0,0,1,got note stuck on battery
jp,2024flwp,qm,71,r2,806,60,0,,,"0.1,59.3","118,93","94,118,118",0,1,0,0,0,0,0,0,0,
nv,2024flwp,qm,72,r1,8817,24,0,,,,,,0,1,0,1,0,0,0,0,0,
Ls,2024flwp,qm,72,b1,4458,13,0,"75,125,124,29","4,7,1","10.5,3.2,5.9,27.4,23.8,6.6,37.5,4.7","75,99,75,76,51,a,76,75","75,76",1,1,0,0,0,0,0,0,0,Really good at scoring speaker- can score in amp 
mg,2024flwp,qm,72,r3,9404,24,0,,,"8.3,21.1,14.1","143,119,95",,0,1,0,1,0,0,0,0,0,
sv,2024flwp,qm,72,b2,2152,25,0,,,,,,0,0,0,0,1,0,0,0,0,disabled until 30 sec lefr
ZS,2024flwp,qm,72,b3,59,49,0,,,"6.9,24.4,67.6","a,a,122",99,2,0,0,0,0,0,1,0,0,"kept attempting amp, failed multiple times. "
jp,2024flwp,qm,72,r2,8861,60,0,,,,,,0,0,0,1,0,0,0,0,0,drive base only
nv,2024flwp,qm,73,r1,180,48,0,"212,167","9,6","10.1,7.9,17.8,3.8,17.9,15.3,5.4","a,a,a,117,70,93,141",,3,0,0,0,0,0,0,0,0,
sv,2024flwp,qm,73,b2,7833,49,0,,,,,,0,0,0,1,0,0,0,0,0,"no shooter, pure defense"
mg,2024flwp,qm,73,r3,9779,24,0,71,,,,,0,0,0,1,0,1,0,0,0,"aggressive d an almost tipped over any sudden movement, played a bad defence thought, only making har hits a few times and drawing fouls on"
ZS,2024flwp,qm,73,b3,4206,25,0,,"7,8","14.3,14.7,17.9,10.3,29.8,16.1,6.2,5.4,7.5,9","97,99,124,100,124,100,124,124,124,124","123,99,100,100,100,148",0,1,0,0,0,0,0,0,0,may have tore a note
Ls,2024flwp,qm,73,b1,348,1,0,,,"8.3,59.6,29.4,22.5","75,50,75,74",74,0,0,1,0,0,0,0,0,0,not that good not worth picking 
jp,2024flwp,qm,73,r2,1523,36,0,94,,"11.3,14.8","94,118",143,0,0,0,0,0,0,0,0,0,intake broke 
nv,2024flwp,qm,74,r1,9040,60,0,,,0.1,a,,1,0,1,1,0,0,0,0,0,
mg,2024flwp,qm,74,r3,9693,24,0,,,5.1,94,,0,0,1,1,0,0,0,0,0,"played d, never attempted to shoot outside of pre oaded"
jp,2024flwp,qm,74,r2,5410,48,0,166,,"12.3,15.7,12.1,52,8.2,29.3","94,94,94,94,93,93","142,118,118,118",0,1,0,0,0,0,1,0,0,
Ls,2024flwp,qm,74,b1,9725,13,0,,,"41.1,24.7,26.3,26.7","74,75,75,75",,0,0,1,0,0,0,0,0,0,bad at scoring and kind of slow
ZS,2024flwp,qm,74,b3,744,49,0,,,"16.2,9.1,20,53.5","a,a,a,a",,4,1,0,0,0,0,0,0,0,seemed to malfunction for a couple seconds in the middle of the match 
sv,2024flwp,qm,74,b2,5872,37,0,,,"46.1,1.6,17.8,43.9,0.1,2.2,17.3,1.9","27,a,27,a,a,27,50,a",,4,1,0,0,0,0,0,0,0,had trouble picking up notes
Ls,2024flwp,qm,75,b1,6686,49,0,,,"12.4,32.4,28.6,55.6","75,76,52,100",,0,0,1,0,0,0,0,0,0,bad and takes too long to get notes from source
mg,2024flwp,qm,75,r3,8775,36,0,"95,118,94,90","9,6,3",,,,0,1,0,1,0,0,0,0,0,"half off the ground , barely didn't make it, couldn't make u their min on either defence or trying to shoot"
bo,2024flwp,qm,75,r2,9402,36,0,,,"16.5,49.9,37","94,118,94",71,0,0,0,0,0,0,0,0,0,
sv,2024flwp,qm,75,b2,6300,13,0,74,,"20.1,28.4,24.3,19.9,14.9,22.1","98,98,98,75,74,74",,0,0,1,0,0,0,0,0,0,
nv,2024flwp,qm,75,r1,806,48,0,,,9.1,95,"119,95",0,1,0,0,1,0,0,0,1,lost their battery 
ZS,2024flwp,qm,75,b3,5557,25,0,"98,148,100,51","7,4,1","7.3,15.4,12.2,11,28.4,18.5,14.8","a,a,a,98,a,a,98",124,5,1,0,0,0,0,0,0,0,
mg,2024flwp,qm,76,r3,8817,24,0,,,"27.1,9.9,20.4,31.8,12.2","94,94,119,94,118",119,0,1,0,0,0,0,0,0,0,
nv,2024flwp,qm,76,r1,694,48,0,"116,44","9,6,3,5","0.1,8,18.3,16.6,14.6","a,a,a,a,a",,5,0,0,0,0,0,0,0,0,
Ls,2024flwp,qm,76,b1,3932,25,0,121,14,"47.6,18.7,19,20","123,98,99,123",99,0,0,0,0,0,0,0,0,0,kinda good pretty average at scoring but missed a few
sv,2024flwp,qm,76,b2,6743,13,0,50,,"0.1,1.6,20.3,1.2,23.8,1.3,57.5","a,28,a,27,28,a,98",,3,1,1,0,0,0,0,0,0,
bo,2024flwp,qm,76,r2,4388,,0,,,,,,0,0,0,0,0,0,0,0,0,no show
ZS,2024flwp,qm,76,b3,3173,25,0,"98,98,74,98","4,1","0.1,10.2,5.1,21.2,16.8,61.8","97,171,98,98,122,288",,0,1,0,0,0,0,0,0,0,
nv,2024flwp,qm,77,r1,4458,48,0,143,,"5.4,7.6,16.8","118,142,165","188,165",0,0,0,0,0,0,0,0,0,
ZS,2024flwp,qm,77,b3,5842,13,0,,,"0.1,8.9","a,a",,2,0,0,1,0,0,0,0,0,plated incredible defense 
sv,2024flwp,qm,77,b2,6317,25,0,"98,98,98,98","4,7",,,,0,0,0,0,1,0,0,0,0,
bo,2024flwp,qm,77,r2,108,36,0,"118,94,118,118","9,6,3","6.7,19.9,14.7","a,a,118",117,2,0,0,0,0,0,0,0,0,
mg,2024flwp,qm,77,r3,1744,60,0,,,"12.5,34,38,26.4","a,a,a,a",,4,0,0,0,0,0,0,0,0,
Ls,2024flwp,qm,77,b1,7652,25,0,,,"36.9,14.1,16,17.9,17,19","a,a,a,a,a,a",,6,0,0,0,0,0,0,0,0,"fine at scoring, goofy looking, takes q while to shoot"
nv,2024flwp,qm,78,r1,3627,24,0,,,"0.1,19.1,9.8,24.8,20.6,26.6","71,95,118,119,119,94",95,0,0,0,0,0,0,0,0,0,
bo,2024flwp,qm,78,r2,5472,48,0,167,,"6.3,4.8,23.1,51.6,15.1,18.3","118,118,a,94,94,118",,1,0,0,0,0,0,0,0,0,here me out here-we just have to get picked by swamp
Ls,2024flwp,qm,78,b1,2383,25,0,,,"52.1,19.4,24.8,11.6","74,74,74,74",74,0,1,0,0,0,0,0,0,0,had a bit of shooter trouble but figured it out 
mg,2024flwp,qm,78,r3,8861,60,0,,,,,94,0,0,0,0,0,1,0,0,1,"shooter assembly started to brea, fel off, then got run over and destroyed."
ZS,2024flwp,qm,78,b3,179,25,0,"122,98,54,103,78,124,77,54,78,77","7,4,2",,,,0,1,0,0,0,0,0,0,0,
sv,2024flwp,qm,78,b2,3390,49,0,,,"9.9,1.3","26,a",,1,0,0,1,0,0,0,0,0,
