Scouter Name,Event,Match Level,Match #,Robot,Team #,Auto Start Location,Auto Amp Scores,Auto Scoring Locations,Auto Pickup Locations,Cycle Timer,Teleop Scoring Locations,Teleop Missing Locations,Teleop Amp Scores,Pickup From Floor,Pickup From Source,Played Defense,Died,Tippy,Dropped Notes,Yellow Card,Egregiously Bad Event,Comment,,,,,,,,,,,,,,,,,,,,,,
bo,2024nyro,qm,1,b3,3181,25,0,49,,"61.5,0.8,24.3,24.9","99,98,a,a","99,99",2,1,0,0,0,0,0,0,0,data is completely messed up,,,,,,,,,,,,,,,,,,,,,,
mg,2024nyro,qm,1,r3,639,12,0,71,,"27.4,48.9,33","119,94,71",,0,1,0,0,0,0,0,0,0,just did a cycle without a note?,,,,,,,,,,,,,,,,,,,,,,
GG,2024nyro,qm,1,b2,5740,13,0,,,"187.5,0.5,0.4,0.3,2.3","54,101,101,101,75",196,0,1,0,0,0,0,0,0,0,,,,,,,,,,,,,,,,,,,,,,,
lg,2024nyro,qm,1,r1,5528,24,0,,,"5,12.7,26.9,55.6","94,118,118,142","-18,119",0,0,1,0,0,0,0,0,0,,,,,,,,,,,,,,,,,,,,,,,
nv,2024nyro,qm,1,r2,2228,24,0,166,9,"19.4,17.2","a,94",118,1,1,1,0,0,0,0,0,0,,,,,,,,,,,,,,,,,,,,,,,
hw,2024nyro,qm,1,b1,578,13,0,99,,"10.7,16,65.6,0.5,23.4","51,a,99,98,98",,1,1,0,0,0,0,0,0,0,I couldn't see it that well,,,,,,,,,,,,,,,,,,,,,,
bo,2024nyro,qm,2,b3,7903,,0,,,,,,0,0,0,0,0,0,0,0,0,no show,,,,,,,,,,,,,,,,,,,,,,
lg,2024nyro,qm,2,r1,1518,36,0,142,,,"71,95",95,0,0,0,0,1,0,0,0,1,didn't move whole match,,,,,,,,,,,,,,,,,,,,,,
ZS,2024nyro,qm,2,r2,3003,24,0,,,"1.7,21.9,34.6","a,118,94","118,93,140,115",1,1,0,0,0,0,0,0,0,,,,,,,,,,,,,,,,,,,,,,,
hw,2024nyro,qm,2,b1,6353,13,0,,,24.1,74,,0,1,0,0,0,0,0,0,1,they were bad at in taking and no auto,,,,,,,,,,,,,,,,,,,,,,
mg,2024nyro,qm,2,r3,6300,48,0,"118,166",11,"9.9,28,48.9,26.9","a,118,94,94",94,1,0,1,0,0,0,0,0,0,just sht a note fr pome t hanger,,,,,,,,,,,,,,,,,,,,,,
GG,2024nyro,qm,2,b2,191,13,0,122,7,"50.3,18.7,23.8","98,74,74",,0,1,0,0,0,0,0,0,0,tried but failed to score amp,,,,,,,,,,,,,,,,,,,,,,
lg,2024nyro,qm,3,r1,7709,24,0,,,"14.1,14.5,5.7,11.3,38.2","94,118,119,94,94",,0,1,0,0,0,0,0,0,0,,,,,,,,,,,,,,,,,,,,,,,
bo,2024nyro,qm,3,b3,27,13,0,49,4,"23.5,62.6,13.3,9.6","a,75,a,a",,3,1,0,0,0,0,0,0,0,,,,,,,,,,,,,,,,,,,,,,,
ZS,2024nyro,qm,3,r2,3015,12,0,,,"0.1,17.7,21.9,18.4,12.9,22.1","118,a,a,a,a,92",,4,1,0,0,0,0,0,0,0,,,,,,,,,,,,,,,,,,,,,,,
hw,2024nyro,qm,3,b1,1468,13,0,"74,76",4,"2.4,31.7,9.9,4.3,16.7,14.8,10.2,10.2,16.1","74,49,50,73,73,50,49,50,98","74,74,49",0,1,0,0,0,0,0,0,0,good bot,,,,,,,,,,,,,,,,,,,,,,
GG,2024nyro,qm,3,b2,2340,25,0,146,,53.1,98,74,0,0,1,0,0,1,0,0,0,,,,,,,,,,,,,,,,,,,,,,,
mg,2024nyro,qm,3,r3,340,48,0,"118,234","8,11","56.2,42.4","94,94","119,250,226,225,227,250,250,253",0,1,0,0,0,0,0,0,0,kept shooting at amp from  mid,,,,,,,,,,,,,,,,,,,,,,
lg,2024nyro,qm,4,r1,1308,36,0,,,50.9,70,"142,93",0,0,0,0,0,0,0,0,0,,,,,,,,,,,,,,,,,,,,,,,
mg,2024nyro,qm,4,r3,694,36,0,"123,147","4,7,11","5.3,74.9,0.8,1.6,11.8,14.2,6.2","a,94,142,93,a,118,118","94,94,94,94,70",2,0,0,0,0,0,0,0,0,"missed trap, but attempted",,,,,,,,,,,,,,,,,,,,,,
ZS,2024nyro,qm,4,r2,4991,12,0,,3,"34.7,10.4,33,47.2","a,a,a,a",,4,1,0,0,0,0,1,0,0,missed a lot,,,,,,,,,,,,,,,,,,,,,,
hw,2024nyro,qm,4,b1,271,49,0,,,,,,0,0,0,1,0,0,0,0,1,did not shoot once auto didn't work,,,,,,,,,,,,,,,,,,,,,,
bo,2024nyro,qm,4,b3,1126,13,0,"74,74",4,"8.1,41.5,56.7,21","a,99,74,98","99,75",1,1,0,0,0,0,0,0,0,still can't see robots,,,,,,,,,,,,,,,,,,,,,,
GG,2024nyro,qm,4,b2,1507,25,0,"122,122,147","5,6,7,11","11.3,37.9,15,15.8,21.5,15.6","75,74,74,74,74,74","98,74",0,1,0,0,0,0,0,0,0,,,,,,,,,,,,,,,,,,,,,,,
ZS,2024nyro,qm,5,r2,8595,36,0,70,6,,,118,0,1,0,1,0,0,0,0,0,seems to have got a note stuck in shooter,,,,,,,,,,,,,,,,,,,,,,
hw,2024nyro,qm,5,b1,870,25,0,96,7,"1.7,35.8,15.3,14,15.7,18.4","74,51,76,51,75,75",51,0,1,0,0,0,0,0,0,0,,,,,,,,,,,,,,,,,,,,,,,
mg,2024nyro,qm,5,r3,4093,60,0,,,48.2,95,,0,0,1,0,0,1,1,0,0,"dropped 5 notes, stood at speaker first 30 sec of match",,,,,,,,,,,,,,,,,,,,,,
lg,2024nyro,qm,5,r1,3117,36,0,"118,94",3,"19.2,53.7,4.9","a,-3,a",,2,1,0,0,0,0,0,0,0,trap/climb fail,,,,,,,,,,,,,,,,,,,,,,
GG,2024nyro,qm,5,b2,7036,49,0,,,"10.6,39.6","74,99",77,0,1,0,0,0,0,0,0,1,temporary immobilization for about a minute,,,,,,,,,,,,,,,,,,,,,,
bo,2024nyro,qm,5,b3,424,13,0,49,2,"2.7,18.3,17.9,45.9","a,a,49,a",,3,1,0,0,0,0,0,0,0,,,,,,,,,,,,,,,,,,,,,,,
eg,2024nyro,qm,6,r3,229,48,0,,,,,,0,0,0,1,0,0,0,0,0,,,,,,,,,,,,,,,,,,,,,,,
lg,2024nyro,qm,6,r1,533,36,0,118,,"1.9,55.3,38.3","a,118,94",118,1,1,0,0,0,0,0,0,0,,,,,,,,,,,,,,,,,,,,,,,
j,2024nyro,qm,6,b3,3193,25,0,,,"61.4,28.6","a,a",,2,0,1,1,0,0,0,0,0,,,,,,,,,,,,,,,,,,,,,,,
les,2024nyro,qm,6,r2,6868,36,0,,,"10.9,5.2,18.4,11.8,7.2,42.3,18.9","119,119,119,119,119,120,119","119,119",0,1,0,0,0,0,0,0,0,climbed,,,,,,,,,,,,,,,,,,,,,,
ls,2024nyro,qm,6,b2,1559,37,0,,,11.8,172,171,0,1,0,1,0,0,0,0,0,"okay at defense, picked up a note but stopped trying to score so maybe broken",,,,,,,,,,,,,,,,,,,,,,
lw,2024nyro,qm,6,b1,1591,25,5,102,4,"0.1,8.3,32.9,12.5,10.2,4,11.6,10.2","102,77,52,102,102,78,78,78",103,0,1,1,0,0,0,0,0,0,",",,,,,,,,,,,,,,,,,,,,,,
JL,2024nyro,qm,7,b3,120,13,0,98,4,23.9,98,,0,1,0,0,0,0,1,0,0,,,,,,,,,,,,,,,,,,,,,,,
ls,2024nyro,qm,7,b2,1511,25,0,122,7,"15.6,21.7,39.4,16.4","a,99,a,99",123,2,1,0,0,0,0,0,0,0,kinda good nothing apecial,,,,,,,,,,,,,,,,,,,,,,
lw,2024nyro,qm,7,b1,4930,13,0,,,"17.6,5.8,7.9,25.7,19.1,23.7","27,27,27,27,27,27",,0,1,0,0,0,0,0,0,0,",",,,,,,,,,,,,,,,,,,,,,,
eg,2024nyro,qm,7,r3,1450,12,0,,,,,,0,1,0,0,0,1,0,0,0,,,,,,,,,,,,,,,,,,,,,,,
lg,2024nyro,qm,7,r1,8145,48,0,167,,95.3,118,"94,119,118",0,1,0,0,0,0,0,0,0,,,,,,,,,,,,,,,,,,,,,,,
les,2024nyro,qm,7,r2,6621,24,0,119,,"3.1,34.7,11.8,25,25.4,18.8","119,118,143,119,118,119","119,119",0,1,0,0,0,0,0,0,0,climbed,,,,,,,,,,,,,,,,,,,,,,
ls,2024nyro,qm,8,b2,378,1,0,50,,,,,0,0,0,0,0,0,0,0,0,can't score really bad,,,,,,,,,,,,,,,,,,,,,,
lg,2024nyro,qm,8,r1,3951,36,0,,,"0.5,27.6,12.1,22","a,a,118,118",94,2,1,0,0,0,0,0,0,0,,,,,,,,,,,,,,,,,,,,,,,
JL,2024nyro,qm,8,r3,3838,24,0,119,"3,6",106.6,119,71,0,1,0,0,0,0,1,0,0,,,,,,,,,,,,,,,,,,,,,,,
lw,2024nyro,qm,8,b1,1405,25,10,"98,101",4,"27.3,10.6,25.7,31.4,20.8","27,27,74,3,74",,0,1,0,0,0,0,0,0,0,",",,,,,,,,,,,,,,,,,,,,,,
eg,2024nyro,qm,8,b3,1585,37,0,,,,,,0,0,1,1,0,0,0,0,0,,,,,,,,,,,,,,,,,,,,,,,
les,2024nyro,qm,8,r2,6911,12,0,143,,,,,0,0,0,1,0,0,0,0,0,appears that they broke setting and started playing d,,,,,,,,,,,,,,,,,,,,,,
les,2024nyro,qm,9,r2,4458,60,0,213,5,"1,14,5.8,16.3,36.7,26.9","118,117,118,94,142,118",142,0,1,0,0,0,0,0,0,0,climbed,,,,,,,,,,,,,,,,,,,,,,
JL,2024nyro,qm,9,r3,3173,24,0,"95,95","6,3","11.1,19.2,9.1,11.2,5.7,4.9,16.9,17.7,18.1","a,67,a,67,91,91,a,a,91",91,4,1,0,0,0,0,0,0,0,,,,,,,,,,,,,,,,,,,,,,,
lw,2024nyro,qm,9,b1,3044,13,0,,,,,,0,1,0,1,0,0,1,0,0,",",,,,,,,,,,,,,,,,,,,,,,
ls,2024nyro,qm,9,b2,3799,25,0,,,"70.5,15.1,24.5","a,a,99",,2,1,0,0,0,0,0,0,0,kinda mid,,,,,,,,,,,,,,,,,,,,,,
lg,2024nyro,qm,9,r1,334,36,0,94,,,,"140,168,123",0,1,0,0,0,0,0,0,1,note stuck whole match,,,,,,,,,,,,,,,,,,,,,,
eg,2024nyro,qm,9,b3,564,25,0,74,,"28.1,57.4","98,99",,0,0,1,1,0,0,0,0,0,,,,,,,,,,,,,,,,,,,,,,,
eg,2024nyro,qm,10,b3,7903,,0,,,,,,0,0,0,0,0,0,0,0,0,,,,,,,,,,,,,,,,,,,,,,,
lw,2024nyro,qm,10,b1,578,13,0,"74,76",4,"29.6,53.7,31.7","3,74,99",,0,1,0,0,0,0,0,0,0,",",,,,,,,,,,,,,,,,,,,,,,
les,2024nyro,qm,10,r2,1468,24,0,"118,119,95",6,"1.5,9.3,3,4.3,18.2,3.6,15.6,16.2,14,16.2,4.8,10","119,119,119,119,119,118,119,119,119,119,118,118",95,0,1,0,0,0,0,0,0,0,climbed,,,,,,,,,,,,,,,,,,,,,,
lg,2024nyro,qm,10,r1,271,60,0,,,,,,0,0,0,1,0,0,0,0,0,,,,,,,,,,,,,,,,,,,,,,,
ls,2024nyro,qm,10,b2,1518,25,0,50,,"12.7,8.8,56.1,15.9","74,99,75,99",76,0,1,1,0,0,0,0,0,0,okay but takes a long time to pick up an shoot,,,,,,,,,,,,,,,,,,,,,,
jl,2024nyro,qm,10,r3,1308,24,0,,,,,,0,0,0,0,0,0,0,0,0,:(,,,,,,,,,,,,,,,,,,,,,,
mg,2024nyro,qm,11,r2,1126,24,0,,,,,"119,118",0,1,0,0,0,0,0,0,0,had issues lining up,,,,,,,,,,,,,,,,,,,,,,
eg,2024nyro,qm,11,b3,5740,1,0,"98,122","1,4","7.6,12.3,15.4,5.5,13,13.9,32.6,16","74,148,122,122,123,147,52,52",122,0,1,0,0,0,0,0,0,0,,,,,,,,,,,,,,,,,,,,,,,
mc,2024nyro,qm,11,r1,2340,12,0,71,,"52,32.5,23.2","a,118,118",,1,0,1,1,0,0,0,0,0,,,,,,,,,,,,,,,,,,,,,,,
ZS,2024nyro,qm,11,b1,870,13,0,98,1,"8.3,31.8,56.5,11.4,8.9","98,51,100,51,75","99,123,125,52,76,76",0,1,0,0,0,0,0,0,0,shot a lot of notes outside field,,,,,,,,,,,,,,,,,,,,,,
hw,2024nyro,qm,11,r3,6353,36,0,,,,,,0,0,0,0,1,0,1,0,0,shooter broke,,,,,,,,,,,,,,,,,,,,,,
bo,2024nyro,qm,11,b2,4093,49,0,,,"44.4,58.1","94,70",,0,0,1,0,0,0,0,0,0,something bad happened,,,,,,,,,,,,,,,,,,,,,,
mg,2024nyro,qm,12,r2,340,36,0,"118,210","5,8","5.9,3.7,3.9,61.6,8.6,9.7,6,16","119,68,116,92,92,115,139,91",91,0,1,0,0,0,0,0,0,0,,,,,,,,,,,,,,,,,,,,,,,
eg,2024nyro,qm,12,b3,694,25,0,"122,122","14,11","20.4,18.1,3.9,0.1,24.4,37.3","3,27,a,a,27,101","53,51,101,101",2,1,0,0,0,0,0,0,0,,,,,,,,,,,,,,,,,,,,,,,
mc,2024nyro,qm,12,r1,5528,24,0,"94,93","6,3",33.9,93,94,0,1,1,0,1,0,0,0,0,,,,,,,,,,,,,,,,,,,,,,,
ZS,2024nyro,qm,12,b1,1507,13,0,"74,100,52","4,7","10.1,99.2","50,50",,0,1,0,0,0,0,0,0,0,mostly delivered notes to partners,,,,,,,,,,,,,,,,,,,,,,
bo,2024nyro,qm,12,b2,533,1,0,25,,0.1,145,,0,0,0,0,1,0,0,0,0,got stuck on chain(presumably),,,,,,,,,,,,,,,,,,,,,,
hw,2024nyro,qm,12,r3,191,24,0,,"3,2,5","16,78.9,13.3","95,115,91","68,92",0,0,0,0,0,0,0,0,0,Ã±uracy bad,,,,,,,,,,,,,,,,,,,,,,
bo,2024nyro,qm,13,b2,229,49,0,,,,,,0,0,0,1,0,0,0,0,0,drivebase,,,,,,,,,,,,,,,,,,,,,,
mg,2024nyro,qm,13,r2,639,36,0,,,,,,0,0,0,1,0,0,0,0,0,"took 45 sec to climb, and still dkdnt",,,,,,,,,,,,,,,,,,,,,,
mc,2024nyro,qm,13,r1,4991,12,2,68,,,,,0,1,1,0,1,0,0,0,0,,,,,,,,,,,,,,,,,,,,,,,
ZS,2024nyro,qm,13,b1,1591,13,0,"74,102,76","4,2,5","15.7,10.1,14.5,12.1,12.7,3.9,11.2,12.3,16.4","101,101,101,102,100,76,76,101,78",101,0,1,0,0,0,0,0,0,0,,,,,,,,,,,,,,,,,,,,,,,
eg,2024nyro,qm,13,b3,3003,37,0,171,,"7.1,10.3,65.7,31.9","75,123,123,99","148,148,148,122",0,1,0,0,0,0,0,0,0,,,,,,,,,,,,,,,,,,,,,,,
hw,2024nyro,qm,13,r3,1450,24,0,,,,,,0,0,0,0,0,0,0,0,1,they damaged shooter,,,,,,,,,,,,,,,,,,,,,,
ZS,2024nyro,qm,14,b1,6911,13,0,74,,,,,0,1,0,1,0,0,0,0,0,,,,,,,,,,,,,,,,,,,,,,,
mc,2024nyro,qm,14,r1,1559,24,0,,,"37.8,35.1","115,140",,0,1,0,0,0,0,0,0,0,,,,,,,,,,,,,,,,,,,,,,,
mg,2024nyro,qm,14,r2,4930,48,0,,,52.3,a,,1,1,0,1,0,0,0,0,0,,,,,,,,,,,,,,,,,,,,,,,
eg,2024nyro,qm,14,b3,3117,25,0,146,,"12.8,2.4,35.3,2.3,22.8","27,a,27,a,74",,2,1,0,0,0,0,0,0,0,,,,,,,,,,,,,,,,,,,,,,,
hw,2024nyro,qm,14,r3,3181,36,0,"118,139","9,11","0.1,16.2,6.3,20.6,22,3.8,29","116,68,68,93,a,92,a",,2,0,0,0,0,0,0,0,0,,,,,,,,,,,,,,,,,,,,,,,
bo,2024nyro,qm,14,b2,378,13,0,49,,"29.6,35,10.9","74,98,98",,0,1,0,0,0,0,0,0,0,plez magic number men make the images flip,,,,,,,,,,,,,,,,,,,,,,
eg,2024nyro,qm,15,b3,334,49,0,,,11.7,74,,0,0,0,1,0,0,0,0,0,,,,,,,,,,,,,,,,,,,,,,,
bo,2024nyro,qm,15,b2,6868,25,0,98,,114.2,98,"98,98,97,97,98",0,1,0,0,0,0,0,0,0,always a little short,,,,,,,,,,,,,,,,,,,,,,
ZS,2024nyro,qm,15,b1,2228,13,0,"50,74,74","7,1","10,7,30.2,27.1,16.3","a,a,75,75,98",,2,1,1,0,0,0,0,0,0,,,,,,,,,,,,,,,,,,,,,,,
mg,2024nyro,qm,15,r2,4458,48,0,"189,204,132,235,211",,"9.2,9.6,42,11.8,25.3","95,94,41,91,91","228,276,250",0,1,0,0,0,0,0,0,0,,,,,,,,,,,,,,,,,,,,,,,
mc,2024nyro,qm,15,r1,27,12,0,"93,117",2,"29.8,5.6,14.8,5.5,5,47","a,a,a,94,141,212",64,3,1,1,0,0,0,0,0,0,,,,,,,,,,,,,,,,,,,,,,,
hw,2024nyro,qm,15,r3,8595,24,0,118,,0.1,116,,0,0,0,1,0,0,0,0,0,cycles not accurate forgot start,,,,,,,,,,,,,,,,,,,,,,
jp,2024nyro,qm,16,r3,3799,12,0,,,"16,80.8,15.3","94,118,71",,0,1,0,0,0,0,0,0,0,slow and in the way of friends,,,,,,,,,,,,,,,,,,,,,,
JL,2024nyro,qm,16,b1,3044,13,0,,,"37.1,12.6,7.5,9.4,21.5,28.6","74,74,50,75,74,a",74,1,1,0,0,0,0,0,0,0,,,,,,,,,,,,,,,,,,,,,,,
eg,2024nyro,qm,16,r2,3015,36,0,"118,235",11,"5.1,29.9,9.5,8.3,8.7,9.9,15.2,8.6,16.2","a,93,116,92,116,116,139,115,117",189,1,1,0,0,0,0,0,0,0,,,,,,,,,,,,,,,,,,,,,,,
lg,2024nyro,qm,16,r1,1405,48,0,143,,,,,0,0,0,0,1,0,0,0,0,dead whole match,,,,,,,,,,,,,,,,,,,,,,
les,2024nyro,qm,16,b3,6621,13,0,98,,10.8,a,,1,1,0,0,0,0,0,0,0,climbed,,,,,,,,,,,,,,,,,,,,,,
bo,2024nyro,qm,16,b2,3193,25,0,,,"22.4,15.7,7.4,27.9,7.3,5.3","75,99,a,74,99,98","100,98,98",1,1,0,0,0,0,0,0,0,kinda good but can only shoot from subwoofer,,,,,,,,,,,,,,,,,,,,,,
les,2024nyro,qm,17,b3,7709,37,0,98,,"15.9,48.4,5.9,6.3,22.7","98,98,97,98,97","121,98,145",0,1,0,0,0,0,0,0,0,climbed,,,,,,,,,,,,,,,,,,,,,,
ls,2024nyro,qm,17,b2,564,13,0,49,,"63.3,60.3","98,74",122,0,0,1,0,0,0,0,0,0,slow an can only pick up from source but slow at it,,,,,,,,,,,,,,,,,,,,,,
JL,2024nyro,qm,17,b1,3838,13,0,"74,74","4,7","19.3,5.7,6.7,58.3,31.8","74,75,98,73,99","50,155,50,25",0,1,0,0,0,0,0,0,0,,,,,,,,,,,,,,,,,,,,,,,
eg,2024nyro,qm,17,r2,7036,24,0,118,,,,118,0,1,0,0,0,0,0,0,0,,,,,,,,,,,,,,,,,,,,,,,
lw,2024nyro,qm,17,r1,1511,25,0,122,7,"43.6,0.8,58.2","91,22,141","211,91,91",0,1,0,0,0,0,0,0,0,",",,,,,,,,,,,,,,,,,,,,,,
lg,2024nyro,qm,17,r3,3951,24,0,117,,,,,0,0,0,1,0,0,0,0,1,hooked by note all match,,,,,,,,,,,,,,,,,,,,,,
eg,2024nyro,qm,18,r2,8145,12,0,71,,"74.4,16.6,27.4","118,118,118",,0,1,0,0,0,0,0,0,0,,,,,,,,,,,,,,,,,,,,,,,
lw,2024nyro,qm,18,r1,120,24,5,118,6,"25.9,18.1,42.4,18.1","117,94,143,118",,0,1,0,0,0,0,0,0,0,",",,,,,,,,,,,,,,,,,,,,,,
les,2024nyro,qm,18,b3,1585,13,0,,,104.2,97,,0,0,1,0,0,0,0,0,0,doesn't shoot very well,,,,,,,,,,,,,,,,,,,,,,
lg,2024nyro,qm,18,r3,6300,36,0,143,,"28.5,14.7","a,a",48,2,1,0,0,0,0,1,0,0,,,,,,,,,,,,,,,,,,,,,,,
JL,2024nyro,qm,18,b1,424,25,0,,,,,,0,0,0,0,0,0,0,0,0,:(,,,,,,,,,,,,,,,,,,,,,,
ls,2024nyro,qm,18,b2,3173,13,0,"50,53,50,32","2,1,4","11.7,10.5,10.2,4.7,4.6,7.9,23.1,30.7,6.4,18.1","a,a,75,75,76,a,a,78,76,53",,4,1,0,0,0,0,0,0,0,fast and good scoring,,,,,,,,,,,,,,,,,,,,,,
eg,2024nyro,qm,19,r2,870,36,0,"95,93,141","9,6",86.2,a,,1,0,0,1,0,0,0,0,0,,,,,,,,,,,,,,,,,,,,,,,
les,2024nyro,qm,19,b3,5528,13,0,49,,"16.3,16,55.5,13.4,14.3","98,98,121,98,98",73,0,1,0,0,0,0,0,0,0,climbed,,,,,,,,,,,,,,,,,,,,,,
lw,2024nyro,qm,19,r1,6353,48,0,,,,,,0,1,0,0,1,0,0,0,0,",",,,,,,,,,,,,,,,,,,,,,,
ls,2024nyro,qm,19,b2,1591,13,0,126,,"15.8,17.2,15,31.1,19,25.3","a,76,100,a,a,a",99,4,1,0,0,0,0,0,0,0,"pretty fat and good amp scoring, missed a lot in auto",,,,,,,,,,,,,,,,,,,,,,
JL,2024nyro,qm,19,b1,1308,49,0,,,"60,10.7","a,a",,2,1,0,1,0,0,0,0,0,,,,,,,,,,,,,,,,,,,,,,,
lg,2024nyro,qm,19,r3,229,12,0,,,,,,0,0,0,1,0,0,0,0,0,played defence,,,,,,,,,,,,,,,,,,,,,,
ls,2024nyro,qm,20,b2,1450,25,0,,,,,,0,0,0,0,1,0,0,0,0,"didnt move for half the game, note stuck for ret but can't really move",,,,,,,,,,,,,,,,,,,,,,
eg,2024nyro,qm,20,r2,3181,12,0,"47,93",6,"7.6,7.5,10.3,11.1,22,14.9,20.3,14.3,16.3","a,a,a,69,a,a,117,118,118",,5,1,0,0,0,0,0,0,0,,,,,,,,,,,,,,,,,,,,,,,
lg,2024nyro,qm,20,r3,271,60,0,,,,,,0,0,0,1,0,0,0,0,0,,,,,,,,,,,,,,,,,,,,,,,
lw,2024nyro,qm,20,r1,340,36,0,117,,"34.1,16.5,5.6,12.2,10.1,18.3,0.5,14.9","116,116,92,116,116,116,116,93",115,0,1,0,0,0,0,0,0,0,",",,,,,,,,,,,,,,,,,,,,,,
JL,2024nyro,qm,20,b1,191,49,0,,"14,11",131.8,75,"175,125,102",0,1,0,0,0,0,0,0,0,,,,,,,,,,,,,,,,,,,,,,,
les,2024nyro,qm,20,b3,578,13,0,"98,74,97","4,1,7","91.7,17.2","98,98","98,27,98",0,1,0,0,0,0,0,0,0,,,,,,,,,,,,,,,,,,,,,,,
mc,2024nyro,qm,21,r1,694,24,0,"164,108","6,9",,,"165,117",0,1,0,1,0,0,0,0,0,,,,,,,,,,,,,,,,,,,,,,,
les,2024nyro,qm,21,b1,639,1,0,,,"7.2,26.8,14.3,43.9","a,a,a,a",27,4,1,0,0,0,0,0,0,0,,,,,,,,,,,,,,,,,,,,,,,
eg,2024nyro,qm,21,r2,4930,60,0,,,"9.1,10.2,4.3,22.8,25.3,19.1,23.1","a,117,189,a,a,a,a",,5,1,0,0,0,0,0,0,0,,,,,,,,,,,,,,,,,,,,,,,
bo,2024nyro,qm,21,b2,4093,49,0,,,"10.8,92.4","121,98",,0,0,1,0,0,0,0,0,0,very slow at times,,,,,,,,,,,,,,,,,,,,,,
nv,2024nyro,qm,21,r3,334,24,0,,,"44.4,43.5","118,119",,0,1,0,0,0,0,0,0,0,,,,,,,,,,,,,,,,,,,,,,,
hw,2024nyro,qm,21,b3,4458,13,0,"122,124",7,"1.2,5.4,29.3,22,39.7,6.9,7.8","124,173,101,77,53,125,51",101,0,1,0,1,0,0,0,0,0,,,,,,,,,,,,,,,,,,,,,,,
les,2024nyro,qm,22,b1,1405,25,0,,7,"19.2,20.9,19.6,14.1,29.3,14.6","121,49,a,a,49,49",121,2,1,0,0,0,0,0,0,0,climbed,,,,,,,,,,,,,,,,,,,,,,
eg,2024nyro,qm,22,r2,533,36,0,143,,"34.4,59","95,143",119,0,1,0,0,0,0,0,0,0,,,,,,,,,,,,,,,,,,,,,,,
bo,2024nyro,qm,22,b2,2228,13,0,"74,99",,"17.3,0.3,17.3,54.3","a,a,a,98",98,3,1,1,0,0,0,0,0,0,it trapped,,,,,,,,,,,,,,,,,,,,,,
nv,2024nyro,qm,22,r3,3117,24,0,142,,"0.1,8.6,9.5","118,95,118",,0,1,0,0,0,0,0,0,0,,,,,,,,,,,,,,,,,,,,,,,
hw,2024nyro,qm,22,b3,2340,13,0,,,"35.7,30.2","74,74",,0,0,1,0,0,0,0,0,0,struggle to intake hard to line up climb,,,,,,,,,,,,,,,,,,,,,,
mc,2024nyro,qm,22,r1,3003,12,0,45,3,"33.3,42.3","a,a",,2,1,0,0,0,0,0,0,0,,,,,,,,,,,,,,,,,,,,,,,
lg,2024nyro,qm,23,b1,3799,,0,,,,,,0,0,0,0,0,0,0,0,1,not present at match,,,,,,,,,,,,,,,,,,,,,,
nv,2024nyro,qm,23,r3,378,36,0,,9,,,,0,0,0,1,0,0,0,0,0,,,,,,,,,,,,,,,,,,,,,,,
bo,2024nyro,qm,23,b2,5740,37,0,98,,"34.2,6,13.6,15.7","74,74,98,98","98,99",0,1,0,0,0,0,0,0,0,,,,,,,,,,,,,,,,,,,,,,,
hw,2024nyro,qm,23,b3,4991,49,0,,,"8.7,54.6,17.8,29.1","a,a,a,a",,4,1,0,0,0,0,1,0,0,,,,,,,,,,,,,,,,,,,,,,,
eg,2024nyro,qm,23,r2,1518,36,0,118,,47,94,"118,118",0,1,0,0,0,0,0,0,0,climbed,,,,,,,,,,,,,,,,,,,,,,
mc,2024nyro,qm,23,r1,27,12,0,"47,92","2,5","16.1,7,26.8,24.1,13.4,14.8,3.5","a,a,a,90,211,140,140",,3,1,1,1,0,0,0,0,0,,,,,,,,,,,,,,,,,,,,,,,
eg,2024nyro,qm,24,r2,6911,24,0,95,,"16.5,66.4","95,95","94,118",0,1,0,0,0,0,0,0,0,climbed,,,,,,,,,,,,,,,,,,,,,,
nv,2024nyro,qm,24,r3,1559,24,0,,,"10.8,64.6,29.2","90,65,65",92,0,0,0,0,0,0,0,0,0,,,,,,,,,,,,,,,,,,,,,,,
lg,2024nyro,qm,24,b1,1507,25,0,"94,93","6,5","53.4,53.9,8.4","168,195,142",,0,1,0,0,0,0,1,0,0,,,,,,,,,,,,,,,,,,,,,,,
bo,2024nyro,qm,24,b2,7036,49,0,,,,,122,0,0,0,1,0,0,0,0,1,didn't seem to ever score,,,,,,,,,,,,,,,,,,,,,,
hw,2024nyro,qm,24,b3,3173,1,0,"50,52","1,2","5.6,12.7,17.7,24.8,13.6,13.1,12.8,18.6,10.4","a,a,a,52,a,a,76,76,76",,5,1,0,0,0,0,0,0,0,,,,,,,,,,,,,,,,,,,,,,,
mc,2024nyro,qm,24,r1,1511,36,0,"143,167",9,"12.5,28,34.7,9.9","a,a,a,164",,3,1,1,0,0,1,0,0,0,,,,,,,,,,,,,,,,,,,,,,,
eg,2024nyro,qm,25,r2,6621,60,0,,,,,"21,227,227,251,94",0,0,0,1,0,0,0,0,0,"ferried notes, note didn't fully make it in amp",,,,,,,,,,,,,,,,,,,,,,
nv,2024nyro,qm,25,r3,424,24,0,,,"17.6,20.7,23.5,2.7,0.2,21.4","94,45,45,a,a,94",,2,1,0,0,0,0,0,0,0,,,,,,,,,,,,,,,,,,,,,,,
bo,2024nyro,qm,25,b2,564,25,0,74,,"57.6,51","98,98","98,98",0,0,1,0,0,0,0,0,0,might've missed a speaker shot,,,,,,,,,,,,,,,,,,,,,,
lg,2024nyro,qm,25,b1,3193,1,0,,,,,,0,0,0,1,0,0,0,0,0,played defence,,,,,,,,,,,,,,,,,,,,,,
hw,2024nyro,qm,25,b3,1585,13,0,,,,,"75,74",0,0,1,0,0,0,1,0,0,,,,,,,,,,,,,,,,,,,,,,,
mc,2024nyro,qm,25,r1,1468,36,0,95,"9,6","6.8,9.8,9.8,20.5,16,28.8,9.3,12,12.7","68,166,142,117,165,118,118,118,71",,0,1,0,0,0,0,0,0,0,,,,,,,,,,,,,,,,,,,,,,,
eg,2024nyro,qm,26,r3,7903,,0,,,,,,0,0,0,0,0,0,0,0,0,no show,,,,,,,,,,,,,,,,,,,,,,
lg,2024nyro,qm,26,b1,3951,25,0,,3,2.2,a,,1,0,0,0,0,0,0,0,0,,,,,,,,,,,,,,,,,,,,,,,
ZS,2024nyro,qm,26,r1,3015,24,0,147,"2,9",,,,0,1,0,1,0,0,0,0,0,,,,,,,,,,,,,,,,,,,,,,,
les,2024nyro,qm,26,b3,8595,13,0,98,,0.8,98,"98,98",0,1,0,0,0,0,0,0,0,,,,,,,,,,,,,,,,,,,,,,,
bo,2024nyro,qm,26,b2,7709,13,1,49,,6.3,49,49,0,1,0,1,0,0,0,0,0,,,,,,,,,,,,,,,,,,,,,,,
les,2024nyro,qm,27,b3,6868,25,0,,,"1.8,5.9,24.7,28.1,16.9","98,98,98,98,73","98,98",0,1,0,0,0,0,0,0,0,climbed,,,,,,,,,,,,,,,,,,,,,,
lg,2024nyro,qm,27,b1,6300,37,0,,,"16,8,23.1,29.2,14.1,11.9","100,99,100,76,100,99","76,53,148",0,0,1,0,0,0,1,0,0,,,,,,,,,,,,,,,,,,,,,,,
bo,2024nyro,qm,27,b2,3044,13,0,,,,,,0,0,0,1,0,0,0,0,0,,,,,,,,,,,,,,,,,,,,,,,
ZS,2024nyro,qm,27,r1,3838,24,0,"118,94,118","6,9","12.4,10.1,33.6,7.5,8.5,39.1,16.8","94,94,94,94,95,117,118",95,0,1,0,1,0,0,0,0,0,,,,,,,,,,,,,,,,,,,,,,,
ls,2024nyro,qm,27,r2,8145,36,0,118,,,,118,0,1,0,0,0,0,1,0,0,intake takes forever and shooting doesn't work,,,,,,,,,,,,,,,,,,,,,,
eg,2024nyro,qm,27,r3,1126,12,0,"68,118","9,6","17.7,5.8,29.9,40.3","a,a,a,117",,3,1,0,0,0,0,0,0,0,only picked up one during auto,,,,,,,,,,,,,,,,,,,,,,
ZS,2024nyro,qm,28,r1,3181,36,0,"143,117","9,11","6.9,12.9,22.8,14.9","118,94,94,143",118,0,0,1,0,0,0,0,0,0,,,,,,,,,,,,,,,,,,,,,,,
lg,2024nyro,qm,28,b1,3003,13,0,76,,"3.9,8.7,9.8,33.4,7.6,15.3,30.5","101,78,78,102,78,77,53",,0,1,0,0,0,0,0,0,0,,,,,,,,,,,,,,,,,,,,,,,
eg,2024nyro,qm,28,r3,4093,24,0,,,9.3,71,"71,48",0,0,1,0,0,0,0,0,0,,,,,,,,,,,,,,,,,,,,,,,
ls,2024nyro,qm,28,r2,1308,36,0,119,,"16.4,67.7","a,a",,2,0,1,0,0,0,0,0,0,"slow, kitbot",,,,,,,,,,,,,,,,,,,,,,
les,2024nyro,qm,28,b3,4458,13,0,"98,98,50",4,"7.1,17.6,45.5,38.3","a,97,98,98",,1,1,0,0,0,0,0,0,0,climbed,,,,,,,,,,,,,,,,,,,,,,
bo,2024nyro,qm,28,b2,1405,25,0,121,11,"0.1,14.7,23,18.1,18.7,6.9","a,a,49,a,a,49",49,4,1,0,0,0,0,0,0,0,,,,,,,,,,,,,,,,,,,,,,,
les,2024nyro,qm,29,b3,4930,1,0,,,"5.4,11.7,12,22.8,13.1","a,a,a,a,a",,5,1,0,0,0,0,0,0,0,,,,,,,,,,,,,,,,,,,,,,,
nv,2024nyro,qm,29,b2,533,13,0,98,4,"9.6,4.8,10.1,37.4,37.5","98,74,98,74,121",,0,1,0,0,0,0,0,0,0,,,,,,,,,,,,,,,,,,,,,,,
lg,2024nyro,qm,29,b1,3799,25,0,,,,,98,0,1,0,0,1,0,0,0,1,"died,came back died on subwoofer, tried to climb and failed",,,,,,,,,,,,,,,,,,,,,,
eg,2024nyro,qm,29,r3,578,24,0,,,"6.4,11.2,6.1,7.5,17.3,27.2,11.3,20.3,19.7","118,94,118,118,94,a,a,94,118","118,118",2,1,0,0,0,0,0,0,0,,,,,,,,,,,,,,,,,,,,,,,
ls,2024nyro,qm,29,r2,271,60,0,,,,,,0,0,0,0,0,0,0,0,0,"cant shoot or intake, match was actually full o bots",,,,,,,,,,,,,,,,,,,,,,
ZS,2024nyro,qm,29,r1,6353,60,0,,,,,,0,0,0,0,1,0,0,0,1,dead most of the match. did very little when mobile,,,,,,,,,,,,,,,,,,,,,,
lg,2024nyro,qm,30,b1,1511,25,0,"98,99",4,"2.3,33.8,25,8.7,21.9,24.6","a,77,a,a,a,a",,5,1,0,0,0,0,0,0,0,,,,,,,,,,,,,,,,,,,,,,,
ls,2024nyro,qm,30,r2,3117,36,0,,,40.1,a,,1,0,0,0,0,0,0,0,0,cant pic up or shot,,,,,,,,,,,,,,,,,,,,,,
nv,2024nyro,qm,30,b2,3173,1,0,"194,170","4,1,2","17.5,5.2,25.9,5.4","99,a,74,75","77,101",1,0,0,1,0,0,0,0,0,,,,,,,,,,,,,,,,,,,,,,,
ZS,2024nyro,qm,30,r1,5740,24,0,"69,44,117","3,6","2.1,19.6,12,13.9,46,17.6","94,93,118,118,117,94",140,0,1,0,0,0,0,0,0,0,,,,,,,,,,,,,,,,,,,,,,,
les,2024nyro,qm,30,b3,340,25,0,98,"11,14","40.4,10.6,24.6,13.2,7.6,17.1","98,123,99,75,98,99","99,98",0,1,0,0,0,0,0,0,0,,,,,,,,,,,,,,,,,,,,,,,
eg,2024nyro,qm,30,r3,229,48,0,,,,,,0,0,0,1,0,0,0,0,0,disbled,,,,,,,,,,,,,,,,,,,,,,
mc,2024nyro,qm,31,b1,7036,13,0,,,"15,28.4,75.8","148,148,101",,0,1,0,0,0,0,0,0,0,,,,,,,,,,,,,,,,,,,,,,,
bo,2024nyro,qm,31,r2,378,12,0,,,,,,0,0,0,0,1,0,0,0,1,"was technically moving, but at a snails pace",,,,,,,,,,,,,,,,,,,,,,
JL,2024nyro,qm,31,r1,424,36,0,,,"26.4,27.2,12.1,11,29","93,a,a,93,117",,2,1,0,0,0,0,0,0,0,,,,,,,,,,,,,,,,,,,,,,,
nv,2024nyro,qm,31,b2,334,37,0,,,,,,0,0,0,1,1,0,0,0,0,,,,,,,,,,,,,,,,,,,,,,,
hw,2024nyro,qm,31,b3,6621,13,0,76,,"4.5,29.3,15.1,12.8,42.5","a,a,a,99,a",98,4,1,0,0,0,0,0,0,0,,,,,,,,,,,,,,,,,,,,,,,
lw,2024nyro,qm,31,r3,5528,24,0,71,,0.1,141,"118,94",0,1,0,0,0,0,0,0,0,",",,,,,,,,,,,,,,,,,,,,,,
mc,2024nyro,qm,32,b1,120,25,0,,4,"13.4,11.2,20.4,17.2,23.8,12,22.3","125,148,98,98,98,74,74",,0,1,0,0,0,0,0,0,0,,,,,,,,,,,,,,,,,,,,,,,
bo,2024nyro,qm,32,r2,2340,12,0,72,,"36.9,22.4","94,118",119,0,0,1,0,0,0,0,0,0,,,,,,,,,,,,,,,,,,,,,,,
nv,2024nyro,qm,32,b2,1450,13,0,,,27.3,a,,1,1,0,0,0,0,0,0,0,,,,,,,,,,,,,,,,,,,,,,,
lw,2024nyro,qm,32,r3,694,36,0,"93,116,68","6,3","57.2,7.7,13.7,16.2,9.1,3.5","45,92,46,22,92,92",92,0,1,0,0,0,0,0,0,0,",",,,,,,,,,,,,,,,,,,,,,,
JL,2024nyro,qm,32,r1,564,36,0,143,,"43.1,24.3,50.8","95,94,118","118,118",0,0,1,0,0,0,0,0,0,,,,,,,,,,,,,,,,,,,,,,,
hw,2024nyro,qm,32,b3,1518,25,0,97,,"17.7,34.4,32.8,25.3","76,100,74,148",76,0,1,0,0,0,0,0,0,0,,,,,,,,,,,,,,,,,,,,,,,
mc,2024nyro,qm,33,b1,6868,25,0,"98,74","4,7","32.6,9.6,22,12.2,15.5,18.2","98,74,98,74,98,74",74,0,1,0,0,0,0,0,0,0,,,,,,,,,,,,,,,,,,,,,,,
lw,2024nyro,qm,33,r3,6911,36,0,"143,164",9,54.9,95,"46,46",0,1,0,0,0,0,0,0,0,",",,,,,,,,,,,,,,,,,,,,,,
nv,2024nyro,qm,33,b2,7709,25,0,"100,76","4,7",21.3,a,,1,1,0,1,0,0,0,0,0,climbed,,,,,,,,,,,,,,,,,,,,,,
hw,2024nyro,qm,33,b3,27,13,0,,1,"0.1,8.6,32.2,5,4.7,10.7,15.4,21.3","a,a,a,123,98,101,75,100",,3,1,0,0,0,0,0,0,0,,,,,,,,,,,,,,,,,,,,,,,
bo,2024nyro,qm,33,r2,3044,24,0,,,,,"143,94",0,0,0,1,0,0,0,0,0,stopped shooting for some reason,,,,,,,,,,,,,,,,,,,,,,
JL,2024nyro,qm,33,r1,1585,24,0,117,,,,118,0,0,1,0,0,0,0,0,0,a note got stuck,,,,,,,,,,,,,,,,,,,,,,
nv,2024nyro,qm,34,b2,1468,13,0,"98,124,100","4,7","9.9,38.4,25.1,32.6,9.6,4.9","a,98,a,97,98,98",,2,1,0,0,0,0,0,0,0,climbed,,,,,,,,,,,,,,,,,,,,,,
lw,2024nyro,qm,34,r3,8595,36,0,143,,10,118,,0,1,0,0,0,0,0,0,0,",",,,,,,,,,,,,,,,,,,,,,,
bo,2024nyro,qm,34,r2,1126,12,0,71,,"22.8,58.6","93,91",,0,1,0,0,0,0,0,0,0,not Shure about the accuracy of this data,,,,,,,,,,,,,,,,,,,,,,
mc,2024nyro,qm,34,b1,1559,37,0,,,"17.7,16.5,7,60.9","221,98,52,98",,0,1,0,0,0,0,0,0,0,,,,,,,,,,,,,,,,,,,,,,,
hw,2024nyro,qm,34,b3,3838,13,0,50,,,,,0,1,0,0,0,0,0,0,0,passed all game,,,,,,,,,,,,,,,,,,,,,,
JL,2024nyro,qm,34,r1,1591,36,0,119,2,"8.2,10.1,6.6,6.4,11.8,12.1,8.6,10.3,11.1,24.9,10.5","a,91,90,67,91,91,90,91,91,91,91",,1,1,0,0,0,0,0,0,0,,,,,,,,,,,,,,,,,,,,,,,
bo,2024nyro,qm,35,r2,639,12,0,,,"5.5,35.5,36","48,118,144",,0,1,0,0,0,0,0,0,0,,,,,,,,,,,,,,,,,,,,,,,
lw,2024nyro,qm,35,r3,1507,24,0,118,14,"40.5,22.5,40","143,118,93",,0,1,0,0,0,0,0,0,0,",",,,,,,,,,,,,,,,,,,,,,,
nv,2024nyro,qm,35,b2,6300,1,0,26,,"15.9,53.4,22.6,15.2,11.9","74,102,98,98,98",,0,1,1,0,0,0,0,0,0,,,,,,,,,,,,,,,,,,,,,,,
hw,2024nyro,qm,35,b3,3951,25,0,,,"29.9,41.7","a,a",,2,1,0,0,0,0,0,0,0,,,,,,,,,,,,,,,,,,,,,,,
JL,2024nyro,qm,35,r1,3193,36,0,118,,"6.2,40,27.8,19.4,27.6","94,a,118,118,94",,1,1,0,0,0,0,0,0,0,,,,,,,,,,,,,,,,,,,,,,,
mc,2024nyro,qm,35,b1,7903,49,0,,,,,,0,0,0,0,1,0,0,0,0,,,,,,,,,,,,,,,,,,,,,,,
lw,2024nyro,qm,36,r3,191,60,0,,14,"37.5,35.4,25.6","117,118,118",140,0,1,0,0,0,0,0,0,0,",",,,,,,,,,,,,,,,,,,,,,,
lg,2024nyro,qm,36,r1,870,36,0,94,5,"6.3,8.2,31.3,35.6,20.2","91,115,90,90,117","89,89,89,115",0,1,0,0,0,0,0,0,0,,,,,,,,,,,,,,,,,,,,,,,
ls,2024nyro,qm,36,b2,4991,1,1,,,"23.4,21.1,23.6,23.3,20.4","a,a,a,a,a",,5,0,1,0,0,0,0,0,0,"good at amp, semi fast, no speaker",,,,,,,,,,,,,,,,,,,,,,
hw,2024nyro,qm,36,b3,8145,25,0,148,,"22.7,19.5,24.1,27.1,19.9","98,98,98,74,74",,0,0,1,0,0,0,0,0,0,had trouble getting note from source,,,,,,,,,,,,,,,,,,,,,,
les,2024nyro,qm,36,r2,3015,24,0,119,"6,3","6.2,2.6,15.9,21.4,15.2,13.2,11.4","a,a,a,a,a,118,a",46,6,1,0,0,0,0,0,0,0,smashed into stage,,,,,,,,,,,,,,,,,,,,,,
eg,2024nyro,qm,36,b1,2228,25,0,"118,118,118,118","6,3,9",5,118,,0,1,0,0,1,0,0,0,1,,,,,,,,,,,,,,,,,,,,,,,
lw,2024nyro,qm,37,r3,7036,12,0,,,"13,14.4,18,20.8,26.8","21,21,21,21,22",116,0,1,0,0,0,0,0,0,0,",",,,,,,,,,,,,,,,,,,,,,,
ls,2024nyro,qm,37,b2,271,25,0,,,,,,0,0,0,0,0,0,0,0,0,can't score or pickup,,,,,,,,,,,,,,,,,,,,,,
hw,2024nyro,qm,37,b3,334,1,0,,,,,,0,0,0,1,0,0,0,0,0,,,,,,,,,,,,,,,,,,,,,,,
les,2024nyro,qm,37,r2,6353,48,0,,,,,,0,0,0,1,0,0,0,0,1,quite literally everything broke. end effector dissichatached and bumpers are damaged. also destroyed note.,,,,,,,,,,,,,,,,,,,,,,
eg,2024nyro,qm,37,b1,229,49,0,,,,,,0,0,0,1,0,0,0,0,0,,,,,,,,,,,,,,,,,,,,,,,
eg,2024nyro,qm,38,b1,340,25,0,71,"5,9","0.1,42.4,13.4,20.4,12.5","118,118,118,95,142",,0,1,1,0,0,0,0,0,0,"intake was put up, entangling it with the chain",,,,,,,,,,,,,,,,,,,,,,
les,2024nyro,qm,38,r2,120,24,0,119,6,"21.7,43.3,24.8","118,94,118","118,119,119,119,119,118,118",0,1,0,0,0,0,0,0,0,,,,,,,,,,,,,,,,,,,,,,,
ls,2024nyro,qm,38,b2,3799,13,0,,,"9.2,21.4,10.7,22.3,25.2","99,98,50,74,74",98,0,1,0,0,0,0,0,0,0,kinda ok can score speaker kinda fast,,,,,,,,,,,,,,,,,,,,,,
hw,2024nyro,qm,38,b3,3003,1,0,101,,"14.1,9.9,29.9,23.8,39.5","a,a,a,101,125","125,124,173",3,1,0,0,0,0,0,0,0,,,,,,,,,,,,,,,,,,,,,,,
hw,2024nyro,qm,38,r3,564,36,0,143,,"24.3,69","143,143","118,119,143,143",0,0,1,0,0,0,0,0,0,,,,,,,,,,,,,,,,,,,,,,,
lg,2024nyro,qm,38,r1,1308,12,0,,,"41.8,48","a,a",,2,0,1,0,0,0,0,0,0,,,,,,,,,,,,,,,,,,,,,,,
lg,2024nyro,qm,39,r1,1518,48,0,,,"0.1,22.8","141,91",,0,1,0,0,0,0,0,0,0,,,,,,,,,,,,,,,,,,,,,,,
ls,2024nyro,qm,39,b2,5528,13,0,,,,,,0,0,0,0,1,0,0,0,0,didn't move entire game,,,,,,,,,,,,,,,,,,,,,,
eg,2024nyro,qm,39,b1,1450,13,0,,,,,,0,0,0,0,1,0,0,0,0,,,,,,,,,,,,,,,,,,,,,,,
hw,2024nyro,qm,39,b3,4093,13,0,,,,,,0,0,0,0,1,0,0,0,0,,,,,,,,,,,,,,,,,,,,,,,
hw,2024nyro,qm,39,r3,6868,24,0,"94,95",6,"24.8,21.5,13.7,15.3,1.5,8.5,15.3","118,94,118,118,93,93,94",,0,1,0,0,0,0,0,0,0,,,,,,,,,,,,,,,,,,,,,,,
les,2024nyro,qm,39,r2,6911,12,0,71,3,,,,0,0,0,0,1,0,0,0,0,,,,,,,,,,,,,,,,,,,,,,,
lg,2024nyro,qm,40,r1,27,24,0,"93,44",5,,,91,0,1,0,0,0,0,0,0,0,passed to teammate,,,,,,,,,,,,,,,,,,,,,,
ls,2024nyro,qm,40,b2,1511,13,0,,,"8.1,33.1,39.6,20.8","a,75,75,99",,1,1,0,0,0,0,0,0,0,us but 2x worse,,,,,,,,,,,,,,,,,,,,,,
hw,2024nyro,qm,40,b3,1405,13,0,"100,75","7,1,4",12.1,122,,0,1,0,1,0,0,0,0,0,notestck in intake played defense,,,,,,,,,,,,,,,,,,,,,,
les,2024nyro,qm,40,r2,424,24,0,"118,118",9,"1.3,14.7,7.7,31.7,14","a,118,a,119,118",,2,1,0,0,0,0,0,0,0,climbed,,,,,,,,,,,,,,,,,,,,,,
eg,2024nyro,qm,40,b1,694,37,0,"146,145",2,"6.3,10.7,9.2,22.8","51,a,a,75",51,2,0,0,0,0,0,0,0,1,note got stuck in robot halfway through,,,,,,,,,,,,,,,,,,,,,,
lg,2024nyro,qm,41,r1,6300,36,0,142,,"8.3,5.5,19.9,15,12.4,16.2,18.8","94,117,141,93,118,117,93",166,0,1,1,0,0,0,0,0,0,,,,,,,,,,,,,,,,,,,,,,,
JL,2024nyro,qm,41,r3,7709,12,0,,,,,,0,0,0,1,0,0,0,0,0,,,,,,,,,,,,,,,,,,,,,,,
bo,2024nyro,qm,41,b1,4458,25,0,"145,145",,"2.4,9.8,29.6,35.5,12.3,18.9,8.8","74,99,75,a,75,99,122",,1,0,0,0,0,0,0,0,0,,,,,,,,,,,,,,,,,,,,,,,
les,2024nyro,qm,41,r2,578,24,0,118,,"75.1,19.4","a,a",119,2,1,0,0,0,0,0,0,0,briefly died and it also sucessfuly climbed,,,,,,,,,,,,,,,,,,,,,,
hw,2024nyro,qm,41,b3,3117,13,0,121,,"29.3,19.7",,,,,,,,,,,,,,,,,,,,,,,,,,,,,,,,,,
mc,2024nyro,qm,41,b2,6621,13,0,148,,"6.1,89.4,14.8","a,100,a",,2,1,0,0,0,0,0,0,0,,,,,,,,,,,,,,,,,,,,,,,
hw,2024nyro,qm,42,b3,3015,13,0,"50,74,50,124","4,1,5,2","9.3,31.9,30.5,22.7,15.6","a,a,74,a,a",,4,1,1,0,0,0,0,0,0,climbed and trap,,,,,,,,,,,,,,,,,,,,,,
lg,2024nyro,qm,42,r1,1507,36,0,"118,116,93","3,6","16.4,23.5,13.6,17.4,18.7,20.2,18","141,117,93,93,117,118,93",,0,1,0,0,0,0,0,0,0,,,,,,,,,,,,,,,,,,,,,,,
JL,2024nyro,qm,42,r3,4930,12,1,,,"70,19.4,17.4","a,a,a",,3,1,0,1,0,0,0,0,0,,,,,,,,,,,,,,,,,,,,,,,
bo,2024nyro,qm,42,b1,8595,37,0,,,"30.6,6.4,44.4,24.1","98,98,74,98",75,0,0,0,0,0,0,0,0,0,bad collision towards the end,,,,,,,,,,,,,,,,,,,,,,
mc,2024nyro,qm,42,b2,3838,25,0,,,61.5,172,"148,100",0,1,0,1,0,0,0,0,0,,,,,,,,,,,,,,,,,,,,,,,
les,2024nyro,qm,42,r2,1585,60,0,,,,,119,0,0,1,0,0,0,0,0,1,appears that they were badly dammaged,,,,,,,,,,,,,,,,,,,,,,
lg,2024nyro,qm,43,r1,5740,24,0,94,6,"12.6,40.8","93,117",,0,1,0,0,0,0,0,0,0,,,,,,,,,,,,,,,,,,,,,,,
bo,2024nyro,qm,43,b1,3193,13,0,,,"11.5,13.5,20.6,19.1,18.7,23.9","a,a,a,a,a,a",,6,0,1,0,0,0,0,0,0,not sure about pickup,,,,,,,,,,,,,,,,,,,,,,
JL,2024nyro,qm,43,r3,8145,36,0,94,,"12.1,85.3","a,118",,1,1,1,0,0,0,0,0,0,,,,,,,,,,,,,,,,,,,,,,,
hw,2024nyro,qm,43,b3,1468,13,0,"98,98,98","4,7","19,10,9.9,7.7,26.1,9,17.2,30.4","74,98,100,98,99,99,99,98",,0,1,0,0,0,0,0,0,0,,,,,,,,,,,,,,,,,,,,,,,
les,2024nyro,qm,43,r2,191,60,0,,"14,11","10.5,11.7,8.9,29.2,28.7,21.1","a,118,95,118,118,118",,1,1,0,0,0,0,0,0,0,keep forgetting their robot is too takk to go under the stage,,,,,,,,,,,,,,,,,,,,,,
mc,2024nyro,qm,43,b2,3951,13,0,"49,122",11,77.5,a,"98,98,3",1,1,0,1,0,0,0,0,0,,,,,,,,,,,,,,,,,,,,,,,
lg,2024nyro,qm,45,r1,3044,48,0,,,"20.6,17.3","93,117",118,0,0,0,0,1,0,0,0,0,,,,,,,,,,,,,,,,,,,,,,,
mc,2024nyro,qm,45,b2,1559,25,0,121,7,"14.7,14.8,5.8,30.8,14.7,19.1","170,76,125,148,123,124","220,124",0,1,0,0,0,0,0,0,0,,,,,,,,,,,,,,,,,,,,,,,
les,2024nyro,qm,45,r2,4991,12,0,,,"20.4,24.1,18.1,17.7,20.2","a,a,a,a,a",,5,1,0,0,0,0,0,0,0,climbed and  o auto,,,,,,,,,,,,,,,,,,,,,,
hw,2024nyro,qm,45,b3,533,25,0,74,,"20,58.1","a,a","192,255,281,254,254",2,1,0,0,0,0,0,0,0,dead wheel,,,,,,,,,,,,,,,,,,,,,,
JL,2024nyro,qm,45,r3,870,24,0,93,6,"7,7.5,26.3,27.4,6.6,13.7,13.6","93,92,93,93,93,93,117","93,93",0,1,0,0,0,0,0,0,0,,,,,,,,,,,,,,,,,,,,,,,
bo,2024nyro,qm,45,b1,639,13,0,,,,,,0,0,0,1,0,0,0,0,1,couldn't shoot for some reason,,,,,,,,,,,,,,,,,,,,,,
lg,2024nyro,qm,46,r1,6868,24,0,71,,"37.7,18.8,14.7,16.6,23","142,94,94,118,118",,0,0,1,0,0,0,0,0,0,,,,,,,,,,,,,,,,,,,,,,,
ZS,2024nyro,qm,46,r2,120,36,0,143,,"16.6,12.5,12.1,21.2,19.8,18.7,27.4","94,94,70,118,94,70,70",,0,1,0,0,0,0,0,0,0,,,,,,,,,,,,,,,,,,,,,,,
lw,2024nyro,qm,46,b1,7036,1,0,,,"50.3,19.5","3,4",100,0,1,0,0,0,0,0,0,0,",",,,,,,,,,,,,,,,,,,,,,,
JL,2024nyro,qm,46,r3,1591,24,0,94,"6,3,5","14.1,7.1,11.5,13.3,33.2,32.6","91,66,93,68,93,93","93,69",0,1,0,0,0,0,0,0,0,,,,,,,,,,,,,,,,,,,,,,,
hw,2024nyro,qm,46,b3,1308,13,0,98,,,,,0,1,0,1,0,0,0,0,0,"can't shoot, play mid defense",,,,,,,,,,,,,,,,,,,,,,
eg,2024nyro,qm,46,b2,1518,37,0,145,,"11.1,22.2,22.6","145,146,122","122,98",0,1,0,0,0,0,0,0,0,,,,,,,,,,,,,,,,,,,,,,,
lg,2024nyro,qm,47,r1,7709,24,0,,,,,,0,0,0,0,1,0,0,0,0,,,,,,,,,,,,,,,,,,,,,,,
eg,2024nyro,qm,47,b2,5528,1,0,49,1,"16,4.3,16.6","75,100,123","99,123,75",0,1,0,0,0,0,0,0,0,,,,,,,,,,,,,,,,,,,,,,,
lw,2024nyro,qm,47,b1,334,1,0,49,1,,,77,0,1,0,1,0,0,0,0,0,",",,,,,,,,,,,,,,,,,,,,,,
JL,2024nyro,qm,47,r3,1405,24,0,119,6,"19.2,0.5,85.7","a,a,a",,3,1,0,0,0,0,0,0,0,,,,,,,,,,,,,,,,,,,,,,,
ls,2024nyro,qm,47,b3,6300,49,0,29,,"35.1,5,47.8,15.2,14.7","74,75,75,99,98",74,0,0,1,0,0,0,0,0,0,pretty good,,,,,,,,,,,,,,,,,,,,,,
ZS,2024nyro,qm,47,r2,1450,36,0,,,26.9,a,,1,0,0,0,1,1,0,0,0,,,,,,,,,,,,,,,,,,,,,,,
lg,2024nyro,qm,48,r1,4093,12,0,,,,,"219,119,143",0,0,0,0,0,0,0,0,0,,,,,,,,,,,,,,,,,,,,,,,
ZS,2024nyro,qm,48,r2,229,60,0,-1,,,,,0,0,0,1,0,0,0,0,0,nothing but a drive base,,,,,,,,,,,,,,,,,,,,,,
les,2024nyro,qm,48,r3,564,24,0,118,6,"26.6,19.6","a,a",,2,1,0,0,0,0,0,0,0,,,,,,,,,,,,,,,,,,,,,,,
lw,2024nyro,qm,48,b1,3015,49,0,,"14,11,8","21.4,13.9,26.1,6.7,26.6,4.3","3,2,27,26,77,77",77,0,1,0,0,0,0,0,0,0,",",,,,,,,,,,,,,,,,,,,,,,
ls,2024nyro,qm,48,b3,578,25,0,75,"4,7","47.5,8.8,9.2,6.6,28.2","75,75,75,99,75","99,99,75",0,1,0,0,0,0,0,0,0,kinda good but missed a good amount of shots,,,,,,,,,,,,,,,,,,,,,,
eg,2024nyro,qm,48,b2,1585,1,0,,,15.5,49,98,0,0,1,1,0,0,0,0,0,played d for second half of match,,,,,,,,,,,,,,,,,,,,,,
les,2024nyro,qm,49,r3,5740,12,0,,,,,,0,0,0,0,1,0,0,0,0,just didn't do anything,,,,,,,,,,,,,,,,,,,,,,
ZS,2024nyro,qm,49,r2,4458,48,0,"165,117",14,"9.2,87.6,15,11","a,117,93,92",116,1,1,0,0,0,0,0,0,0,passed notes to partners.,,,,,,,,,,,,,,,,,,,,,,
lw,2024nyro,qm,49,b1,6911,25,0,99,4,"8.8,28,15.4,26.7","99,101,75,50",76,0,1,0,0,0,0,0,0,0,",",,,,,,,,,,,,,,,,,,,,,,
eg,2024nyro,qm,49,b2,3003,1,0,75,1,"32.9,15.8,8.9,26.2,11.3","123,123,100,51,99","74,122,173,100",0,1,0,0,0,0,0,0,0,,,,,,,,,,,,,,,,,,,,,,,
lg,2024nyro,qm,49,r1,1468,36,0,"96,118,118,95","3,9,6","4.8,12.3,25,8.1,11.3,45.5","94,a,94,94,95,118",118,1,1,0,0,0,0,0,0,0,,,,,,,,,,,,,,,,,,,,,,,
ls,2024nyro,qm,49,b3,1507,25,0,"51,51,51","1,2","33.6,34.6,19.5,22.3","a,75,99,76",,1,1,1,0,0,0,1,0,0,ok but dropped like 2 notes an takes a bit to intake,,,,,,,,,,,,,,,,,,,,,,
lw,2024nyro,qm,50,b1,378,13,0,26,,67.4,76,"98,98",0,1,0,0,0,0,0,0,0,",",,,,,,,,,,,,,,,,,,,,,,
les,2024nyro,qm,50,r3,3193,12,0,,,"13.5,32,24.5,12.2,18.4,16.6","118,118,118,118,118,118",,0,1,0,0,0,1,0,0,0,,,,,,,,,,,,,,,,,,,,,,,
ZS,2024nyro,qm,50,r2,694,48,0,141,14,"8.8,6.5,15.6,33.3,16.5,16.9,18.1","a,a,a,a,a,116,116",140,5,1,0,0,0,0,0,0,0,scored in trap,,,,,,,,,,,,,,,,,,,,,,
eg,2024nyro,qm,50,b2,6353,49,0,0,,,,,0,0,1,0,0,0,0,0,1,robots drivetrain ha problems,,,,,,,,,,,,,,,,,,,,,,
lg,2024nyro,qm,50,r1,2228,36,0,119,9,"9.6,46.6,19.7","95,a,119",,1,1,1,0,0,0,0,0,0,,,,,,,,,,,,,,,,,,,,,,,
ls,2024nyro,qm,50,b3,1511,1,0,75,,"8.2,15.5,9.9,18.8,31.2,30.1","a,a,a,75,a,76","52,75",4,1,0,0,0,0,0,0,0,"okay, scores in amp good",,,,,,,,,,,,,,,,,,,,,,
lg,2024nyro,qm,51,r1,1559,12,0,,,51.5,208,"188,164,165,165,141",0,1,0,0,0,0,0,0,0,,,,,,,,,,,,,,,,,,,,,,,
ls,2024nyro,qm,51,b3,639,25,0,146,,62.2,a,,1,0,0,0,0,0,0,0,0,was having trouble lining up for amp entre match,,,,,,,,,,,,,,,,,,,,,,
hw,2024nyro,qm,51,b2,8145,25,0,121,,"16.9,7.4,25.7","52,52,123",,0,1,0,0,0,0,0,0,0,,,,,,,,,,,,,,,,,,,,,,,
nv,2024nyro,qm,51,b1,2340,25,0,98,,"54,22.4","122,98",98,0,0,1,0,0,0,0,0,0,,,,,,,,,,,,,,,,,,,,,,,
ZS,2024nyro,qm,51,r2,8595,36,0,118,3,"0.1,10.4,22.8,7.9","119,71,94,118",,0,1,0,0,0,0,0,0,1,robot was disabled with 45 secs left,,,,,,,,,,,,,,,,,,,,,,
mc,2024nyro,qm,51,r3,271,60,0,,,,,,0,0,0,1,0,0,0,0,0,,,,,,,,,,,,,,,,,,,,,,,
nv,2024nyro,qm,52,b1,1126,25,0,99,"4,2","8.9,23.6,6.9,29.4,9.8,19.9","146,a,a,99,99,49",122,2,0,0,0,0,0,0,0,0,,,,,,,,,,,,,,,,,,,,,,,
ZS,2024nyro,qm,52,r2,340,48,0,"142,143",14,"0.1,12.9,14,14.4,16","116,116,117,116,117",117,0,1,0,0,0,0,0,0,0,,,,,,,,,,,,,,,,,,,,,,,
bo,2024nyro,qm,52,r1,3951,24,0,,,,,"118,95",0,0,0,0,1,0,0,0,1,e stopped?,,,,,,,,,,,,,,,,,,,,,,
ls,2024nyro,qm,52,b3,3044,13,0,49,,,,,0,0,0,1,0,0,0,0,0,looks like they failed their auto,,,,,,,,,,,,,,,,,,,,,,
hw,2024nyro,qm,52,b2,3181,25,0,"121,76","4,14","13.5,17.9,27.4,15.2,29.4,7.2,8.3","147,75,124,76,123,75,122",,0,1,0,0,0,0,1,0,0,,,,,,,,,,,,,,,,,,,,,,,
mc,2024nyro,qm,52,r3,424,24,0,,6,"6.4,9.1,7.5,20.3,6.1,13.9,8.7,21.6,17.2","a,a,a,a,a,71,70,71,a",,6,1,0,0,0,1,0,0,0,,,,,,,,,,,,,,,,,,,,,,,
sl,2024nyro,qm,53,r2,7903,,0,,,,,,0,0,0,0,0,0,0,0,0,no show,,,,,,,,,,,,,,,,,,,,,,
ls,2024nyro,qm,53,b3,4991,13,0,,,"19.6,8.9,7.3,22.5,50.9","a,a,a,a,a",,5,1,0,0,0,0,0,0,0,,,,,,,,,,,,,,,,,,,,,,,
hw,2024nyro,qm,53,b2,3838,13,0,"74,74","7,4",31.2,99,,0,0,0,0,0,0,0,0,1,com issues fast blinking light,,,,,,,,,,,,,,,,,,,,,,
bo,2024nyro,qm,53,r1,6621,12,0,,,"18.2,15.7,51.1,34.2,13.9","a,a,a,94,118",,3,0,0,0,0,0,0,0,0,,,,,,,,,,,,,,,,,,,,,,,
nv,2024nyro,qm,53,b1,3117,37,0,,,"36.9,27.3,5.7,13.8","74,98,98,99",,0,1,0,0,0,0,0,0,0,,,,,,,,,,,,,,,,,,,,,,,
mc,2024nyro,qm,53,r3,3799,36,0,119,,"10.7,2.7,16.3,5.5,21,7,6.6,22.6,14.8,21.9","94,94,94,118,a,94,93,94,70,94",,1,1,0,0,0,0,0,0,0,,,,,,,,,,,,,,,,,,,,,,,
mg,2024nyro,qm,54,b3,191,49,0,,,"36.3,20.9,8.8,17,24.3,11.7","74,74,75,75,74,75",,0,1,0,0,0,0,0,0,0,,,,,,,,,,,,,,,,,,,,,,,
bo,2024nyro,qm,54,b1,4930,37,0,,,29.6,a,,1,0,0,0,0,0,0,0,0,it's so jover,,,,,,,,,,,,,,,,,,,,,,
hw,2024nyro,qm,54,b2,3173,13,0,,,"13,16.4,18,22.7,16.9,10.8,15.6,1.4,7.1","a,75,a,a,76,a,76,99,76",,4,1,0,0,0,0,0,0,0,auto reply bad,,,,,,,,,,,,,,,,,,,,,,
bo,2024nyro,qm,54,r1,533,36,0,,,"7.6,62.7","a,a",,2,1,0,0,0,0,0,0,0,climbed,,,,,,,,,,,,,,,,,,,,,,
mc,2024nyro,qm,54,r3,870,36,0,"142,140,92","9,6","14.9,6.7,12.1","117,118,116","139,142,91,115,140",0,1,0,1,0,0,0,0,0,,,,,,,,,,,,,,,,,,,,,,,
ZS,2024nyro,qm,54,r2,27,48,0,"72,43","2,3","31.4,28.1,15.3,21.9,35.3","140,161,138,139,164","115,162,161",0,1,1,1,0,0,0,0,0,,,,,,,,,,,,,,,,,,,,,,,
eg,2024nyro,qm,55,b2,578,13,0,"74,98",4,"16.3,47.8,31.2,19.4","a,a,a,99",99,3,1,0,0,0,0,0,0,0,,,,,,,,,,,,,,,,,,,,,,,
bo,2024nyro,qm,55,b1,229,1,0,,,,,,0,0,0,1,0,0,0,0,0,it's a drivebase,,,,,,,,,,,,,,,,,,,,,,
les,2024nyro,qm,55,r1,5740,12,0,72,,"18.8,16.1,15.7,11.8,17.1,18.6","118,118,95,118,118,118",,0,1,0,0,0,0,0,0,0,climbed,,,,,,,,,,,,,,,,,,,,,,
ZS,2024nyro,qm,55,r2,1507,24,0,"118,67","6,2","8.7,13,36.8,10.3,20.3,59.1","118,118,93,118,94,118",,0,1,0,0,0,0,0,0,0,,,,,,,,,,,,,,,,,,,,,,,
mc,2024nyro,qm,55,r3,1405,36,0,167,,"9.2,28.5,19.7,20.1,13.7,18.1,15.6","a,a,a,71,a,a,71",,5,1,0,0,0,0,0,0,0,,,,,,,,,,,,,,,,,,,,,,,
mg,2024nyro,qm,56,b3,2228,25,0,146,,"0.1,0.3,0.5,0.4,0.5","74,73,74,74,74",,0,0,0,0,0,0,0,0,0,"form cleared, ignore cycle times",,,,,,,,,,,,,,,,,,,,,,
lw,2024nyro,qm,57,b3,1559,25,0,,,,,"27,27",0,1,0,0,0,0,0,0,0,",",,,,,,,,,,,,,,,,,,,,,,
lg,2024nyro,qm,56,r2,3193,36,0,143,,"30.6,21,40.3,30.5","a,117,118,93",,1,1,0,0,0,0,0,0,0,,,,,,,,,,,,,,,,,,,,,,,
ls,2024nyro,qm,56,r3,7036,36,0,"98,98",4,"23.9,8.7,40.5,14.2,14.1,14.3","74,74,98,73,74,98",74,0,1,0,0,0,0,0,0,0,prettygood,,,,,,,,,,,,,,,,,,,,,,
eg,2024nyro,qm,56,b2,1308,37,0,288,,,,0,0,1,0,1,1,0,0,0,0,tried an failed to amp for 1 minute (died In endgame),,,,,,,,,,,,,,,,,,,,,,
JL,2024nyro,qm,56,b1,1450,25,0,,,62.4,75,100,0,0,0,0,0,1,0,0,0,,,,,,,,,,,,,,,,,,,,,,,
les,2024nyro,qm,56,r1,7709,24,0,"119,119",6,"11.4,19.8,17.5,21.2,15.8,14.2,14.5,14.4","94,118,119,95,119,119,118,118",,0,1,0,0,0,0,0,0,0,,,,,,,,,,,,,,,,,,,,,,,
eg,2024nyro,qm,57,b2,2340,37,0,121,,"22.4,24.8,35","98,98,74",74,0,0,1,0,0,0,0,0,0,,,,,,,,,,,,,,,,,,,,,,,
JL,2024nyro,qm,57,b1,1585,13,0,,,9.2,98,,0,0,0,0,1,0,0,0,0,,,,,,,,,,,,,,,,,,,,,,,
ls,2024nyro,qm,57,r3,4458,24,0,"94,93",3,"9.4,9.6,29.4,33.9,6.6,14.3","94,94,93,94,94,94","93,117",0,1,0,0,0,0,0,0,0,really good at scoring,,,,,,,,,,,,,,,,,,,,,,
lg,2024nyro,qm,57,r2,5528,12,0,96,,"20.7,75.5","94,118",,0,1,0,0,0,0,0,0,0,lw,2024nyro,qm,57,b3,1559,13,0,,,,,197,0,1,0,0,0,0,0,0,0,","
les,2024nyro,qm,57,r1,694,48,0,119,14,"2.2,14.2,3.5,5.3,5.8,17.3,13.3,12.4,14.1,8.5","a,a,118,94,119,a,118,118,a,a",70,5,1,0,0,0,0,0,0,0,are still forgetting that they are too tall to go under the stage,,,,,,,,,,,,,,,,,,,,,,
lw,2024nyro,qm,57,b3,1559,13,0,,,,,197,0,1,0,0,0,0,0,0,0,",",,,,,,,,,,,,,,,,,,,,,,
eg,2024nyro,qm,58,r2,6300,36,0,166,,"12.6,18.2,23.4,14.7,27.6,12.8","142,95,118,119,118,118",,0,0,1,0,0,0,0,0,0,,,,,,,,,,,,,,,,,,,,,,,
lw,2024nyro,qm,58,b3,340,25,0,"122,149,222","7,14","5.1,11.6,20.8,16.8,16.9","172,77,77,77,78",,0,1,0,0,0,0,0,0,0,",",,,,,,,,,,,,,,,,,,,,,,
eg,2024nyro,qm,58,b2,1591,1,0,,4,"3.8,13.4,44.4,9.7,6.7,6,20.2,19.9,4.2","a,74,a,a,100,77,101,99,99",,3,1,0,0,0,0,0,0,0,,,,,,,,,,,,,,,,,,,,,,,
ls,2024nyro,qm,58,r3,3015,24,0,"70,69,108,117,93","2,5,8","14.7,8.1","118,94",,0,1,0,0,0,0,0,0,0,got note stuck in gooter,,,,,,,,,,,,,,,,,,,,,,
les,2024nyro,qm,58,r1,271,60,0,,,,,,0,0,0,1,0,0,0,0,0,,,,,,,,,,,,,,,,,,,,,,,
JL,2024nyro,qm,58,b1,378,13,0,,,7.7,74,,0,0,0,1,0,0,0,0,0,,,,,,,,,,,,,,,,,,,,,,,
eg,2024nyro,qm,59,r2,4093,60,0,,,13.1,142,,0,0,1,0,1,0,0,0,1,battery fell out at the slightest bump,,,,,,,,,,,,,,,,,,,,,,
ls,2024nyro,qm,59,r3,3799,24,0,,,"0.1,13.3,29.5,17.3,21.4,5.5,6,6.4,5.9,5.8","a,a,94,a,118,118,118,118,118,118",,3,1,0,0,0,0,0,0,0,,,,,,,,,,,,,,,,,,,,,,,
ZS,2024nyro,qm,59,b3,3181,25,0,"123,75,147","7,11","7.3,12.2,14.7,18.6,17.5,18.4","123,98,99,51,74,98",,0,1,0,0,0,0,0,0,0,,,,,,,,,,,,,,,,,,,,,,,
mg,2024nyro,qm,59,r1,3838,24,0,"118,94","6,3",,,"275,251,205,251,247,227,227,227,227,248,224",0,1,0,0,0,0,0,0,0,"ferrye nos, wa able to be pushed easy.y",,,,,,,,,,,,,,,,,,,,,,
ls,2024nyro,qm,59,b2,424,13,0,98,"4,5","7.5,10.4,10,20.2,18.8,19.9,27,17.9","a,a,a,98,a,a,a,98",,6,0,0,0,0,0,0,0,0,pretty good at amp and speaker,,,,,,,,,,,,,,,,,,,,,,
JL,2024nyro,qm,59,b1,639,13,0,26,,"22.2,15.3,24.8,20.1","75,75,99,99",,0,1,0,0,0,0,0,0,0,bad driver,,,,,,,,,,,,,,,,,,,,,,
if,2024nyro,qm,60,r2,6868,36,0,98,,"28.1,6,15.6,26.3,16.4","98,98,98,98,98",98,0,1,0,0,0,0,0,0,0,,,,,,,,,,,,,,,,,,,,,,,
mg,2024nyro,qm,60,r1,3173,24,0,"119,118,118","6,5","14.8,5.6,14.4,20.8,21.2,19.4,15.5,13.5,6","a,a,a,118,a,94,a,a,69",210,6,1,0,0,0,0,0,0,0,,,,,,,,,,,,,,,,,,,,,,,
ls,2024nyro,qm,60,b2,4930,25,0,,,"8.3,18.7,31.6,35.2,38.5","a,a,a,a,a",,5,1,0,0,0,0,0,0,0,kinda good at amp but a little slow,,,,,,,,,,,,,,,,,,,,,,
hw,2024nyro,qm,60,r3,3951,36,0,119,9,"47.8,18.4","94,a","119,94",1,1,0,0,0,0,0,0,0,driver bad and did nothing seconds haf,,,,,,,,,,,,,,,,,,,,,,
ZS,2024nyro,qm,60,b3,4991,1,0,,,12.2,a,,1,1,0,0,1,0,1,0,0,seemed to often get notes stuck on the drivebase,,,,,,,,,,,,,,,,,,,,,,
JL,2024nyro,qm,60,b1,3003,25,0,,,"26.8,17.8,26.6,42.7","98,147,98,100","172,148,99,101,100",0,1,0,0,0,0,0,0,0,,,,,,,,,,,,,,,,,,,,,,,
mg,2024nyro,qm,61,r1,564,24,0,"94,94",6,"27.3,56.1,40","a,94,142","118,119",1,0,1,0,0,0,0,0,0,,,,,,,,,,,,,,,,,,,,,,,
lw,2024nyro,qm,61,b3,8145,13,0,75,4,,,"98,98",0,1,0,1,0,0,1,0,0,spinning ,,,,,,,,,,,,,,,,,,,,,,
hw,2024nyro,qm,61,r3,6353,60,0,,,126.3,118,"93,93",0,0,0,0,0,0,0,0,1,bad at everything driver bad,,,,,,,,,,,,,,,,,,,,,,
eg,2024nyro,qm,61,r2,3117,36,0,167,9,,,,0,0,0,1,0,0,0,0,0,mid defense,,,,,,,,,,,,,,,,,,,,,,
ls,2024nyro,qm,61,b2,27,1,0,"74,53,52","2,5","21.9,6.8,18.6,14.2,11.6,10.3,12.2,3.7","a,a,76,76,53,52,77,53",,2,1,0,0,0,0,0,0,0,doesn miss,,,,,,,,,,,,,,,,,,,,,,
JL,2024nyro,qm,61,b1,6911,25,0,122,7,"11.9,5.2,15.3","123,98,75",,0,1,0,0,0,0,0,0,0,note got stuck in the robot ,,,,,,,,,,,,,,,,,,,,,,
lw,2024nyro,qm,62,r1,6621,48,0,,9,,,,0,1,0,1,0,0,0,0,0,passing,,,,,,,,,,,,,,,,,,,,,,
ls,2024nyro,qm,62,b2,8595,25,0,98,"4,7","7.6,7.1,7.5,5.9,9,7.1","74,74,98,98,122,99","98,98,97",0,1,0,0,0,0,0,0,0,pretty good but missed a good amount,,,,,,,,,,,,,,,,,,,,,,
JL,2024nyro,qm,62,b1,191,25,0,,,18.5,a,,1,1,0,0,0,0,0,0,0,the shooter stopped working ,,,,,,,,,,,,,,,,,,,,,,
hw,2024nyro,qm,62,r2,1126,24,0,"118,92",6,"18.3,8.3,10.9,29.8,18.6,45.7","a,a,166,94,118,a","94,94,93,94",3,1,0,0,0,0,0,0,0,aim wasn't great I dnt thin they let it spin ,,,,,,,,,,,,,,,,,,,,,,
lw,2024nyro,qm,63,b3,1468,25,0,"51,75",1,"0.1,13.1,26.7,11.6,29.2,14.1,17.4","74,76,99,74,74,74,74","50,98,74",0,1,0,0,0,0,0,0,0,"good control, cool LED",,,,,,,,,,,,,,,,,,,,,,
ls,2024nyro,qm,63,b2,870,13,0,"74,78","8,5","9.2,32.1,30.1","a,98,74","76,76",1,1,0,0,0,0,0,0,0,"did trap, good but had permanent defense on them",,,,,,,,,,,,,,,,,,,,,,
hw,2024nyro,qm,63,r3,1511,12,0,71,3,22.2,a,,1,1,0,1,0,0,0,0,0,driver bat,,,,,,,,,,,,,,,,,,,,,,
eg,2024nyro,qm,63,r2,3044,48,0,167,14,"10.6,13.4,16.1,13.4,20.8","119,118,143,94,119","142,143,118,118",0,0,0,0,0,0,0,0,0,,,,,,,,,,,,,,,,,,,,,,,
mg,2024nyro,qm,63,r1,334,36,0,"95,118,118","6,9",,,,0,0,0,1,0,0,0,0,0,"ast note in auto got stuck in bot, dead wheel, ",,,,,,,,,,,,,,,,,,,,,,
mg,2024nyro,qm,64,r1,7036,36,0,,,,,,0,0,0,0,1,0,0,0,0,dead whole game,,,,,,,,,,,,,,,,,,,,,,
lw,2024nyro,qm,64,b3,5740,13,0,74,1,"23.8,16.6,11.6,14,16.5","124,101,101,125,125",,0,1,0,0,0,0,0,0,0,,,,,,,,,,,,,,,,,,,,,,,
hw,2024nyro,qm,64,r3,3015,36,0,"117,42",3,"9.1,0.7,14.7,20.3,2.3,10.9,23.8,13.1","a,a,a,93,93,a,a,117",,5,1,0,0,0,0,0,0,0,trap good b9t,,,,,,,,,,,,,,,,,,,,,,
ls,2024nyro,qm,64,b2,694,37,0,75,"2,5","6.7,5.1,14.9,14,11.4,16.2,14.7,11.2","a,a,a,99,a,a,75,a",,6,1,0,0,0,0,0,0,0,really great amp scoring and and can do trap,,,,,,,,,,,,,,,,,,,,,,
eg,2024nyro,qm,64,r2,1559,36,0,143,,"12.4,60.6,23.3","188,141,116","142,94,94,117,141",0,1,0,0,0,0,0,0,0,shooter was shooting under the speaker ,,,,,,,,,,,,,,,,,,,,,,
JL,2024nyro,qm,64,b1,6300,25,0,98,,"14.4,17.5,13.8,11.7,13,12.3,17.8,10.8,11.9","74,98,98,74,98,74,74,74,74",,0,0,1,0,0,0,0,0,0,very consistint,,,,,,,,,,,,,,,,,,,,,,
bo,2024nyro,qm,65,b1,3799,13,0,,,"11.9,15.8,20.4,16.1,20.3,20.3,21.1","a,a,a,75,a,a,98",121,5,1,0,0,0,0,0,0,0,,,,,,,,,,,,,,,,,,,,,,,
JL,2024nyro,qm,65,r3,7709,36,0,"111,119","8,14","49.8,45.2","a,a",119,2,0,0,0,0,0,0,0,0,,,,,,,,,,,,,,,,,,,,,,,
lw,2024nyro,qm,65,b3,1507,13,0,75,"4,11","6.4,21,21.7,13.7,40.1,30.5","98,98,98,98,74,98",,0,1,0,0,0,0,0,0,0,,,,,,,,,,,,,,,,,,,,,,,
mg,2024nyro,qm,65,r1,2340,24,0,71,,"78.8,46","118,94",119,0,0,1,0,0,0,0,0,0,,,,,,,,,,,,,,,,,,,,,,,
ls,2024nyro,qm,65,b2,3181,25,0,"74,99","1,4,5","15.2,25.2,17.8,14.2,27.6","74,75,98,75,74",,0,1,0,0,0,0,0,0,0,kinda good but not very resistant todefense,,,,,,,,,,,,,,,,,,,,,,
eg,2024nyro,qm,65,r2,1591,36,0,"71,118","6,3","3.5,11.4,34.7,28.9,13.8","118,a,a,188,a",94,3,1,0,0,0,0,0,0,0,,,,,,,,,,,,,,,,,,,,,,,
bo,2024nyro,qm,66,b1,4991,1,0,,,"0.1,25.1,12.2,10.7","a,a,74,a",,3,1,0,0,0,0,0,0,0,,,,,,,,,,,,,,,,,,,,,,,
ls,2024nyro,qm,66,b2,3951,13,0,74,4,"29.5,38.5","74,a","75,49",1,1,0,0,0,0,0,0,0,kinda mi and slow- takes a while to shoot and misses a lot,,,,,,,,,,,,,,,,,,,,,,
eg,2024nyro,qm,66,r2,578,24,0,"94,118,94,118","9,6,3","28.8,18.8,30,27.1,6.8,9.7,9.3","119,118,94,118,118,94,94","118,118",0,1,0,0,0,0,0,0,0,one of the misses were 2 robots shooting at the same time,,,,,,,,,,,,,,,,,,,,,,
JL,2024nyro,qm,66,b3,120,48,0,,,18.9,144,,0,0,1,0,0,0,0,0,0,passed 4,,,,,,,,,,,,,,,,,,,,,,
les,2024nyro,qm,67,r1,1450,48,0,,,,,,0,1,0,1,1,1,0,0,0,put on naughty list,,,,,,,,,,,,,,,,,,,,,,
bo,2024nyro,qm,67,b1,3173,1,0,"49,49,54,76","1,2,4","11.7,5.6,37.4,5.5,3.8,12.7,12.7,9.6,4,21.4,5.3","a,a,26,a,123,a,99,100,100,99,100","100,100",4,0,0,0,0,0,0,0,0,"the best team, did some relays",,,,,,,,,,,,,,,,,,,,,,
lw,2024nyro,qm,67,b3,6353,25,0,,,,,,0,0,0,0,1,1,1,0,0,drop bumpers ,,,,,,,,,,,,,,,,,,,,,,
eg,2024nyro,qm,67,r2,1585,12,0,,,,,94,0,0,1,0,0,0,0,0,0,was passing (only like 3 notes),,,,,,,,,,,,,,,,,,,,,,
JL,2024nyro,qm,67,r3,3838,36,0,94,,"10.7,26.8,28.5,5.1,18,24.9,15.6","94,94,94,94,94,94,94",94,0,0,1,0,0,0,0,0,0,,,,,,,,,,,,,,,,,,,,,,,
ls,2024nyro,qm,67,b2,1308,13,0,75,,"14.6,20.8","75,99",74,0,1,0,0,0,0,0,0,0,midnt that good,,,,,,,,,,,,,,,,,,,,,,
bo,2024nyro,qm,68,b1,5528,13,0,98,1,"8.1,25.3,19,8.4,28,26.9","74,98,98,98,98,98","98,99",0,1,0,0,0,0,0,0,0,,,,,,,,,,,,,,,,,,,,,,,
mg,2024nyro,qm,68,r1,1126,36,0,"95,93",6,"9.1,7.4,12.2,33.3,28.3","a,a,a,a,a",,5,1,0,1,0,0,0,0,0,failed harmony,,,,,,,,,,,,,,,,,,,,,,
nv,2024nyro,qm,68,b3,6621,37,0,,,"14.6,80,17.7","a,a,73",123,2,1,0,0,0,0,0,0,0,was passing over the stage,,,,,,,,,,,,,,,,,,,,,,
JL,2024nyro,qm,68,r3,3003,60,0,191,,"25.5,4.7,25.3,22.3,3.9,8.9,16.2,16.5","92,92,117,93,93,117,93,117",,0,1,0,0,0,0,0,0,0,,,,,,,,,,,,,,,,,,,,,,,
mg,2024nyro,qm,69,r1,7903,60,0,,,,,,0,0,0,0,1,0,0,0,0,"deadwheel, could BARELY move entre match",,,,,,,,,,,,,,,,,,,,,,
nv,2024nyro,qm,69,r2,334,36,0,119,,"2,6.1,5.2,6.2,9,24.4,42.1","122,98,98,98,98,98,99","98,74",0,1,0,0,0,0,0,0,0,very tall,,,,,,,,,,,,,,,,,,,,,,
les,2024nyro,qm,69,b3,533,13,0,"94,118",6,"20.9,14.2,42.8,26.3,30.2","143,167,71,71,71","168,168",0,1,0,0,0,0,0,0,0,take a while to line up,,,,,,,,,,,,,,,,,,,,,,
sl,2024nyro,qm,69,b2,340,12,0,"165,91","9,14","1.1,3.5,17.5,22.3,12.8,14.9","99,101,101,125,100,101",,0,1,0,1,0,0,0,0,0,,,,,,,,,,,,,,,,,,,,,,,
JL,2024nyro,qm,69,r3,6911,12,0,68,,"0.1,51,14.5,14.9,18.9","118,93,70,166,117","117,69,117",0,0,0,0,0,0,0,0,0,,,,,,,,,,,,,,,,,,,,,,,
JL,2024nyro,qm,69,b1,8145,1,0,,,"17.5,22.1,41.3,31.7","98,99,74,74",,0,1,0,0,0,0,0,0,0,ok driver,,,,,,,,,,,,,,,,,,,,,,
mg,2024nyro,qm,70,r1,191,12,0,144,"2,5",,,"34,35,35,35",0,1,0,0,0,0,0,0,0,notes modded an hit 1468 driver I the,,,,,,,,,,,,,,,,,,,,,,
nv,2024nyro,qm,70,r2,1511,24,0,143,,"2.6,9.6,15.7,10.1,17.4,15.5,33","a,a,118,a,119,a,a",143,5,1,0,0,0,0,0,0,0,,,,,,,,,,,,,,,,,,,,,,,
ED,2024nyro,qm,70,r3,1468,24,0,94,3,"0.1,12.4,8.7,12.6,18.1,18.3,4.9","a,93,a,94,69,a,94","166,117",3,1,0,0,0,0,0,0,0,,,,,,,,,,,,,,,,,,,,,,,
sl,2024nyro,qm,70,b2,639,1,0,74,,11.7,98,,0,1,0,1,0,0,0,0,0,note stuck,,,,,,,,,,,,,,,,,,,,,,
JL,2024nyro,qm,70,b1,3117,13,0,"75,74",4,"17.2,11.5,33.6,31.1","a,a,a,98",98,3,1,0,0,0,0,0,0,0,,,,,,,,,,,,,,,,,,,,,,,
les,2024nyro,qm,70,b3,6868,25,0,,,"26.5,4.9,34.5,14.3,15.2,15.5,17","98,98,98,74,97,97,98",,0,1,0,0,0,0,0,0,0,climbed,,,,,,,,,,,,,,,,,,,,,,
nv,2024nyro,qm,71,r2,564,36,0,,,"12.1,18.5,28.1,21.8,21","95,a,119,a,119",95,2,0,1,0,0,0,0,0,0,,,,,,,,,,,,,,,,,,,,,,,
sl,2024nyro,qm,71,b2,1405,13,0,"98,98","4,7","2.7,3,14.5,30.8,18.9,14.8,14.7,16.8","99,a,a,98,a,a,122,a",,5,1,0,1,0,0,0,0,0,,,,,,,,,,,,,,,,,,,,,,,
JL,2024nyro,qm,71,b1,8595,13,0,50,,,,,0,1,0,0,0,0,0,0,0,kind of ok at pissing ,,,,,,,,,,,,,,,,,,,,,,
les,2024nyro,qm,71,b3,870,25,0,"145,78,102","8,5","11.6,6.7,9.7,14.6,13.4,6.1,19.5","98,98,98,98,98,98,97",75,0,1,0,0,0,0,0,0,0,possible that I missed an amp but they seem pass capable,,,,,,,,,,,,,,,,,,,,,,
ED,2024nyro,qm,71,r3,378,12,0,,,"0.1,10","94,94",,0,1,0,1,0,0,0,0,0,gave up scoring halfway thru match,,,,,,,,,,,,,,,,,,,,,,
mg,2024nyro,qm,71,r1,4458,24,0,"118,118",6,"10.1,15.3,38,10.3,11.7,31.6,9.2","a,a,69,117,a,117,117","275,226",3,1,0,0,0,0,0,0,0,,,,,,,,,,,,,,,,,,,,,,,
mg,2024nyro,qm,72,r1,1518,12,0,,,"15.1,22.6,32.1,28","a,a,94,94",,2,0,1,0,0,0,0,0,0,,,,,,,,,,,,,,,,,,,,,,,
les,2024nyro,qm,72,b3,3044,25,0,121,14,"5.6,8.8,13.2,48.8,33.8","121,145,49,122,121","99,98",0,1,0,0,0,0,0,0,0,climbed,,,,,,,,,,,,,,,,,,,,,,
ED,2024nyro,qm,72,r3,2228,24,0,"94,94",6,"0.1,22,20.5,18.4,19.5","94,118,118,94,a",,1,0,1,0,0,0,0,0,0,scored in amp,,,,,,,,,,,,,,,,,,,,,,
JL,2024nyro,qm,72,b1,4930,1,1,,,"9.1,7.4,12.8,23.2,21.4,15.5,23.9","a,a,a,a,a,a,a",,7,1,0,0,0,0,0,0,0,,,,,,,,,,,,,,,,,,,,,,,
nv,2024nyro,qm,72,r2,229,,0,,,,,,0,0,0,1,0,0,0,0,0,they're just a drive base,,,,,,,,,,,,,,,,,,,,,,
sl,2024nyro,qm,72,b2,424,13,0,"98,98","7,1","63.6,20,31","a,73,a",,2,1,0,1,1,0,0,0,0,was immobile 2 times around ten sec each,,,,,,,,,,,,,,,,,,,,,,
mg,2024nyro,qm,73,r1,4991,12,2,,3,"13.8,23.9,24.6,48.5","a,a,a,a",,4,1,0,0,0,0,0,0,0,,,,,,,,,,,,,,,,,,,,,,,
nv,2024nyro,qm,73,r2,3193,36,0,"118,71",6,"2.5,3.9,8.8,15.9,17.4,16.7,14.4,10,29","94,119,119,119,118,94,119,118,94",,0,0,0,0,0,0,0,0,0,,,,,,,,,,,,,,,,,,,,,,,
JL,2024nyro,qm,73,b1,578,13,0,"98,74,74","4,7","8.3,14.4,14,41.2,19.7,28.1","98,75,75,98,75,74","74,74",0,1,0,0,0,0,0,0,0,,,,,,,,,,,,,,,,,,,,,,,
ls,2024nyro,qm,73,r3,2340,24,0,94,,"47.4,56.2","94,118",,0,0,1,0,0,0,0,0,0,slow and slow at scoring,,,,,,,,,,,,,,,,,,,,,,
les,2024nyro,qm,73,b3,7036,1,0,,,"8.8,13.4,61","a,a,a",,3,1,0,0,0,0,0,0,0,slow with what appears to be drive issues,,,,,,,,,,,,,,,,,,,,,,
sl,2024nyro,qm,73,b2,3838,25,0,73,,27.4,74,,0,1,0,1,0,0,0,0,0,"very slow, clunky driving, passed ",,,,,,,,,,,,,,,,,,,,,,
mg,2024nyro,qm,74,r1,6621,24,0,"71,71",3,95.1,94,"227,251,252,228,252,252,228,228,94",0,1,0,0,0,0,0,0,0,ferryed notes most f math,,,,,,,,,,,,,,,,,,,,,,
hw,2024nyro,qm,74,r2,5740,24,0,"48,44",3,"19.7,10.1,21.4,9.5,27.4,32.8","140,93,92,141,117,165",93,0,1,0,0,0,0,0,0,0,,,,,,,,,,,,,,,,,,,,,,,
bo,2024nyro,qm,74,r1,6621,36,0,94,,97.9,118,118,0,0,0,0,0,0,0,0,0,"had someone on the naughty list, 6061 relayed",,,,,,,,,,,,,,,,,,,,,,
ls,2024nyro,qm,74,r3,3173,60,0,282,"14,11","7.1,11.7,13.6,22.9,8.4,15.5,17.6,23.9,2.9,4.3","a,a,a,94,118,a,a,94,118,94",,5,1,0,0,0,0,0,0,0,amazing as always,,,,,,,,,,,,,,,,,,,,,,
les,2024nyro,qm,74,b3,1591,25,0,"141,93,71","8,5","16,28.7,3.6,13.4,6.8,14.7,14.7,24.3","98,98,99,98,a,a,99,99","98,98",2,1,0,0,0,0,0,0,0,climbed,,,,,,,,,,,,,,,,,,,,,,
sl,2024nyro,qm,74,b2,694,25,0,98,7,"1.6,4.9,19.6","a,a,a",,3,0,0,0,0,0,0,0,0,note stuck,,,,,,,,,,,,,,,,,,,,,,
mg,2024nyro,qm,75,r1,533,24,0,47,,"21.5,23.8","a,a",,2,1,0,0,0,0,0,0,0,,,,,,,,,,,,,,,,,,,,,,,
ls,2024nyro,qm,75,r3,1308,24,0,94,,"39.1,36.5,54.9","a,a,a","119,94",3,1,0,0,0,0,0,0,0,slow and bad atscoring,,,,,,,,,,,,,,,,,,,,,,
sl,2024nyro,qm,75,b2,3951,13,0,,,,,,0,0,0,1,0,0,0,0,0,,,,,,,,,,,,,,,,,,,,,,,
les,2024nyro,qm,75,b3,27,1,0,"74,77,55","4,1,2,5,8","21.7,6.9,2.7,19,31.2,11.4,11.7","118,94,118,118,118,142,118",,0,1,0,0,0,0,0,0,0,climbed and are an exceptional passing robot,,,,,,,,,,,,,,,,,,,,,,
bo,2024nyro,qm,75,b1,3181,25,0,"147,147","7,11","9.2,18.1,13.3,23.7,20.9,20.9","a,a,a,a,a,50",98,5,0,0,0,0,0,0,0,0,might've scored on the speaker another time,,,,,,,,,,,,,,,,,,,,,,
hw,2024nyro,qm,75,r2,6300,24,0,"94,44",3,"62.2,20.8,40","94,118,94","93,95,118,119",0,1,1,0,0,0,0,0,0,too powerful shooter b9unced out,,,,,,,,,,,,,,,,,,,,,,
mg,2024nyro,qm,76,r1,1585,60,0,,,,,"94,272,253",0,0,1,0,1,0,1,0,0,"pushed increadaky easily, died after gettinhit",,,,,,,,,,,,,,,,,,,,,,
hw,2024nyro,qm,76,r2,3117,24,0,"77,71",3,"24.5,11.9,22.8,25.5,9.9","a,117,117,94,118","118,119",1,1,0,0,0,0,0,0,0,can trap,,,,,,,,,,,,,,,,,,,,,,
ls,2024nyro,qm,76,r3,1511,24,0,71,6,"8.4,18,8.7,24.7,13","a,a,119,a,a",,4,1,0,0,0,0,0,0,0,kinda good,,,,,,,,,,,,,,,,,,,,,,
bo,2024nyro,qm,76,b1,3015,49,0,"195,223,82,127","14,5,8","6.3,18.9,14.8,21.8,9.7,18.1","a,a,147,100,a,99",,3,1,0,0,0,0,0,0,0,can trap,,,,,,,,,,,,,,,,,,,,,,
les,2024nyro,qm,76,b3,1126,13,0,,1,"13.7,24.7,28,41.5","a,99,a,a","98,98",3,1,0,0,0,0,0,0,0,struggle to score,,,,,,,,,,,,,,,,,,,,,,
eg,2024nyro,qm,76,b2,334,13,0,"98,74,74","7,4","0.1,18.6","74,75",,0,1,0,1,0,0,0,0,0,"trouble with intake, accidentaly put down 2 extra auto picr",,,,,,,,,,,,,,,,,,,,,,
mg,2024nyro,qm,77,r1,6868,24,0,71,,"63.8,20.8,24.8","119,94,118","118,72",0,1,0,0,0,0,0,0,0,climbed,,,,,,,,,,,,,,,,,,,,,,
ls,2024nyro,qm,77,r3,5528,12,0,"118,94",6,"25.5,4.2,14.2,38.8,32.3","94,94,94,94,118",,0,1,0,0,0,0,0,0,0,pretty decent,,,,,,,,,,,,,,,,,,,,,,
bo,2024nyro,qm,77,b1,564,13,0,49,,111.1,99,99,0,1,1,0,0,0,0,0,0,intake and shooter seemed to have some issues,,,,,,,,,,,,,,,,,,,,,,
eg,2024nyro,qm,77,b2,870,25,0,122,7,"0.1,4.7,4.8,8.5,11.6,12.5,6.6,11.7,14.1,7.8,12.9","98,74,74,73,98,74,74,74,99,75,75","74,74",0,1,0,0,0,0,0,0,0,,,,,,,,,,,,,,,,,,,,,,,
ED,2024nyro,qm,77,b3,271,13,0,,,,,147,0,1,0,1,0,0,0,0,0,"played almost entirely defense, tried to score once and missed",,,,,,,,,,,,,,,,,,,,,,
hw,2024nyro,qm,77,r2,1507,36,0,"118,91,84","6,5","17.8,33,19","a,118,117",,1,1,1,0,0,0,0,0,0,got defended ,,,,,,,,,,,,,,,,,,,,,,
ls,2024nyro,qm,78,r3,1450,24,0,,,,,,0,0,0,0,0,0,0,0,0,bad,,,,,,,,,,,,,,,,,,,,,,
mg,2024nyro,qm,78,r1,424,24,0,"119,94","3,9","14.6,21.5,7.7,22.8,19.1,25.9","95,119,118,94,95,94",,0,1,0,0,0,0,0,0,0,"didn't park, had time to",,,,,,,,,,,,,,,,,,,,,,
JL,2024nyro,qm,78,b1,4458,13,0,"99,98,74","4,7,1","0.1,6.2,13.1,11.3,4.1,9.5,6.6,15.5,40,4.1,3.8","75,a,a,74,74,a,a,74,99,99,75",,4,1,0,0,0,0,0,0,0,,,,,,,,,,,,,,,,,,,,,,,
ED,2024nyro,qm,78,b3,1559,37,0,,,"32.6,15.9","147,101","171,171,171,76,148",0,1,0,0,0,0,0,0,0,passed once when blocked by defense,,,,,,,,,,,,,,,,,,,,,,
eg,2024nyro,qm,78,b2,191,13,0,,"5,2",,,,0,1,0,0,1,0,0,0,0,"robot worked in auto, died as teleop started.",,,,,,,,,,,,,,,,,,,,,,
mg,2024nyro,qm,80,r1,340,48,0,"166,142","14,11,8","9.3,7.3,14.9,23.5,13.9,6.6,29.5,12","142,142,69,142,118,93,117,117",92,0,1,0,0,0,0,0,0,0,,,,,,,,,,,,,,,,,,,,,,,
ls,2024nyro,qm,80,r3,3044,24,0,94,,"22.1,36.1,23.4,29.1","95,94,94,94",,0,1,0,0,0,0,0,0,0,slow,,,,,,,,,,,,,,,,,,,,,,
ED,2024nyro,qm,80,b3,4930,1,1,,,"0.1,11.6,36.5,33.2,17.2,23.1","a,a,a,a,a,a",,6,1,0,0,0,0,0,0,0,,,,,,,,,,,,,,,,,,,,,,,
eg,2024nyro,qm,80,b2,6353,25,0,,,"0.1,66,11.8","98,74,74","264,98,75",0,1,0,0,0,1,0,0,0,bumper almost fell off again,,,,,,,,,,,,,,,,,,,,,,
les,2024nyro,qm,80,b1,8595,13,0,118,8,"78.7,0.5,2.2,0.5","98,73,122,98",,0,1,0,0,0,0,0,0,0,made oopseys ,,,,,,,,,,,,,,,,,,,,,,
mg,2024nyro,qm,81,r1,378,36,0,"94,94","6,3",11.7,95,117,0,1,0,1,0,0,0,0,0,,,,,,,,,,,,,,,,,,,,,,,
eg,2024nyro,qm,81,b2,7709,13,0,"98,74","7,4","1.4,10.1,21.3,19.5,16.2,5.2,19,14.6,8.4","74,74,75,98,98,99,75,74,99",,0,1,0,0,0,0,0,0,0,,,,,,,,,,,,,,,,,,,,,,,
JL,2024nyro,qm,81,r2,3003,24,0,,3,"17.9,3.5,14.8,14.5,22,16.8,36.9","115,165,118,118,141,93,93","116,116",0,1,0,0,0,0,0,0,0,,,,,,,,,,,,,,,,,,,,,,,
ED,2024nyro,qm,81,b3,1518,1,0,26,,0.1,a,,1,1,0,1,0,0,0,0,0,,,,,,,,,,,,,,,,,,,,,,,
les,2024nyro,qm,81,b1,8145,25,0,98,,"20.9,23.2,21.9,26.6","121,98,49,98",74,0,1,0,0,0,0,0,0,0,no climb,,,,,,,,,,,,,,,,,,,,,,
AA,2024nyro,qm,81,r3,639,24,0,,,"31.1,17.6,18.1,24,0.1,0.3","46,45,118,118,a,a",,2,1,0,0,0,0,0,0,0,scouting wild fr,,,,,,,,,,,,,,,,,,,,,,
