Scouter Name,Event,Match Level,Match #,Robot,Team #,Auto Coral Level 4,Auto Coral Level 3,Auto Coral Level 2,Auto Coral Level 1,Auto Coral Miss,Auto Algae Processor,Auto Algae Net,Auto Algae Remove From Reef,Leave,Cycle Timer,Cycle Type,Teleop Coral Level 4,Teleop Coral Level 3,Teleop Coral Level 2,Teleop Coral Level 1,Teleop Coral Miss,Teleop Algae Processor,Teleop Algae Net,Teleop Algae Miss,Teleop Algae Removed From Reef,Pickup From Floor,Pickup From Coral Station,Endgame State,Played Defense,Was Defended,Died,Tippy,Yellow Card,Red Card,Egregiously Bad Event,Comment
DD,2025nytr,qm,1,b2,6621,1,0,0,1,1,0,0,0,1,"15.5,13.6,6.6,6.4,11.3,16.7,3.8,5.6,7.5,9.8,16,8.1","tc2,tc2,tc2,tc2,tc1,tc1,tc1,tc1,tc1,tc3,tc3,tc2",0,2,5,5,0,0,0,0,2,0,1,3,0,0,1,0,0,0,0
eg,2025nytr,qm,1,b3,3950,3,0,0,0,0,0,0,0,0,"7.3,9.7,5.3,8.4,19.5,58.1,11.2,7.2","tc4,tc3,tc3,tc2,tc4,tc3,tc4,tc4",4,3,1,0,0,0,0,0,0,0,1,1,0,0,0,0,0,0,0
ap,2025nytr,qm,1,r3,3044,3,0,0,0,0,0,0,0,0,"12.1,11.2,10.9,7.1,16.3,31.7,20.8,7.6,6.4","tc4,tc4,tc4,tc3,tc3,tc3,tc3,tc2,tc2",3,4,2,0,3,0,0,0,1,0,1,0,0,0,0,0,0,0,0
JP,2025nytr,qm,1,r2,7605,2,0,0,0,0,0,0,0,0,"10.4,16.7,11,12.5,18.2,13.2,13.1","tc2,tc2,tc2,tc4,tc4,tc4,tc4",4,0,3,0,1,0,0,0,0,0,0,3,0,0,0,0,0,0,0
J,2025nytr,qm,1,r1,639,0,0,0,0,1,0,0,0,1,"7,8.2,11.6,65.3,0.5,6.2","tc1,tc1,tc1,tc3,tc3,tc1",0,2,0,4,0,0,0,0,1,0,0,3,0,0,0,0,0,0,0
ML,2025nytr,qm,1,b1,358,0,0,0,0,1,0,0,0,1,"43.2,59,19.8","tc4,tc3,tc2",1,1,1,0,0,0,0,0,0,0,1,1,0,0,0,0,0,0,0,"bad intake, the coral usually did not get in"
eg,2025nytr,qm,2,b3,9468,0,0,0,0,0,0,0,0,1,"0.1,43.7,17.4,1.6","tc4,tc2,tc4,tc2",2,0,2,0,0,0,0,0,0,0,1,1,0,1,0,0,0,0,0
JP,2025nytr,qm,2,r2,4458,2,0,0,0,0,0,0,0,1,"1.5,16.7,8.1,9.1,15.3,6.3,34.1,22.1,12.3","tc4,tan,tc4,tc4,tc1,tc4,tc4,tc1,tc1",5,0,0,3,6,0,1,0,1,0,1,1,0,0,0,0,0,0,0
J,2025nytr,qm,2,r1,3173,0,0,0,0,1,0,0,0,1,,{},0,0,0,0,0,0,0,0,0,0,0,3,1,0,0,0,0,0,0
AL,2025nytr,qm,2,r3,6401,0,0,0,0,0,0,0,0,0,"26.8,14.5","tc3,tc3",0,2,0,0,0,0,0,0,0,0,1,1,0,0,0,0,0,0,0,Robot was being triaged most of the match and A stopped
DD,2025nytr,qm,2,b2,1796,4,0,0,0,0,0,0,0,1,"12.1,4.9,11.4,4.7,10.2,15.3,8.8,6.3,5.6,27.2","tap,tc4,tc2,tap,tc3,tan,tc3,tc4,tc3,tap",2,3,1,0,0,3,1,0,4,0,1,3,0,1,0,0,0,0,0
ML,2025nytr,qm,2,b1,1468,1,0,0,0,0,0,0,0,1,"5.4,7.7,13.8,20.5,9.1,20.5,10,11,18","tc4,tc4,tan,tan,tc4,tc4,tc3,tc4,tc2",5,1,1,0,1,0,2,0,2,0,1,3,0,0,0,0,0,0,0
AL,2025nytr,qm,3,r3,3171,1,0,0,0,0,0,0,0,0,"14.6,13.1,15.8,13,12,13.9,15.5","tc4,tc4,tc4,tc4,tc4,tc4,tc4",7,0,0,0,0,0,0,0,0,0,1,0,0,0,0,0,0,0,0
eg,2025nytr,qm,3,b3,7718,0,0,0,0,0,0,0,0,1,"14.5,76.6","tc1,tc1",0,0,0,2,4,0,0,0,2,0,1,0,0,0,0,0,0,0,0
DD,2025nytr,qm,3,b2,191,2,0,0,0,1,0,0,0,1,"4.9,14.5,17,13.2,10.8,9.1,7.1,7.8,8,14.3,8.2,8.3","tc4,tc4,tc4,tc4,tc4,tc4,tc4,tc4,tc4,tc3,tc3,tc3",9,3,0,0,1,0,0,0,2,0,1,1,0,0,0,0,0,0,0
ML,2025nytr,qm,3,b1,7031,0,0,0,0,0,0,0,0,1,"49.2,52.5","tap,tap",0,0,0,0,0,2,0,0,0,0,0,1,0,0,0,0,0,0,0,very slow drivebase
JP,2025nytr,qm,3,r2,3117,0,0,0,0,0,0,0,0,0,,{},0,0,0,0,0,0,0,0,0,0,0,1,0,0,1,0,0,0,1
J,2025nytr,qm,3,r1,6463,0,0,0,0,0,0,0,0,1,12.4,tc4,1,0,0,0,3,0,0,0,2,0,0,1,0,0,0,0,0,0,0
eg,2025nytr,qm,4,b3,810,1,0,0,0,1,0,0,0,1,"19.6,9.9,24.4,8.7,22.3,25.7","tc4,tc4,tc3,tc4,tc4,tc4",5,1,0,0,2,0,0,0,1,0,1,0,0,0,0,0,0,0,1,hopped up on algae
ap,2025nytr,qm,4,r3,20,2,0,0,0,0,0,0,0,1,"9.6,12.4,11.1,19.6,20.1,6.3,9.1,18.3","tc4,tc4,tc4,tc3,tap,tc3,tap,tap",3,2,0,0,0,3,0,0,2,0,1,3,0,0,0,0,0,0,0
DD,2025nytr,qm,4,b2,10714,0,0,0,1,0,0,0,0,0,"24.1,23.7,15.8,12.7,44.8","tc1,tc1,tc1,tc1,tc1",0,0,0,5,5,0,0,0,0,0,1,1,0,0,0,0,0,0,0,kit bot
J,2025nytr,qm,4,r1,2053,0,0,0,0,1,0,0,0,1,"29.5,14.7,15.9,53.9,16.9","tc4,tc2,tc2,tc3,tc2",1,1,3,0,4,0,0,0,2,0,1,0,0,0,0,0,0,0,0
JP,2025nytr,qm,4,r2,250,0,0,0,0,0,0,0,0,0,"11.2,25.3,7.6","tc2,tc2,tc2",0,0,3,0,1,0,0,0,0,0,1,1,0,0,0,0,0,0,0
ML,2025nytr,qm,4,b1,229,0,0,0,0,0,0,0,0,0,,{},0,0,0,0,0,0,0,0,0,0,0,0,0,0,1,0,0,0,0
JP,2025nytr,qm,5,r2,870,1,0,0,1,2,0,0,0,1,"13.8,4.2,23.4,13.6,9.9,21.7,11.9","tap,tap,tc4,tc4,tc4,tc4,tc4",5,0,0,0,2,2,0,0,0,0,1,3,0,0,0,0,0,0,0
eg,2025nytr,qm,5,b3,7759,0,0,0,0,0,0,0,0,1,,{},0,0,0,0,0,0,0,0,0,0,1,1,1,0,0,0,0,0,0,defence was terrible 
DD,2025nytr,qm,5,b2,8067,0,0,0,0,0,0,0,0,1,"11,15.2,18.1","tc4,tc4,tc4",3,0,0,0,0,0,0,0,0,0,1,0,0,0,1,0,0,0,0
ML,2025nytr,qm,5,b1,7504,0,0,0,0,0,0,0,0,1,"2.1,50.1,8.4,14.6,13.5,24","tc4,tc4,tc4,tc4,tc4,tc4",6,0,0,0,0,0,0,0,2,0,1,0,0,0,0,0,0,0,0
J,2025nytr,qm,5,r1,6300,0,0,0,0,0,0,0,0,1,"13.4,16.4,41.6,11.8,11.6,11.8","tc2,tc2,tc1,tc2,tc2,tc3",0,1,4,1,0,0,0,0,0,0,1,3,0,0,0,0,0,0,0
ap,2025nytr,qm,5,r3,1126,0,0,0,0,1,0,0,0,0,"11.1,25.2,11.2,47.1,9.3,9.2,12.1","tc2,tc3,tc3,tc1,tc4,tc4,tc3",2,3,1,1,0,0,0,0,1,0,1,0,0,0,0,0,0,0,0
arin,2025nytr,qm,6,b3,9624,0,0,0,0,0,0,0,0,1,"8.7,7.5,29.7,28.6,53.3","tc4,tc4,tc4,tc4,tc4",5,0,0,0,0,0,0,0,0,0,0,0,0,0,0,0,0,0,0
DD,2025nytr,qm,6,b1,6648,0,0,0,0,0,0,0,0,1,,{},0,0,0,0,0,0,0,0,0,0,0,1,1,0,0,0,0,0,0
df,2025nytr,qm,6,b2,1518,0,0,0,1,0,0,0,0,1,"16.3,21,18.5,16.1,16.9,14.9,20.5","tan,tan,tan,tan,tan,tan,tan",0,0,0,0,0,0,7,0,6,0,0,1,0,0,0,0,0,0,0,picked up an algae from he 3 stand things
Ak,2025nytr,qm,6,r2,1880,0,0,0,0,0,0,0,0,1,"4.4,105,17.6","tc1,tc3,tc3",0,2,0,1,2,0,0,0,3,0,0,1,0,0,0,0,0,0,0
J,2025nytr,qm,6,r1,1591,0,0,0,0,3,0,0,0,1,"25.5,7.9,7.8,10.1,13.5,21.2,13.8","tc4,tc4,tc4,tc4,tc4,tc4,tc4",7,0,0,0,1,0,0,0,0,0,1,3,0,0,0,0,0,0,0
ap,2025nytr,qm,6,r3,5149,0,0,0,0,0,0,0,0,1,"36.8,36.4,33.4","tc2,tc2,tc3",0,1,2,0,3,0,0,0,0,0,1,1,0,0,0,0,0,0,0
a,2025nytr,qm,7,b3,7030,0,0,0,0,0,0,0,0,1,,{},0,0,0,0,0,0,0,0,0,0,0,0,0,0,0,0,0,0,0
df,2025nytr,qm,7,b2,6806,0,0,0,0,0,0,0,0,1,"30.9,24.7,28.5,24.8","tc2,tc2,tc2,tc3",0,1,3,0,0,0,0,0,0,0,0,0,0,0,0,0,0,0,0
Ak,2025nytr,qm,7,r2,2791,1,0,0,0,0,0,0,0,1,"24.6,11.3,13.5,11,24,10.9,19.8,60.3","tc4,tc4,tc4,tc3,tc3,tc3,tc3,tc3",3,5,0,0,2,0,0,0,0,0,1,0,0,0,0,0,0,0,0
Jp,2025nytr,qm,7,b1,4571,0,0,0,0,0,0,0,0,0,"17.6,5.6,24.9","tap,tap,tc4",1,0,0,0,0,2,0,0,0,0,0,1,0,0,0,1,0,0,1,Wires for the elevator snapped off 
ap,2025nytr,qm,7,r3,3181,0,0,0,0,0,0,0,0,1,"5.2,14.3,28.1","tc4,tap,tap",1,0,0,0,2,2,0,2,6,0,1,0,0,0,0,0,0,0,0
J,2025nytr,qm,7,r1,5881,0,0,0,1,0,0,0,0,1,"11.4,9.6,6,11.6,9.7,8.8,41.8,8.3,15.6","tc2,tc2,tc2,tc2,tc2,tc2,tc2,tc2,tc1",0,0,8,1,0,0,0,0,0,0,1,2,0,0,0,0,0,0,0
Jp,2025nytr,qm,8,b1,3360,0,0,0,0,0,0,0,0,0,"73.9,16.8,34.2","tap,tap,tap",0,0,0,0,0,3,0,0,2,1,0,0,0,0,0,1,0,0,0,Looked like they were drunk driving. Did not know what they were doing or where to go 
df,2025nytr,qm,8,b2,3003,0,0,0,0,0,0,0,0,1,"2,8.2,24.7,18.4,26.2,21.5","tc4,tc4,tc4,tc4,tc4,tc4",6,0,0,0,0,0,0,0,0,0,0,3,0,0,0,0,0,0,0,they kept going up to the l4 but then went down and slammed back into the coral station and went and scored 
ap,2025nytr,qm,8,r3,10352,0,0,0,0,0,0,0,0,1,"40.9,58.5","tc1,tc1",0,0,0,2,2,0,0,0,0,0,1,0,0,0,0,0,0,0,0
Ak,2025nytr,qm,8,r2,1493,3,0,0,0,0,0,0,0,1,"8.4,17.9,9.3,9.5,5.7,8,9.1,13,16.2,5.7,17.1,12.8","tc4,tc4,tc4,tc3,tc3,tc3,tc3,tc4,tc3,tc3,tc4,tc4",6,6,0,0,0,0,0,0,2,1,0,0,0,0,0,0,0,0,0
J,2025nytr,qm,8,r1,2875,1,0,0,0,1,0,0,0,1,"32.1,58.1,10.5,29","tan,tc4,tan,tc4",2,0,0,0,1,0,2,0,2,0,1,0,0,0,0,0,0,0,0
a,2025nytr,qm,8,b3,334,0,0,0,0,0,0,0,0,1,,{},0,0,0,0,0,0,0,0,0,0,0,0,0,0,0,0,0,0,0
Jp,2025nytr,qm,9,b1,2601,0,0,0,0,0,0,0,0,0,"65.6,7.6,7","tc4,tc4,tc4",3,0,0,0,0,0,0,0,0,0,0,0,0,0,0,0,0,0,0,No auto align so they just kept on missing 
df,2025nytr,qm,9,b2,578,0,0,0,0,0,0,0,0,0,"31.9,79,12.2","tc4,tc4,tc4",3,0,0,0,1,0,0,0,0,0,0,1,0,0,0,0,0,0,0
arin,2025nytr,qm,9,b3,6911,0,0,0,0,0,0,0,0,1,,{},0,0,0,0,0,0,0,0,1,0,0,1,1,0,0,0,0,0,0
ap,2025nytr,qm,9,r3,5528,2,0,0,0,0,0,0,0,1,"35,63.6","tc4,tc3",1,1,0,0,3,0,0,0,0,0,0,1,0,0,0,0,0,0,0
Ak,2025nytr,qm,9,r2,2869,0,0,0,0,0,0,0,0,0,"26.1,5.1,7.6,16,13.5,22,8.5,17.5","tc1,tc4,tc3,tc3,tc4,tc4,tc3,tc1",3,3,0,2,1,0,0,0,0,1,0,3,0,0,0,0,0,0,0
J,2025nytr,qm,9,r1,4122,0,0,0,0,0,0,0,0,1,"16.6,9.6,17.8,15.5,12.4,33.3","tc4,tan,tc4,tan,tan,tc3",2,1,0,0,2,0,3,1,3,0,1,3,0,0,0,0,0,0,0
arin,2025nytr,qm,10,b3,639,0,0,0,0,0,0,0,0,1,"10.5,6,15.7,12.7,11.6,52.4","tap,tap,tc2,tc2,tc2,tap",0,0,3,0,0,3,0,0,3,0,0,1,0,0,0,0,0,0,0
df,2025nytr,qm,10,b2,7718,0,0,0,0,0,0,0,0,1,,{},0,0,0,0,0,0,0,0,0,0,0,0,0,0,0,0,0,0,0,bad driver
Jp,2025nytr,qm,10,b1,424,1,0,0,0,0,0,0,0,0,"17.1,4.3,8.8,21.8,17.7,11.6,22.9,6.9,10.2","tan,tc4,tc4,tc4,tc4,tc3,tc3,tc3,tc3",4,4,0,0,0,0,1,0,2,0,0,3,0,0,0,0,0,0,0
ap,2025nytr,qm,10,r3,2053,0,0,0,0,0,0,0,0,1,"12.5,29.5,12.2,21.4,14.5,23.3","tap,tc2,tc3,tc3,tc2,tc3",0,3,2,0,0,1,0,0,1,0,1,0,0,0,0,0,0,0,0
Ak,2025nytr,qm,10,r2,3550,0,0,0,0,1,0,0,0,0,"51.9,1.7,1.8,10.1,29.3,15.8,1.1,12.7","tc4,tc3,tap,tap,tap,tap,tap,tap",1,1,0,0,0,6,0,0,0,0,0,3,0,0,0,0,0,0,0,the first three times are messed up so use the other times for any calculations 
J,2025nytr,qm,10,r1,1468,3,0,0,0,0,0,0,0,0,"6,8.6,9,6,31.8,3.2,9.8,8.3,9.3,15.1","tc4,tc4,tc3,tc3,tc2,tc2,tc2,tc2,tc4,tc4",4,2,4,0,1,0,0,0,0,0,1,3,0,0,0,0,0,0,0
CW,2025nytr,qm,11,r3,6401,1,0,0,0,0,0,0,0,0,,{},0,0,0,0,2,0,0,0,0,0,0,0,0,0,0,0,0,0,0,slow caused traffic 
DD,2025nytr,qm,11,b2,20,2,0,0,0,0,0,0,0,1,"4.7,12.5,14.7,9.8,9.4,13.8,12.2,13.9,7.5,12.7","tc4,tc4,tc3,tc3,tc3,tc2,tc2,tc2,tc2,tc1",2,3,4,1,0,0,0,0,2,0,1,3,0,0,0,0,0,0,0
Ak,2025nytr,qm,11,r2,8067,0,0,0,0,0,0,0,0,1,81,tc4,1,0,0,0,0,0,0,0,0,0,1,0,0,0,0,0,0,0,0,went on to of an algae 
J,2025nytr,qm,11,r1,191,3,0,0,0,0,0,0,0,1,"3.7,18","tc4,tc4",2,0,0,0,1,0,0,0,1,0,1,3,1,0,0,0,0,0,0
Jl ,2025nytr,qm,11,b1,7605,1,0,0,0,0,0,0,0,0,"18.5,15,15.6,24.5","tc4,tc3,tc4,tc3",2,2,0,0,2,0,0,0,0,0,1,3,0,0,0,0,0,0,0,:3
ML,2025nytr,qm,11,b3,3950,3,0,0,0,0,0,0,0,1,"21.2,17.3,9.8,20.7,9.9,20.4,17.4,7.9,5.8","tc4,tc3,tc4,tc3,tc2,tc2,tc2,tc2,tc3",2,3,4,0,2,0,0,0,0,0,1,1,0,0,0,0,0,0,0
Ak,2025nytr,qm,12,r2,5149,0,0,0,0,0,0,0,0,1,"11.1,71.1","tc3,tc2",0,1,1,0,2,0,0,0,0,0,1,0,0,0,0,0,0,0,0,Went on top of something and got stuck 
CW,2025nytr,qm,12,r3,6648,0,0,0,0,0,0,0,0,0,27,tap,0,0,0,0,0,1,0,0,0,0,0,3,0,0,0,0,0,0,0,got stuck on algae 
J,2025nytr,qm,12,r1,3173,3,0,0,0,0,0,0,0,1,"25.6,6.1,25.8,52.4","tc4,tc4,tc4,tc4",4,0,0,0,4,0,0,0,3,0,1,3,0,0,0,0,0,0,0,Freed the robot stuck on coral.
DD,2025nytr,qm,12,b2,6463,0,0,0,0,0,0,0,0,0,,{},0,0,0,0,0,0,0,0,0,0,0,1,1,0,0,0,0,0,0
ML,2025nytr,qm,12,b3,10714,0,0,0,1,0,0,0,0,1,"77.1,7.4,8.6,12.1,8.1","tc1,tc1,tc1,tc1,tc1",0,0,0,5,2,0,0,0,0,0,1,0,1,0,0,0,0,0,0,caused penalties 
DD,2025nytr,qm,12,b1,870,3,0,0,0,0,0,0,0,0,"3.6,9.2,8.9,14.6,11.9,8.5,11,12.7,24.9","tc4,tc4,tc4,tc4,tc4,tc4,tc4,tc4,tc3",8,1,0,0,0,0,0,0,2,0,1,3,0,0,0,0,0,0,0
DD,2025nytr,qm,13,b1,4458,2,0,0,0,0,0,0,0,1,"1.1,20.5,13,10.7,9.9","tc4,tc4,tc4,tc4,tc4",5,0,0,0,2,0,0,0,0,0,1,0,0,0,0,0,0,0,0
DD,2025nytr,qm,13,b2,1880,0,0,0,0,0,0,0,0,1,"9.6,28.1,8.4,18.3,9.4,33.7","tc1,tc2,tc3,tc3,tc2,tc2",0,2,3,1,0,0,0,0,1,0,1,0,0,0,0,1,0,0,0
CW,2025nytr,qm,13,r3,358,0,0,0,0,0,0,0,0,0,56.6,tc4,1,0,0,0,0,0,0,0,0,0,1,0,0,0,1,0,0,0,1,poor teamwork 
ML,2025nytr,qm,13,b3,229,0,0,0,0,0,0,0,0,0,,{},0,0,0,0,0,0,0,0,0,0,0,1,1,0,0,0,0,0,0
J,2025nytr,qm,13,r1,3181,0,0,0,0,2,0,0,0,1,,,0,0,0,0,1,0,0,0,0,0,1,1,0,1,0,0,0,0,0,Didn't do anything.
Ak,2025nytr,qm,13,r2,7759,0,0,0,0,0,0,0,0,1,,{},0,0,0,0,0,0,0,0,0,0,0,1,1,0,0,0,0,0,0
CW,2025nytr,qm,14,r3,3044,0,0,0,0,0,0,0,0,1,"3.3,5.7,8.8,8.3,7.1,6.3,7.3,6.4,6.3,11,10.8,6.4,6.5,6.9,13.1","tc4,tc4,tc4,tc4,tc3,tc3,tc3,tc3,tc3,tc2,tc2,tc2,tc4,tc4,tc4",7,5,3,0,0,0,0,0,0,0,0,1,0,0,0,0,0,0,0
eg,2025nytr,qm,14,b2,334,0,0,0,0,0,0,0,0,1,,{},0,0,0,0,1,0,0,0,0,0,0,1,0,0,0,0,0,0,1,was extremely jerky
Ak,2025nytr,qm,14,r2,9468,0,0,0,0,0,0,0,0,1,"18.1,21.6,39.4,32.5","tc2,tc2,tc2,tc3",0,1,3,0,0,0,0,0,0,0,1,1,0,0,0,0,0,0,0
DD,2025nytr,qm,14,b1,6300,0,0,0,0,0,0,0,0,1,"25.1,11.9,59.1","tc3,tc3,tc3",0,3,0,0,1,0,0,0,2,0,1,3,0,0,0,0,0,0,0
ML,2025nytr,qm,14,b3,810,1,0,0,0,1,0,0,0,1,"12.2,12.1,8.3,9.6,18.1,5.7,10.3,24.3,17.7,13.9","tc4,tap,tap,tc4,tc1,tc4,tc4,tc4,tc4,tc1",6,0,0,2,2,2,0,0,2,0,1,1,0,0,0,0,0,0,0
J,2025nytr,qm,14,r1,4571,0,0,0,0,0,0,0,0,1,"38.1,15.5","tap,tap",0,0,0,0,0,2,0,0,3,0,0,1,0,0,0,0,0,0,0
eg,2025nytr,qm,15,b2,7031,0,0,0,0,0,0,0,0,1,67,tap,0,0,0,0,0,1,0,0,0,0,0,1,0,0,0,0,0,0,0,bad driver
CW,2025nytr,qm,15,r3,250,0,0,0,0,0,0,0,0,1,"28.1,38.7,52.7","tap,tc3,tap",0,1,0,0,1,2,0,0,0,0,1,1,0,0,0,0,0,0,0
J,2025nytr,qm,15,r1,578,0,0,0,1,0,0,0,0,1,"31.9,27.4,23.7,19.8,24.1","tc4,tc4,tc4,tc3,tc3",3,2,0,0,0,0,0,0,0,0,1,0,0,0,0,0,0,0,0
Ak,2025nytr,qm,15,r2,9624,0,0,0,0,2,0,0,0,0,"41,15.4,20.5,35","tc4,tc4,tc1,tc4",3,0,0,1,5,0,0,0,0,0,0,0,0,0,0,0,0,0,0
DD,2025nytr,qm,15,b1,3003,1,0,0,0,0,0,0,0,1,"3.7,8.6,17.1,4.9,5.5,7.3,9.3,10.5,10.5","tc4,tc4,tc4,tc4,tc4,tc4,tc4,tc4,tc4",9,0,0,0,0,0,0,0,1,0,1,3,0,0,0,0,0,0,0
ML,2025nytr,qm,15,b3,6806,0,0,0,0,0,0,0,0,1,"14.3,28.3,17,23.6,17.3,24.4","tc2,tc3,tc3,tc2,tc2,tc2",0,2,4,0,0,0,0,0,0,0,1,1,0,0,0,0,0,0,0
ML,2025nytr,qm,16,b3,7030,0,0,0,0,0,0,0,0,1,101.3,tc1,0,0,0,1,0,0,0,0,0,0,0,1,0,0,0,0,0,0,0
Jp,2025nytr,qm,16,b1,1796,3,0,0,0,0,0,0,0,0,"0.7,12.2,3,11.2,5.3,11.3,6.1,9.2,7.8,5.4,6.5,3.2,4.4,5.2,6.4","tc4,tan,tc4,tc4,tc3,tan,tc3,tap,tan,tc2,tc2,tc2,tc2,tc4,tc4",5,2,4,0,0,1,3,0,3,0,0,3,0,0,0,0,0,0,0,#1 robot by far 
df,2025nytr,qm,16,b2,2875,2,0,0,0,0,0,0,0,0,"3.9,10,12.6,14.8,6.5,6.5,22.8,32,8.7,7.8","tc4,tap,tap,tc3,tc3,tc3,tc2,tc4,tc3,tc4",3,4,1,0,3,2,0,0,2,0,0,1,0,0,0,0,0,0,0,trouble at l2
JP,2025nytr,qm,16,r1,2601,1,0,0,0,1,0,0,0,1,"6.2,6.3,13.7,11,12.2,7.1,9.7","tc4,tc2,tc4,tc4,tc2,tc3,tc4",4,1,2,0,3,0,0,0,0,0,1,0,0,0,0,0,0,0,0
CW,2025nytr,qm,16,r3,2869,0,0,0,0,0,0,0,0,0,,{},0,0,0,0,0,0,0,0,0,0,0,0,0,0,0,0,0,0,1
Ak,2025nytr,qm,16,r2,7504,0,0,0,0,0,0,0,0,1,"3,17.5,8.9,10.1,9.6,19.2,12.7,11.9,21.1","tap,tap,tc4,tc4,tc4,tc4,tc4,tc4,tc2",6,0,1,0,0,2,0,0,1,0,0,0,0,0,0,0,0,0,0
JP,2025nytr,qm,17,r1,5528,1,0,0,0,0,0,0,0,1,"17.2,12.5,22.6,14.9,18.9,15,10.7","tc4,tc4,tc4,tc4,tc4,tc3,tc3",5,2,0,0,0,0,0,0,0,0,1,3,0,0,0,0,0,0,0
CW,2025nytr,qm,17,r3,6911,0,0,0,0,1,0,0,0,1,41.9,tc4,1,0,0,0,2,0,0,0,0,0,0,0,0,0,1,0,0,0,1
ay,2025nytr,qm,17,b3,424,0,0,0,0,0,0,0,0,1,"17.6,33.1,14.6,15.3,20.4,37.8","tan,tan,tc3,tan,tan,tc2",0,1,1,0,0,0,4,0,4,0,0,0,0,0,0,0,0,0,0
Ak,2025nytr,qm,17,r2,1126,0,0,0,0,0,0,0,0,1,"10.9,8.1,11.1,16.2,15.2,15.4","tc4,tc4,tc4,tc4,tc4,tc3",5,1,0,0,1,0,0,0,1,0,0,1,0,0,0,0,0,0,0
Jp,2025nytr,qm,17,b1,1591,0,0,0,0,0,0,0,0,0,"13.8,17.7,8,17.2,29.7,8.8,14.1","tc4,tc4,tc4,tc4,tc4,tc4,tc4",7,0,0,0,0,0,0,0,1,0,0,3,0,0,0,0,0,0,0
df,2025nytr,qm,17,b2,2791,1,0,0,0,0,0,0,0,0,"19.3,33.9,13.3,9.5,25.4,16.2,5.9,9.1","tc4,tc4,tc3,tc3,tc3,tc2,tc2,tc2",2,3,3,0,3,0,0,0,0,0,0,0,0,0,0,0,0,0,0
Jp,2025nytr,qm,18,b1,3171,0,0,0,0,0,0,0,0,0,"9.3,26.6,13.9,32.5,31.4","tc4,tc4,tc4,tc4,tc4",5,0,0,0,0,0,0,0,0,0,0,3,0,0,0,0,0,0,0,Had trouble loading the coral 
CW,2025nytr,qm,18,r3,5881,0,0,0,0,1,0,0,0,1,"6.1,24.9,7.8,6.7,14.8,45.4,14.7","tc1,tc2,tc2,tc2,tc2,tc2,tc1",0,0,5,2,1,0,0,0,0,0,1,0,0,0,0,0,0,0,0
JP,2025nytr,qm,18,r1,4122,0,0,0,0,2,0,0,0,1,"12.4,11.3,12.7,6.1,16.5,3.6,10.9,10.2,10.9","tc4,tap,tap,tc4,tan,tc3,tc4,tan,tc3",3,2,0,0,0,2,2,0,4,0,1,3,0,1,0,0,0,0,0
ay,2025nytr,qm,18,b3,3360,0,0,0,0,0,0,0,1,1,"46.9,11.4,32.8,26","tap,tap,tap,tap",0,0,0,0,0,4,0,0,4,0,0,1,0,0,0,0,0,0,0
Ak,2025nytr,qm,18,r2,3117,0,0,0,0,0,0,0,0,0,"7.1,14.8,18.1,9.8,21.2,35.4","tc4,tc4,tc4,tc3,tc3,tc3",3,3,0,0,1,0,0,0,0,0,0,3,0,0,0,0,0,0,0
df,2025nytr,qm,18,b2,1493,0,0,0,0,0,0,0,0,0,"19.5,6.7,8","tc4,tc4,tc4",3,0,0,0,0,0,0,0,0,0,0,1,1,0,0,0,0,0,0
ay,2025nytr,qm,19,b3,8067,0,0,0,0,0,0,0,0,1,"49.4,20.6,25.3","tc4,tc1,tc4",2,0,0,1,0,0,0,0,0,0,0,0,0,0,0,0,0,0,0
CW,2025nytr,qm,19,r3,3550,2,0,0,0,0,0,0,0,1,"20.1,18.2,43.1,7.5,31.9","tc4,tc4,tap,tap,tap",2,0,0,0,0,3,0,0,0,0,0,1,0,0,0,0,0,0,0
JP,2025nytr,qm,19,r1,229,0,0,0,0,0,0,0,0,0,,{},0,0,0,0,0,0,0,0,0,0,0,0,1,0,0,0,0,0,0,they got beached
Ak,2025nytr,qm,19,r2,10352,0,0,0,0,0,0,0,0,1,"25.4,9.4,14.4,13.8,10.8,8.9,12.9,8.1","tc1,tc1,tc1,tc1,tc1,tc1,tc1,tap",0,0,0,7,2,1,0,0,0,0,0,1,0,0,0,0,0,0,0
df,2025nytr,qm,19,b2,6621,2,0,0,0,0,0,0,0,0,"41.6,6.2,14.2,7.3,7,11.4,3.7,2.7,13.2,11.9","tc2,tc2,tc2,tc4,tc4,tc2,tc2,tc2,tc2,tc2",2,0,8,0,1,0,0,0,0,0,0,3,0,0,0,0,0,0,0
ay,2025nytr,qm,20,b3,870,2,0,0,0,0,0,0,0,1,"56.9,11.6","tc4,tc4",2,0,0,0,0,0,0,0,0,0,0,1,0,0,0,0,0,0,0
CW,2025nytr,qm,20,r3,4571,0,0,0,0,0,0,0,0,1,"27.8,56","tap,tap",0,0,0,0,0,2,0,1,2,0,0,1,0,0,0,0,0,0,0
Ak,2025nytr,qm,20,r2,191,2,0,0,0,1,0,0,0,0,"23.3,11,7.5,12.9,11.3,10.5,10.5,7.5,13.3,9.5","tc4,tc4,tc4,tc4,tc4,tc4,tc3,tc4,tc3,tc3",7,3,0,0,1,0,0,0,1,0,1,3,0,0,0,0,0,0,0
JP,2025nytr,qm,20,r1,358,0,0,0,0,0,0,0,0,1,"24,27.1,18.8,16.4,20.2,11.8,11.9","tc4,tc3,tc3,tc3,tc3,tc4,tc2",2,4,1,0,1,0,0,0,0,1,0,0,0,0,0,0,0,0,0
Jp,2025nytr,qm,20,b1,6401,0,0,0,0,0,0,0,0,1,"32.5,24.3,10.3","tc3,tc3,tc3",0,3,0,0,0,0,0,0,0,0,0,1,1,0,0,0,0,0,0,"Could not hold onto the coral, they could but had to go slow "
df,2025nytr,qm,20,b2,6648,0,0,0,0,0,0,0,0,1,"23.6,22.4,50.3","tap,tap,tap",0,0,0,0,1,3,0,0,0,0,0,1,0,0,0,0,0,0,0,they messed up their deep climb  
JP,2025nytr,qm,21,r1,6300,0,0,0,0,0,0,0,0,1,"41.1,30.9,17.2","tc3,tc3,tc3",0,3,0,0,0,0,0,0,1,0,0,3,0,0,0,0,0,0,0
ML,2025nytr,qm,21,b3,6463,0,0,0,0,0,0,0,0,1,"8.7,16.4,34.3,16.5,36","tc4,tc4,tc4,tc4,tc4",5,0,0,0,0,0,0,0,0,0,1,0,0,1,0,0,0,0,0
Ap,2025nytr,qm,21,r2,3181,0,0,0,0,0,0,0,0,1,,{},0,0,0,0,0,0,0,0,1,0,0,0,1,0,0,0,0,0,0
CW,2025nytr,qm,21,r3,639,1,0,0,0,0,0,0,0,1,"16.4,8,21.6,10.6,18.5,23.9","tc1,tc4,tc4,tc4,tc4,tc4",5,0,0,1,0,0,0,0,0,0,1,1,0,0,0,0,0,0,0
Jl,2025nytr,qm,21,b1,7718,0,0,0,0,0,0,0,0,0,"41.4,50.4","tc4,tc3",1,1,0,0,3,0,0,0,2,0,1,0,0,0,0,1,0,0,0,:3
CW,2025nytr,qm,22,r3,2869,2,0,0,0,0,0,0,0,1,"7.1,4.9,11.1,8.1,6.9,0.5,29.4,7.4,6.8","tc4,tc4,tc3,tc3,tc4,tc3,tc1,tc2,tc2",3,3,2,1,2,0,0,0,0,0,1,3,0,0,0,0,0,0,0
DD,2025nytr,qm,22,b2,3044,3,0,0,0,0,0,0,0,1,"6.2,8.4,15.1,4,6.4,18.2,7,12.7,7.9,10.1,9.1,6.7","tc4,tc4,tc3,tc3,tc3,tc4,tc3,tc2,tc4,tc4,tc4,tc4",7,4,1,0,1,0,0,0,1,0,1,1,0,0,0,0,0,0,0
Eg,2025nytr,qm,22,b1,7759,0,0,0,0,0,0,0,0,1,,{},0,0,0,0,0,0,0,0,0,0,0,0,1,0,0,0,0,0,1,Coral got stuck at the start of the game 
ML,2025nytr,qm,22,b3,250,0,0,0,0,0,0,0,0,1,"8.1,29.1,11.7,5.3,8.9,11.6","tap,tap,tc2,tc2,tc2,tc2",0,0,4,0,1,2,0,0,2,0,1,1,0,0,0,0,0,0,0,"pneumatic deep climb, falls when teleop ends"
Ap,2025nytr,qm,22,r2,1796,4,0,0,0,0,0,0,0,1,"8.5,6.4,2.2,5.5,7.2,9.4,7.4,4.5,18.9,10.9,14.3,17","tap,tc1,tap,tc3,tc3,tc3,tc2,tc2,tc3,tc3,tc3,tc2",0,6,3,1,0,2,0,0,3,0,0,1,0,0,0,0,0,0,0
JP,2025nytr,qm,22,r1,3003,1,0,0,0,0,0,0,0,1,"6.1,31.9,10.8,13.1,7.9,19.5,16.6","tc4,tc4,tc4,tc3,tc2,tc4,tc4",5,1,1,0,1,0,0,0,1,0,1,3,0,0,0,0,0,0,0
Eg,2025nytr,qm,23,b1,9624,0,0,0,0,0,0,0,0,0,"5.9,8.9,9.7,32.3,34.8","tc4,tc4,tc4,tc4,tc4",5,0,0,0,2,0,0,0,0,0,0,0,0,0,0,0,0,0,0
DD,2025nytr,qm,23,b2,9468,0,0,0,0,0,0,0,0,1,"17.4,34.6,17.8,45.6","tc4,tc2,tc2,tc1",1,0,2,1,3,0,0,0,2,0,1,1,0,0,0,0,0,0,0
Jl,2025nytr,qm,23,r3,2875,2,0,0,0,0,0,0,0,0,"4.5,9.2,19.1,29.1,11.1,15,8.9,21.2,13.9","tc4,tc4,tc4,tc4,tan,tc4,tc4,tc4,tc2",7,0,1,0,0,0,1,0,1,0,1,0,0,0,0,0,0,0,0,:3
AL,2025nytr,qm,23,r2,2601,0,0,0,0,0,0,0,0,1,"3.3,52.4,6.5,28.5,22.2,14.9","tc1,tc1,tc4,tc4,tc2,tc3",2,1,1,2,5,0,0,0,0,0,1,1,0,0,0,0,0,0,0,"Need to rescout cycles, scout data 90% confidence"
ML,2025nytr,qm,23,b3,1126,0,0,0,0,1,0,0,0,1,,{},0,0,0,0,0,0,0,0,0,0,0,0,0,0,0,0,1,0,1,end effector stuck on L4
JP,2025nytr,qm,23,r1,10714,0,0,0,1,0,0,0,0,1,"37.4,19.1,20,29.5,25.8","tc1,tc1,tc1,tc1,tc1",0,0,0,5,5,0,0,0,0,0,1,0,0,0,0,0,0,0,0
JP,2025nytr,qm,24,r1,7605,1,0,0,0,1,0,0,0,1,"18.6,15.9,11.2,14.2,20.4,16.1,13.7","tc4,tc4,tc4,tc4,tc4,tc4,tc2",6,0,1,0,0,0,0,0,0,0,0,3,0,0,0,0,0,0,0
Eg,2025nytr,qm,24,b1,334,0,0,0,0,0,0,0,0,1,"15.1,7.6,17.5,36.5","tc1,tc2,tc1,tc3",0,1,1,2,0,0,0,0,0,1,0,0,0,0,0,0,0,0,0,Died in last 30 seconds
DD,2025nytr,qm,24,b2,4122,0,0,0,0,1,0,0,0,1,"12.6,7.2,38.8,5.6,38.5,6.7,9.3","tap,tap,tan,tan,tan,tc2,tan",0,0,1,0,1,2,4,2,4,0,1,3,0,0,0,0,0,0,0
Ap,2025nytr,qm,24,r2,5149,0,0,0,0,0,0,0,0,1,"56.3,19,33.9","tc2,tc2,tc2",0,0,3,0,1,0,0,0,0,0,1,1,0,0,0,0,0,0,0
ML,2025nytr,qm,24,b3,2791,1,0,0,0,0,0,0,0,1,"15,14.6,11.6,9.1,17.5,13.3,17.4,10.9","tc4,tc4,tc4,tc4,tc3,tc3,tc3,tc3",4,4,0,0,1,0,0,0,0,0,1,1,0,0,0,1,0,0,0
Jl,2025nytr,qm,24,r3,810,0,0,0,0,2,0,0,1,0,"13.4,21.7,26.8,14.1,14.5,11.8,9.6,9.8,9.9","tan,tc2,tc3,tc3,tc3,tan,tc3,tan,tc4",1,4,1,0,0,0,3,1,3,0,0,0,0,0,0,0,0,0,0,The l2 is supposed to be an l3
CW,2025nytr,qm,26,r3,3950,0,0,0,0,0,0,0,0,1,"14.4,5.3,7.2,10.8,2.1,8.5,12.5","tap,tap,tap,tap,tap,tap,tap",0,0,0,0,0,7,0,0,0,0,0,3,1,0,0,0,0,0,0
ML,2025nytr,qm,25,b1,1591,2,0,0,0,1,0,0,0,1,"20.4,7.7,21.7,7.6,6.9,12.9,22,16.6","tc3,tc4,tc4,tc4,tc4,tc4,tc3,tc3",5,3,0,0,2,0,0,0,1,0,1,1,0,0,0,0,0,0,0
JP,2025nytr,qm,25,r1,1493,3,0,0,0,0,0,0,0,1,"12.3,16.8,6.5,6.7,9.1,8.4,9.4,9.4,7.2,5.3,5.2,5,5.7,8.9,8.3","tc4,tc4,tc4,tc4,tc4,tc4,tc4,tc4,tc3,tc3,tc3,tc3,tc3,tc3,tc2",8,6,1,0,1,0,0,0,3,0,1,0,0,0,0,1,0,0,0
DD,2025nytr,qm,25,b2,5528,0,0,0,0,0,0,0,0,0,"13.5,14.7,16.9,13.5,12.7,14,22.6","tc4,tc4,tc4,tc4,tc3,tc3,tc3",4,3,0,0,0,0,0,0,0,0,1,3,0,0,0,0,0,0,0
Ap,2025nytr,qm,25,r2,7031,0,0,0,0,0,0,0,0,0,,{},0,0,0,0,0,0,0,0,0,0,0,0,0,0,1,0,0,0,0
Jl,2025nytr,qm,25,b3,7504,0,0,0,0,0,0,0,0,0,"23.6,44.4,15.8,48.2","tap,tc2,tc2,tc2",0,0,3,0,1,1,0,1,3,0,0,0,0,0,0,0,0,0,0,May have missed an alge miss uwu
MW,2025nytr,qm,21,b2,578,0,0,0,0,0,0,0,0,1,"12.6,28,28.8,17.8,29.6","tc4,tc4,tc4,tc3,tc4",4,1,0,0,0,0,0,1,0,0,1,0,0,1,0,0,0,0,0,Mid lol
AL,2025nytr,qm,26,b2,424,1,0,0,0,1,0,0,0,0,"0.1,8.6,11.4,14.8,9.3,30.8","tc4,tc4,tc1,tc4,tc4,tc4",5,0,0,1,0,0,0,0,0,0,1,3,0,0,0,0,0,0,0,Robot had some issues after helping 1518 unbeach
ay,2025nytr,f,26,b1,3360,0,0,0,0,0,0,1,1,1,"7.7,16.8,18.2,34.7","tan,tap,tc3,tc3",0,2,0,0,0,1,1,0,3,0,0,1,0,0,0,0,0,0,0
ap,2025nytr,qm,26,r2,6806,0,0,0,0,1,0,0,0,1,"11.1,24.1,15.8,21.1","tc4,tc1,tc4,tc1",2,0,0,2,1,0,0,0,0,0,0,0,0,0,0,0,0,0,0
JP,2025nytr,qm,26,r1,4458,1,0,0,0,1,0,0,0,1,"11.2,11,28.5,14.2,33.3,11.6","tc4,tc4,tc4,tc3,tc3,tc3",3,3,0,0,1,0,0,0,5,0,1,0,0,0,0,1,0,0,0
JP,2025nytr,qm,27,r1,1880,0,0,0,0,0,0,0,0,1,"55.1,13.1,43.9,8.1","tc2,tc3,tc3,tc2",0,2,2,0,0,0,0,0,4,0,1,0,0,0,0,0,0,0,0
ay,2025nytr,qm,27,b1,7030,0,0,0,0,0,0,0,0,1,,{},0,0,0,0,0,0,0,0,0,0,0,1,1,0,0,0,0,0,0
df,2025nytr,qm,27,b2,3173,1,0,0,0,2,0,0,0,1,"7.4,22.4,10.8,11.3,3.6,5.5,24.5,8.7,9.1,6.4,12","tc4,tap,tap,tc4,tc3,tc3,tc3,tc2,tc4,tc4,tc3",4,4,1,0,3,2,0,0,4,0,0,1,0,0,0,0,0,0,0
J,2025nytr,qm,27,r3,2053,2,0,0,0,0,0,0,0,1,"12,15,28.5,20.1,19.1","tc4,tc3,tc2,tc2,tc3",1,2,2,0,0,0,0,0,0,0,1,1,0,0,0,0,0,0,0
Jl,2025nytr,qm,27,b3,3117,0,0,0,0,0,0,0,0,0,"5.5,16.7,9.8,9.1,13.5,26.1,11.1,11.5,13.9","tc4,tc4,tc4,tc3,tc3,tc3,tc2,tc2,tc2",3,3,3,0,0,0,0,0,0,0,0,3,0,0,0,0,0,0,0,:3
ap,2025nytr,qm,27,r2,6911,0,0,0,0,0,0,0,0,1,"20.6,25.7,8.5","tc4,tc4,tc4",3,0,0,0,3,0,0,0,0,0,0,0,0,0,0,0,0,0,0
JP,2025nytr,qm,28,r1,10352,0,0,0,0,0,0,0,0,1,"38.1,11.9,17.7","tc1,tc2,tc1",0,0,1,2,4,0,0,0,0,0,1,1,0,0,0,0,0,0,0
ay,2025nytr,qm,28,b1,1468,3,0,0,0,0,0,0,0,1,"92.9,12.4,6.3,10,9.4,8.4,12.8,14","tan,tc4,tc4,tc4,tc3,tc3,tc2,tc2",3,2,2,0,0,0,1,0,2,0,0,1,1,0,0,0,0,0,0
ap,2025nytr,qm,28,r2,20,0,0,0,0,2,0,0,0,0,"5.7,13.3,13.7,12.4,14.1,7.3,10.5,0.6,8.3,19.9,9.8","tc4,tc4,tc4,tc4,tc4,tc4,tc3,tc4,tc4,tc3,tc3",8,3,0,0,1,0,0,0,1,0,0,0,0,0,0,0,0,0,0
ay,2025nytr,qm,29,b1,8067,0,0,0,0,0,0,0,0,1,"5.9,59.7","tc4,tc4",2,0,0,0,0,0,0,0,0,0,0,1,0,0,0,0,0,0,0
df,2025nytr,qm,29,b2,2869,0,0,0,0,0,0,0,0,1,"17.6,8.5,33.6,8.5,7.7,19.1,7.4","tc4,tc4,tc4,tc4,tc3,tc3,tc3",4,3,0,0,5,0,0,0,0,0,0,1,0,0,0,0,0,0,0
df,2025nytr,qm,28,b2,5881,0,0,0,0,0,0,0,0,1,"5.7,43,9.9,8.3,25.6,13.4,6,9.8","tc2,tc2,tc2,tc3,tc1,tc1,tc1,tc2",0,1,4,3,2,0,0,0,0,0,0,1,0,0,0,0,0,0,0
Jp,2025nytr,qm,29,b3,4571,0,0,0,0,0,0,0,0,1,52.8,tan,0,0,0,0,0,0,1,2,3,0,0,1,0,0,0,0,0,0,0
J,2025nytr,qm,29,r3,358,0,0,0,0,0,0,0,0,1,"12.6,24.8,11.3,11.3,19,22.4,12.8,11.6","tc4,tc4,tc4,tc4,tc4,tc3,tc3,tc3",5,3,0,0,0,0,0,0,0,0,0,0,0,0,0,0,0,0,0
JP,2025nytr,qm,29,r1,9624,1,0,0,0,0,0,0,0,1,"18.2,12.7,24.1,14.6,22.4,16.5,12.4","tc4,tc4,tc1,tc4,tc4,tc3,tc3",4,2,0,1,1,0,0,0,0,0,1,1,0,0,0,0,0,0,0
ap,2025nytr,qm,29,r2,7718,0,0,0,0,0,0,0,0,1,"2.8,82.3","tc4,tc2",1,0,1,0,2,0,0,0,5,0,1,0,0,0,0,0,0,0,0
Jp,2025nytr,qm,30,b3,2601,1,0,0,0,0,0,0,0,1,,{},0,0,0,0,0,0,0,0,0,0,0,0,1,0,0,0,0,0,1,Seems like something broke with the code or with the elevator which made them play defense 
J,2025nytr,qm,30,r3,6300,0,0,0,0,0,0,0,0,1,"7.1,14.2,34.1,23.1,29.3","tc2,tc2,tc4,tc4,tc2",2,0,3,0,1,0,0,0,0,0,0,1,0,0,0,0,0,0,0
JP,2025nytr,qm,30,r1,6401,0,0,0,0,0,0,0,0,1,"11.8,17.4,58.2,17.4,11.1,14.4","tc2,tc2,tc3,tc2,tc2,tc4",1,1,4,0,1,0,0,0,0,0,1,1,0,1,0,0,0,0,0
df,2025nytr,qm,30,b2,3181,0,0,0,0,0,0,0,0,1,11.5,tc4,1,0,0,0,0,0,0,0,1,0,0,1,1,0,0,0,0,1,0,defended when there was already a dfefendor 
ap,2025nytr,qm,30,r2,3003,1,0,0,0,0,0,0,0,1,"4.1,9.3,10,10.2,11.4,13.4,28.1,20.3","tc4,tc4,tc4,tc4,tc4,tc4,tc4,tc4",8,0,0,0,0,0,0,0,0,0,1,1,0,1,0,0,0,0,0,only defended when going to coral station 
AL,2025nytr,qm,31,r2,229,0,0,0,0,0,0,0,0,1,,{},0,0,0,0,0,0,0,0,0,0,0,1,1,0,0,0,0,0,0,Self beach x2 -> defense (parking style)
Eg,2025nytr,qm,31,b3,7605,2,0,0,0,0,0,0,0,1,"16.2,11.8,14.7,12.1,37.4","tc4,tc4,tc3,tc3,tc2",2,2,1,0,0,0,0,0,0,0,1,1,0,0,0,0,0,0,0
DD,2025nytr,qm,31,b2,2875,2,0,0,0,0,0,0,0,1,"4.2,18.9,12.8,26,16.5,33.8,21.5","tc4,tc4,tap,tc3,tc2,tan,tc3",2,2,1,0,3,1,1,1,3,0,1,0,0,0,0,0,0,0,0,telop algae miss wasfor the processor 
Ak,2025nytr,qm,31,r1,3044,0,0,0,1,2,0,0,0,0,"8.9,6.7,6.2,7.7,7.5,10.7,8.8,5.2,6.6,9,14.6,5,7,8","tc4,tc4,tc4,tc4,tc4,tc3,tc3,tc3,tc4,tc4,tc4,tc4,tc4,tc4",11,3,0,0,0,0,0,0,0,0,0,3,0,0,0,0,0,0,0
J,2025nytr,qm,31,r3,6463,0,0,0,0,0,0,0,0,1,"81.2,9.1","tc1,tc1",0,0,0,2,1,0,0,0,0,0,1,1,0,0,0,0,0,0,0
DD,2025nytr,qm,32,b2,870,1,0,0,0,0,0,0,0,1,"9.3,11.7,12.7,10.6,8.9,16.2,7,7,8.8","tc4,tc4,tc4,tc4,tc4,tc1,tc3,tc3,tc3",5,3,0,1,2,0,0,0,0,0,1,1,0,0,0,0,0,0,0
J,2025nytr,qm,32,r3,1796,3,0,0,0,1,0,0,0,1,"13.1,12,4.7,6.9,4.6,5.1,5.8,4.7,4.7,3.1,3,3.9,4.7,4.3,14.4,13.8","tap,tap,tc4,tc4,tc4,tc4,tc2,tc3,tc3,tc3,tc2,tc2,tc2,tc3,tap,tc3",4,5,4,0,0,3,0,0,2,0,1,1,0,0,0,0,0,0,0
ap,2025nytr,qm,32,r2,424,0,0,0,0,1,0,0,0,0,"4.2,13,33.2,13.3,12.3","tc1,tc1,tc2,tc3,tc4",1,1,1,2,0,0,0,0,0,0,0,0,0,0,0,0,0,0,0
Ak,2025nytr,qm,32,r1,810,1,0,0,1,1,0,0,0,0,"33.6,24.8,9,15.2,10.8,21,8.6","tap,tc2,tc2,tc1,tc3,tc1,tc4",1,1,2,2,2,1,0,0,2,0,0,0,0,0,0,0,0,0,0
Eg,2025nytr,qm,32,b3,5528,1,0,0,0,0,0,0,0,1,"10.4,9.7,20.6,18,12.9,18.5","tc4,tc4,tc4,tc4,tc3,tc3",4,2,0,0,1,0,0,0,0,0,1,3,0,0,0,0,0,0,0
Eg,2025nytr,qm,33,b3,2791,1,0,0,0,0,0,0,0,1,"28.2,22.4,37.5","tc4,tc4,tc4",3,0,0,0,2,0,0,0,0,0,1,1,0,0,0,0,0,0,0
ap,2025nytr,qm,33,r2,334,0,0,0,0,0,0,0,0,1,"7,43.5,14.5,46.5","tc2,tc4,tc4,tc4",3,0,1,0,2,0,0,0,0,0,0,1,0,0,0,0,0,0,0
DD,2025nytr,qm,33,b2,7030,0,0,0,0,0,0,0,0,1,,{},0,0,0,0,3,0,0,0,0,0,1,1,0,0,0,0,0,0,0
ML,2025nytr,qm,33,b1,1518,0,0,0,0,0,0,0,0,0,,{},0,0,0,0,1,0,0,0,0,0,0,2,0,0,0,0,0,0,0,struggled to move
J,2025nytr,qm,33,r3,7031,0,0,0,0,0,0,0,0,1,"6.3,17.1","tap,tap",0,0,0,0,0,2,0,0,0,0,0,1,0,0,0,0,0,0,0
Ak,2025nytr,qm,33,r1,7759,0,0,0,0,0,0,0,0,1,22.6,tc1,0,0,0,1,0,0,0,0,0,0,0,1,1,0,0,0,0,0,0
Eg,2025nytr,qm,34,b3,1591,2,0,0,0,1,0,0,0,1,"28.7,6.2,18.9,7.9,15.8","tap,tc4,tap,tap,tap",1,0,0,0,1,4,0,0,4,0,1,1,0,0,0,0,0,0,0
DD,2025nytr,qm,34,b2,3171,1,0,0,0,0,0,0,0,1,"40.1,58.7","tc3,tc3",0,2,0,0,0,0,0,0,1,0,1,1,0,0,0,0,0,0,0,90% of the match spent intaking 
Ak,2025nytr,qm,34,r1,1880,0,0,0,0,1,0,0,0,1,"2,18.3,10.6,12,8.1,9.7","tc2,tc3,tc2,tc3,tc3,tc2",0,3,3,0,0,0,0,0,2,0,1,1,0,0,0,0,0,0,0
J,2025nytr,qm,34,r3,10714,0,0,0,0,0,0,0,0,1,,{},0,0,0,0,0,0,0,0,0,0,0,0,1,0,0,0,0,0,0
ML,2025nytr,qm,34,b1,3950,3,0,0,0,0,0,0,0,1,"8.4,7.2,12.3,13.7,14.6,17.8,13.4,7.2,7.8,25.1","tc2,tc2,tc2,tc4,tc2,tc2,tc3,tc3,tc3,tc4",2,3,5,0,2,0,0,0,0,0,1,1,0,0,0,0,0,0,0
Eg,2025nytr,qm,35,b3,3117,0,0,0,0,0,0,0,0,1,,{},0,0,0,0,0,0,0,0,0,0,0,1,0,0,0,1,0,0,0
DD,2025nytr,qm,35,b2,3550,0,0,0,0,1,0,0,0,1,"6.6,16.2,14.4,5.8,36.6,24.5","tc4,tc3,tap,tc4,tap,tc4",3,1,0,0,2,2,0,0,1,0,1,1,0,0,0,0,0,0,0
CW,2025nytr,qm,35,r2,4458,2,0,0,0,0,0,0,0,0,"4.4,9.1,11.2,35.1,5.1,8.3","tc4,tc4,tc4,tc3,tc3,tc2",3,2,1,0,0,0,0,0,0,0,1,1,0,0,0,0,0,0,0
Ak,2025nytr,qm,35,r1,6648,0,0,0,0,0,0,0,0,1,42.3,tap,0,0,0,0,0,1,0,0,0,0,0,0,0,0,0,0,0,0,1,they were unable to drop of their algae in the processor 
J,2025nytr,qm,35,r3,20,1,0,0,0,1,0,0,0,1,"26.8,23.3,13.6,7.5,6.7,10","tc4,tc4,tc4,tc3,tc3,tc3",3,3,0,0,2,0,0,0,1,0,1,3,0,0,0,0,0,0,0
ML,2025nytr,qm,35,b1,6911,0,0,0,0,0,0,0,0,1,3,tc4,1,0,0,0,0,0,0,0,2,0,0,1,1,0,0,0,0,0,1,"algae stuck in robot, probably broke something. elite defense by dom (it was okay defense)"
CW,2025nytr,qm,36,r2,7504,0,0,0,0,0,0,0,0,0,"1.1,19.5,17.5,38.9,31.5,14.3","tc4,tc4,tan,tc4,tc4,tc4",5,0,0,0,0,0,1,0,1,0,1,1,0,0,0,1,0,0,0,very tippy
Ak,2025nytr,qm,36,r1,578,0,0,0,0,0,0,0,0,1,"24.1,19.9,13.3,37.6,19.1","tc3,tc3,tc3,tc3,tc3",0,5,0,0,2,0,0,0,0,0,1,0,0,0,0,0,0,0,0
Jl,2025nytr,qm,36,b3,3173,1,0,0,0,0,0,0,0,0,"6.7,8.8,7.1,6,12.5,14,7,5.7,7.8,17.1","tc1,tc4,tc1,tc1,tc4,tc4,tc1,tc4,tc4,tc4",6,0,0,4,5,0,0,0,2,0,1,3,0,0,0,0,0,0,0
Df,2025nytr,qm,36,b2,250,0,0,0,0,0,0,0,0,1,73,tc1,0,0,0,1,1,0,0,0,0,0,0,1,0,0,0,0,0,0,1,They did not move in teleop for the first minutes or so 
J,2025nytr,qm,36,r3,6621,2,0,1,0,0,0,0,0,1,"1.1,23.2,4.5,3.8,7.5,1.8,3.1,5,0.8,16.9","tc4,tc1,tc1,tc1,tc4,tc4,tc4,tc1,tc2,tc3",4,1,1,4,0,0,0,0,2,0,0,1,0,0,0,0,0,0,0
ay,2025nytr,qm,37,b1,2053,1,0,0,0,0,0,0,0,1,"2.9,15.1,11.3,7.1,11.8,30.8,12.6,9.7,20.7","tc4,tc4,tc3,tc3,tap,tc3,tc2,tc2,tc2",2,3,3,0,0,1,0,0,2,0,0,1,0,0,0,0,0,0,0
Jl,2025nytr,qm,37,b3,9468,0,0,0,0,0,0,0,0,0,"10.9,7.6,59.2,14.4,14.8,16.9","tc2,tc4,tc3,tc3,tc2,tc1",1,2,2,1,0,0,0,0,0,0,0,1,0,0,0,0,0,0,0,:3
CW,2025nytr,qm,37,r2,1493,1,0,0,0,1,0,0,0,0,"15.8,28.6,6.2,7.9,7.6,14.3,12.3,7.1,10.9,10.6","tc4,tc4,tc4,tc3,tc3,tc4,tc3,tc3,tc2,tc2",4,4,2,0,0,0,0,0,0,0,0,1,0,0,0,0,0,0,0
Ak,2025nytr,qm,37,r1,6806,0,0,0,0,0,0,0,0,1,,{},0,0,0,0,0,0,0,0,0,0,0,1,1,0,0,0,0,0,0
J,2025nytr,qm,37,r3,191,1,0,0,0,0,0,0,0,1,"4.9,9.2,13.7,5.6,8.4,8.4,11.8,9,9.3,13.3,6.6,9.8,6.8","tc4,tc4,tc4,tc4,tc4,tc4,tc4,tc3,tc3,tc3,tc3,tc2,tc2",7,4,2,0,0,0,0,0,1,0,1,3,0,0,0,0,0,0,0
ay,2025nytr,qm,38,b1,1796,3,0,0,0,0,0,0,0,1,"10.5,5.9,6.4,7.7,13.7,27.9,0.3,18.7,1.9,2.3,6,6.6","tc4,tc4,tc4,tc3,tc3,tap,tap,tc3,tc2,tc4,tc4,tc2",5,3,2,0,0,2,0,0,1,0,0,3,0,0,0,0,0,0,0
Jp,2025nytr,qm,38,b3,4122,1,0,0,0,0,0,0,0,0,"22.3,8.3,7.8,5.1,8.1,23.5,10.4,46.1","tap,tan,tan,tap,tan,tc3,tan,tc2",0,1,1,0,0,2,4,0,5,0,0,0,0,0,0,0,0,0,0,Pretty strong Team 
J,2025nytr,qm,38,r3,424,1,0,0,0,0,0,0,0,1,"34.6,26.8,10.6,11.1,9.7,13.3","tc3,tc3,tc3,tc3,tc3,tc1",0,5,0,1,2,0,0,0,3,0,1,1,0,0,0,0,0,0,0
Ak,2025nytr,qm,38,r1,6463,0,0,0,0,0,0,0,0,1,"0.7,14.8,13.1,8.5,48.8,15,10.7","tc4,tc1,tc4,tc4,tc4,tc1,tc1",4,0,0,3,2,0,0,0,0,0,0,1,0,0,0,0,0,0,0
CW,2025nytr,qm,38,r2,5881,0,0,0,1,0,0,0,0,1,"9.2,7.4,15.3,4.1,68.4,5.8,8.3","tc2,tc2,tc2,tc2,tc1,tc1,tc1",0,0,4,3,1,0,0,0,0,0,1,3,0,0,0,0,0,0,0
ay ,2025nytr,qm,39,b1,6401,0,0,0,0,0,0,0,0,1,"3.8,20.8,57,16.7","tc3,tc3,tc4,tc3",1,3,0,0,0,0,0,0,0,0,0,1,0,0,0,0,0,0,0
Df,2025nytr,qm,39,b2,3360,0,0,0,0,0,0,0,1,1,"3,9.9,10.3,18.3,16.6,16.4,18.9","tan,tan,tan,tc4,tc4,tc4,tc4",4,0,0,0,0,0,3,0,2,0,0,1,0,0,0,0,0,0,0
Df,2025nytr,qm,38,b2,358,0,0,0,0,0,0,0,0,1,"11.2,11.6,23.2,24.2,14.4,27.5,9.1","tc4,tc4,tc3,tc3,tap,tc3,tc3,tc2,tc2,tc2,tc3,tc3,tc2,tc4,tc2,tc2,tc3",1,3,3,0,0,0,0,0,0,0,0,1,0,0,0,0,0,0,0
CW,2025nytr,qm,39,b3,7031,0,0,0,0,0,0,0,0,0,"11.6,26.3","tap,tap",0,0,0,0,0,2,0,1,0,1,0,1,0,0,0,0,0,0,0
J,2025nytr,qm,39,r3,334,0,0,0,0,1,0,0,0,1,"12.7,13.9,32,51.3","tc4,tc4,tc4,tc1",3,0,0,1,4,0,0,0,0,1,0,0,0,0,0,0,0,0,0,they got beached
Ak,2025nytr,qm,39,r1,229,0,0,0,0,0,0,0,0,1,,{},0,0,0,0,0,0,0,0,0,0,0,1,1,0,0,0,0,0,0
ay,2025nytr,qm,40,b1,3044,3,0,0,0,0,0,0,0,1,"6.2,0.6,0.3,7.3,11.8,5.3,10,5.6,6.8,6.8,18.6,7.5,6.7","tc4,tc4,tc4,tc4,tc4,tc3,tc3,tc2,tc2,tc3,tc3,tc2,tc3",5,5,3,0,0,0,0,0,0,0,0,1,0,0,0,0,0,0,0
Df,2025nytr,qm,40,b2,1468,3,0,0,0,0,0,0,0,0,"6.4,15.1,24.1,12.7,7.5,14,7.7,25","tan,tc4,tc2,tc3,tc3,tan,tc3,tan",1,3,1,0,2,0,3,0,3,0,0,3,0,0,0,0,0,0,0
Ak,2025nytr,qm,40,r1,5149,0,0,0,0,0,0,0,0,1,"20.4,5.8,61.4,15.3","tc1,tc2,tc2,tc3",0,1,2,1,0,0,0,0,0,0,0,1,0,1,0,0,0,0,0
J,2025nytr,qm,40,r3,5528,2,0,0,0,0,0,0,0,0,"2.7,16.1,9,18,11.5,15.2,17.7,16.4","tc4,tc4,tc4,tc4,tc4,tc4,tc4,tc4",8,0,0,0,0,0,0,0,0,0,1,3,0,0,0,0,0,0,0
Jp,2025nytr,qm,40,b3,8067,0,0,0,0,0,0,0,0,1,,{},0,0,0,0,0,0,0,0,0,0,0,1,1,0,0,0,0,0,0,Prob got some penalty points 
Ak,2025nytr,qm,41,r1,3550,1,0,0,1,1,0,0,0,0,"20.7,29.7","tc4,tc4",2,0,0,0,0,0,0,0,0,0,0,0,0,0,1,0,0,0,0,the robot broke 
ap,2025nytr,qm,41,r2,6300,0,0,0,0,0,0,0,0,1,"44.1,25.1","tc3,tc3",0,2,0,0,2,0,0,0,2,0,0,3,0,0,0,0,0,0,0
DD,2025nytr,qm,41,b2,2869,0,0,0,1,2,0,0,0,1,"15.7,8.1,9.7,6.2,16.8,24.6,17.1,8","tc4,tc4,tc4,tc4,tc4,tc4,tc1,tc4",7,0,0,1,3,0,0,0,0,0,1,1,0,0,0,0,0,0,0
ML,2025nytr,qm,41,b1,10714,0,0,0,0,1,0,0,0,1,,{},0,0,0,0,0,0,0,0,0,0,0,0,0,0,1,0,0,0,0
J,2025nytr,qm,41,r3,2791,0,0,0,1,1,0,0,0,1,"16.5,14.1,14.9,16.9,21.2,30.6","tc4,tc4,tc4,tc1,tc4,tc4",5,0,0,1,1,0,0,0,0,0,0,1,0,0,0,1,0,0,0
Jl,2025nytr,qm,41,b3,3171,1,0,0,0,0,0,0,0,0,"31.2,8.8,17.1","tc4,tc4,tc4",3,0,0,0,1,0,0,0,0,0,0,3,0,0,0,0,0,0,0,Intake requires the coral to be very precise :3
ML,2025nytr,qm,42,b1,3950,0,0,0,0,1,0,0,0,1,"11.3,21.3,9.1,7,5.6,6.9,21.6,5.2,7.1,6,23.3,7.6","tc4,tc4,tc4,tc4,tc4,tc4,tc3,tc3,tc3,tc3,tc3,tc3",6,6,0,0,3,0,0,0,0,0,1,0,0,0,0,0,0,0,0
DD,2025nytr,qm,42,b2,3181,0,0,0,0,1,0,0,0,1,"32.2,10,50,17.5,21.1","tc4,tc4,tap,tc3,tc2",2,1,1,0,1,1,0,0,5,0,1,0,0,0,0,0,0,0,0
JP,2025nytr,qm,42,r3,870,0,0,0,0,1,0,1,0,1,"8.6,6.4,12.6,17,12,8.1,8.2,9,15.4,14","tap,tc4,tc4,tc4,tc3,tc2,tc2,tc3,tc3,tc2",3,3,3,0,0,1,0,0,0,0,1,3,0,0,0,0,0,0,0
Ak,2025nytr,qm,42,r1,6621,3,0,0,0,0,0,0,0,0,"8.7,4.2,20.5,4.5,5.9,7.5,6.7,27,14,6.3,12.5","tc2,tc3,tc2,tc3,tc3,tc3,tc3,tc4,tc3,tc3,tc3",1,8,2,0,2,0,0,0,1,0,0,3,0,0,0,0,0,0,0
ap,2025nytr,qm,42,r2,1591,3,0,0,0,0,0,0,0,1,"5.7,9.6,15.6,28.2,15","tap,tap,tc4,tc1,tc1",1,0,0,2,0,2,0,0,3,0,1,0,0,0,0,0,0,0,0
Eg,2025nytr,qm,42,b3,3117,0,0,0,0,0,0,0,0,1,"1.6,8.1,6.2,14.8,20.5,9.4,6.3,8.4,7.3,13.2","tc4,tc4,tc4,tc4,tc4,tc3,tc3,tc3,tc2,tc2",5,3,2,0,0,0,0,0,0,0,0,1,0,0,0,0,0,0,0
ML,2025nytr,qm,43,b1,10352,0,0,0,0,1,0,0,0,1,,{},0,0,0,0,2,0,0,0,0,0,1,0,0,0,0,0,0,0,0
DD,2025nytr,qm,43,b2,2601,2,0,0,0,0,0,0,0,1,"2.4,21.5,20.1,11.8,10.3,8,11.6,12.8,18.2","tc4,tc1,tc1,tc4,tc1,tc4,tc4,tc1,tc4",5,0,0,4,7,0,0,0,0,0,1,0,0,0,0,0,0,0,0
Eg,2025nytr,qm,43,b3,6648,0,0,0,0,0,0,0,0,1,,{},0,0,0,0,0,0,0,0,0,0,0,0,1,0,0,0,0,0,1,"Bad driver, got a lot of penalties"
ap,2025nytr,qm,43,r2,2053,2,0,0,0,0,0,0,0,1,"16.2,7,42.3","tc4,tc4,tap",2,0,0,0,1,1,0,0,3,0,0,1,0,0,0,0,0,0,0
JP,2025nytr,qm,43,r3,7759,0,0,0,0,0,0,0,0,1,,{},0,0,0,0,0,0,0,0,0,0,0,1,1,0,0,0,0,0,0
Ak,2025nytr,qm,43,r1,4458,2,0,0,0,0,0,0,0,0,"3.7,10,18.5,18.9,31.9,26.7","tc4,tc4,tc4,tc4,tc3,tc3",4,2,0,0,2,0,0,0,1,0,1,0,0,0,0,0,0,0,0
CW,2025nytr,qm,44,r2,578,0,0,0,0,1,0,0,0,0,"27.1,17.4,25.3,16.7,32","tc4,tc4,tc3,tc3,tc3",2,3,0,0,0,0,0,0,0,0,1,1,0,0,0,0,0,0,0
Eg,2025nytr,qm,44,b3,6911,0,0,0,0,0,0,0,0,1,"5.4,7.5,5.9,7.2,6.6,6.1,15.6,7.3,6.7,5.7,16.9,2.8,3,4.8,5.4","tc4,tc4,tc4,tc4,tc4,tc4,tc3,tc3,tc3,tc3,tc2,tc2,tc3,tc3,tc2",6,6,3,0,1,0,0,0,0,0,1,1,0,0,0,0,0,0,0
DD,2025nytr,qm,44,b2,20,1,0,0,0,1,0,0,0,1,"3.2,8.7,10.4,11.7,10.9,10.2,11.2,8.4,7.2,10.4,10.2,10","tc4,tc4,tc4,tc4,tc4,tc3,tc3,tc1,tc3,tc3,tc1,tc3",5,5,0,2,2,0,0,0,0,0,1,3,0,0,0,0,0,0,0
Ak,2025nytr,qm,44,r1,9468,0,0,0,0,1,0,0,0,0,"30.1,10.3,12.5,67.4,13.8","tc1,tc2,tc2,tc3,tc1",0,1,2,2,2,0,0,0,1,0,0,0,0,0,0,0,0,0,0
JP,2025nytr,qm,44,r3,2875,2,0,0,0,0,0,0,0,1,"14.9,6.9,9.4,13.4,13.1","tc4,tc4,tc4,tc4,tan",4,0,0,0,0,0,1,0,2,0,0,0,0,0,1,0,0,0,0,their coral outtake broke
ML,2025nytr,qm,44,b1,1518,0,0,0,0,1,0,0,0,1,"20.4,36.1,18.4,11.6,24.1,12.3","tan,tan,tan,tan,tan,tan",0,0,0,0,0,0,6,1,6,0,0,1,0,0,0,0,0,0,0,algae pickup from lollipop 
CW,2025nytr,qm,45,r2,3173,1,0,0,0,0,0,0,0,0,"5,5.4,39.5,5.8,6.4,12.3,10.4,7.1,5.3","tc4,tc4,tc3,tc3,tc2,tc2,tc1,tc1,tc1",2,2,2,3,0,0,0,0,1,0,1,3,0,0,0,0,0,0,0
Ak,2025nytr,qm,45,r1,810,1,0,0,0,0,0,0,0,1,"11.8,8.2,64.6,13.5,25.5","tan,tan,tan,tan,tan",0,0,0,0,0,0,5,3,2,0,0,1,0,0,0,0,0,0,0
JP,2025nytr,qm,45,r3,191,3,0,0,0,0,0,0,0,1,"6.7,8.5,9.2,8.6,15.5,10.4,6.8,8.2,6.2,5.9,6.6","tc4,tc4,tc4,tc4,tc3,tc3,tc3,tc3,tc2,tc2,tc3",4,5,2,0,1,0,0,0,1,0,1,3,0,0,0,0,0,0,0
Eg,2025nytr,qm,45,b3,1493,0,0,0,0,1,0,0,0,1,"0.1,16.2,5.2,5.5,6.5,6.9,23.7,8.5,4.2,13.1,9.2","tc4,tc4,tc4,tc4,tc4,tc4,tc3,tc3,tc3,tc3,tc3",6,5,0,0,1,0,0,0,1,0,0,0,0,0,0,0,0,0,0
DD,2025nytr,qm,45,b2,9624,0,0,0,0,2,0,0,0,1,"3.3,16.9,28.4,10.5","tc4,tc4,tc4,tc4",4,0,0,0,3,0,0,0,0,0,1,1,0,0,0,0,0,0,0
ML,2025nytr,qm,45,b1,5881,0,0,0,1,0,0,0,0,1,"9.5,12.1,8.1,18.9,5.7,6.4,27.9,11.1,7.1,7.2,8","tc1,tc1,tc2,tc1,tc2,tc1,tc1,tc2,tc2,tc2,tc1",0,0,5,6,3,0,0,0,0,0,1,2,0,0,0,0,0,0,0
ay,2025nytr,qm,46,b1,7605,2,0,0,0,0,0,0,0,1,"9.5,12.1,13.8,12.5,17.3,14,22.6","tc4,tc4,tc4,tc4,tc4,tc3,tc3",5,2,0,0,0,0,0,0,0,0,0,3,0,0,0,0,0,0,0
Df,2025nytr,qm,46,b2,7504,0,0,0,0,0,0,0,0,1,"13.8,26.2,14.3,8.7,12.4,16.3,23.7","tc4,tc4,tc2,tc4,tc4,tc4,tc2",5,0,2,0,0,0,0,0,2,0,0,1,0,0,0,0,1,0,0
Jl,2025nytr,qm,46,b3,1880,0,0,0,0,0,0,0,0,0,"12.2,28.5,12,14.8,24.5,10.4,13.5,10.3","tc3,tc3,tc2,tc3,tc3,tc2,tc2,tc3",0,5,3,0,0,0,0,0,1,0,0,1,0,0,0,0,0,0,0,:3
CW,2025nytr,qm,46,r2,4571,0,0,0,0,0,0,0,0,1,"8.2,68.7","tc4,tc2",1,0,1,0,0,0,0,0,2,0,0,1,0,0,0,0,0,0,0
JP,2025nytr,qm,46,r3,639,0,0,0,0,0,0,0,0,1,"5.3,10,11.6,8.1,7.2,9.5,11.2,9.9,27.3,8.3","tc4,tc4,tc3,tc3,tc3,tc3,tc2,tc2,tc2,tc1",2,4,3,1,0,0,0,0,1,0,0,3,0,0,0,0,0,0,0
ap,2025nytr,qm,46,r1,3003,2,0,0,0,0,0,0,0,1,"8,10.8,8,9.2,18.3,27.9,13.2,7.1,7.5","tc4,tc4,tc4,tc4,tc3,tc3,tc2,tc2,tc2",4,2,3,0,1,0,0,0,0,0,0,3,0,0,0,0,0,0,0
ay,2025nytr,qm,47,b1,6806,0,0,0,0,0,0,0,0,1,"7.8,21.3","tc3,tc3",0,2,0,0,0,0,0,0,0,0,0,0,0,0,0,0,0,0,0
Jp,2025nytr,qm,47,b3,358,0,0,0,0,0,0,0,0,0,"8,8.6,14.3,14.2,16.7,19.2,15.9","tc4,tc4,tc4,tc4,tc4,tc4,tc4",7,0,0,0,0,0,0,0,0,0,0,1,0,0,0,0,0,0,0,No auto align 
Df,2025nytr,qm,47,b2,250,0,0,0,0,0,0,0,0,1,,{},0,0,0,0,0,0,0,0,0,0,0,0,1,0,0,0,0,0,0
CW,2025nytr,qm,47,r2,4122,1,0,0,0,0,0,0,0,0,"6.7,7.3,7.4,7.3,21.5,20.1,7.5","tap,tap,tan,tan,tan,tan,tan",0,0,0,0,1,2,5,0,0,0,0,3,0,0,0,0,0,0,0
ap,2025nytr,qm,47,r1,1126,0,0,0,0,0,0,0,0,1,"18.6,31.9,11.8,8.5,9,11.6","tc3,tc1,tc3,tc3,tc2,tc2",0,3,2,1,2,0,0,0,1,0,0,3,0,0,0,0,0,0,0
JP,2025nytr,qm,47,r3,1468,1,0,0,0,0,0,0,0,1,"6.6,12.9,7.7,8.9,15.8,12,10.9,18.8,6.3,7.9,6.2,5.9,7.4","tc4,tc4,tc4,tc4,tc4,tc3,tc4,tc2,tc2,tc1,tc2,tc3,tc3",6,3,3,1,0,0,0,0,0,0,1,1,0,1,0,0,0,0,0
ay,2025nytr,qm,48,b1,2869,0,0,0,0,0,0,0,0,1,,{},0,0,0,0,0,0,0,0,0,0,0,1,1,0,0,0,0,0,0
Jp,2025nytr,qm,48,b3,3181,0,0,0,0,0,0,0,0,1,"13,11.8,30,19.6,8.4,7.6,8.6,7.5,6.5","tap,tap,tap,tc3,tc3,tc3,tc2,tc2,tc3",0,4,2,0,0,3,0,0,5,0,0,1,0,0,0,0,0,0,0
Df,2025nytr,qm,48,b2,3044,0,0,0,0,1,0,0,0,0,"11.9,8.5,6,7.7,6.4,10.1,5.5,7.3,4.5,7.2,9.6,10.7,7.2,6.6,8.2","tc4,tc4,tc4,tc4,tc4,tc4,tc3,tc3,tc3,tc4,tc4,tc4,tc4,tc4,tc4",12,3,0,0,1,0,0,0,0,0,0,1,0,0,0,0,0,0,0
ap,2025nytr,qm,48,r2,424,0,0,0,1,2,0,0,0,1,"43.6,15.1,25.8,15.9,13.8","tc3,tc3,tc3,tc2,tc2",0,3,2,0,3,0,0,0,0,0,1,3,0,0,0,0,0,0,0
JP,2025nytr,qm,48,r3,7031,0,0,0,0,0,0,0,0,1,71.6,tap,0,0,0,0,1,1,0,0,0,0,0,1,0,1,0,0,0,0,0
ay,2025nytr,qm,49,b1,6621,3,0,0,0,0,0,0,0,1,"18.1,4.7,5.1,4.9,6.7,3.1,9.6,17.5,4.2,7.9,5.6,5.2,6.9,7.4,7","tc4,tc4,tc3,tc3,tc2,tc2,tc3,tc2,tc3,tc2,tc1,tc1,tc1,tc1,tc4",3,4,4,4,0,0,0,0,0,0,0,3,0,0,0,0,0,0,0
Jp,2025nytr,qm,49,b3,6648,0,0,0,0,0,0,0,0,1,37.1,tc1,0,0,0,1,0,0,0,0,0,0,0,1,0,0,0,1,0,0,0,Almost deep climbed but smth snapped 
Df,2025nytr,qm,49,b2,6300,0,0,0,0,0,0,0,0,0,"24.6,17.2,21.8,18.9,15.5","tc3,tc3,tc3,tc2,tc3",0,4,1,0,0,0,0,0,1,0,0,3,0,0,0,0,0,0,0,Slow elevator
JP,2025nytr,qm,49,r3,3360,0,0,0,0,1,0,2,0,0,"10.8,22.9,17.9,34.4,14.2","tap,tap,tap,tc3,tc3",0,2,0,0,0,3,0,1,1,0,0,3,0,0,0,0,0,0,0
ap,2025nytr,qm,49,r1,2791,0,0,0,0,0,0,0,0,1,"34.5,30.4,8.3,14.1,5.5","tc3,tc3,tc1,tc2,tc4",1,2,1,1,2,0,0,0,0,0,1,0,0,0,0,0,0,0,0
ay,2025nytr,qm,50,b1,578,0,0,0,0,0,0,0,0,0,"12.7,10.5,9.1,24.3,10.2,23.8,27.2,12.5","tc4,tc4,tc4,tc3,tc3,tc3,tc3,tc3",3,5,0,0,0,0,0,0,0,0,0,0,0,0,0,0,0,0,0
Jp,2025nytr,qm,50,b3,4458,2,0,0,0,0,0,0,0,1,"0.9,14.4,14.4,15.2,12,17.9,15.7,16.3,13.5,9.1","tc4,tc4,tc4,tc3,tc3,tc2,tc3,tc2,tc2,tc2",3,3,4,0,0,0,0,0,0,0,0,0,0,0,0,0,0,0,0
Df,2025nytr,qm,50,b2,1591,1,0,0,0,1,0,0,0,0,"1.6,20.5,7.2,9.7,9.1,7.4,18.7,12.9,16.2,15.8","tc4,tc4,tc4,tap,tap,tc4,tc3,tc3,tan,tan",4,2,0,0,1,2,2,0,5,0,0,1,0,0,0,0,0,0,0
CW,2025nytr,qm,50,r2,8067,0,0,0,0,0,0,0,0,1,,{},0,0,0,0,0,0,0,0,0,0,1,0,1,0,1,0,0,0,1,stuck on algae 
ap,2025nytr,qm,50,r1,2053,0,0,0,0,0,0,0,0,1,"8.7,29,14.5,7.9,7.7,8,8,12.8","tap,tap,tc4,tc4,tc4,tc4,tc4,tc1",5,0,0,1,2,2,0,1,0,0,1,1,0,0,0,0,0,0,0
JP,2025nytr,qm,50,r3,334,0,0,0,0,0,0,0,0,0,,{},0,0,0,0,0,0,0,0,0,0,0,0,0,0,1,0,0,0,1,didn't move from starting position
Eg,2025nytr,qm,51,b3,7718,0,0,0,0,0,0,0,0,0,,{},0,0,0,0,0,0,0,0,0,0,0,1,1,0,0,0,0,0,0
Ap,2025nytr,qm,51,r1,6911,0,0,0,0,0,0,0,0,1,"5.3,14.5,8,5.9,4.9,13.2,17,10.2,13.1,10.3,8.8,10,7.2,5.3","tc4,tc4,tan,tc4,tan,tc4,tc4,tc4,tc4,tc3,tc3,tc3,tc3,tc3",7,5,0,0,0,0,2,1,3,0,0,0,0,0,0,0,0,0,0
JP,2025nytr,qm,51,r3,7759,0,0,0,0,0,0,0,0,1,,{},0,0,0,0,0,0,0,0,0,0,0,1,1,0,0,0,0,0,0
J,2025nytr,qm,51,r2,3950,0,0,0,0,1,0,0,0,1,"13.1,14.1,13.8,35.4,10,15.3,6.1,5.3,22.8","tc4,tc3,tc4,tc4,tc3,tc4,tc3,tc3,tc1",4,4,0,1,3,0,0,0,0,0,0,1,0,0,0,0,0,0,0
DD,2025nytr,qm,51,b2,810,1,0,0,0,0,0,0,0,1,"8.4,23.1,17.9,5.8,26.5,17,16.7,16.1","tan,tc3,tc3,tan,tc3,tc3,tc2,tc4",1,4,1,0,0,0,2,0,2,0,1,0,0,1,0,0,0,0,0
Ap,2025nytr,qm,52,r1,3173,2,0,0,0,1,0,0,0,1,"14.5,11.2,10.7,38.5,4.9,5.9,6.6,23.1","tc4,tc4,tc1,tc3,tc3,tc1,tc3,tc2",2,3,1,2,3,0,0,0,3,0,0,3,0,0,0,0,0,0,0
DD,2025nytr,qm,52,b2,3171,0,0,0,0,0,0,0,0,1,"9.6,13.7,14,13,19.1,9.8,28","tc4,tc4,tc4,tc3,tc3,tc4,tc3",4,3,0,0,0,0,0,0,1,0,1,1,0,0,0,0,0,0,0
Eg,2025nytr,qm,52,b3,4571,0,0,0,0,0,0,0,0,1,"0.1,42.9,11.6,9.1,12.3,27.1","tc4,tc4,tc3,tc2,tc2,tc2",2,1,3,0,0,0,0,0,2,0,1,0,0,0,0,0,0,0,0
J,2025nytr,qm,52,r2,229,0,0,0,0,1,0,0,0,1,,{},0,0,0,0,0,0,0,0,0,0,1,0,0,0,1,0,0,0,0,Algae under robot.
JP,2025nytr,qm,52,r3,3003,0,0,0,0,1,0,0,0,1,"23,8.5,9.2,9.6,7.4,7.8,10.7,10,9.7,8.3,26.7","tc4,tc4,tc4,tc4,tc4,tc4,tc4,tc4,tc2,tc2,tc2",8,0,3,0,1,0,0,0,0,0,1,0,0,0,0,0,0,0,0
ML,2025nytr,qm,52,b1,5528,0,0,0,0,0,0,0,0,1,"8.1,36.5,37.2","tc4,tc4,tc3",2,1,0,0,0,0,0,0,1,0,1,0,0,0,0,0,0,0,0
DD,2025nytr,qm,53,b2,1126,0,0,0,0,0,0,0,0,0,,{},0,0,0,0,0,0,0,0,0,0,0,0,0,0,1,0,0,0,0,coding issue
Ap,2025nytr,qm,53,r1,639,1,0,0,0,0,0,0,0,1,"10.8,9.5,8.8,11.3,11.7,24,23.6","tc4,tc4,tc4,tc4,tc4,tc4,tc1",6,0,0,1,1,0,0,0,0,0,0,1,0,0,0,0,0,0,0
Eg,2025nytr,qm,53,b3,191,3,0,0,0,0,0,0,0,1,"0.1,5.8,12.3,8.2,8.4,1.9,10.2,5.7","tc4,tc4,tc4,tc4,tc4,tc4,tc4,tc4",8,0,0,0,0,0,0,0,1,0,1,0,0,0,0,0,0,0,0
ML,2025nytr,qm,53,b1,250,0,0,0,0,0,0,0,0,1,,{},0,0,0,0,0,0,0,0,0,0,0,1,1,0,0,0,0,0,0,they do not know how to play defense
J,2025nytr,qm,53,r2,2875,1,0,0,0,0,0,0,0,1,"33.3,14.4,21.1,12.7,19,12.3","tc4,tc4,tc4,tc3,tc3,tc3",3,3,0,0,2,0,0,0,0,0,1,0,0,0,0,0,0,0,0
JP,2025nytr,qm,53,r3,1518,0,0,0,0,0,0,0,0,1,"11.3,14.4,14,25.8,16.5,11.7,25.1","tc4,tan,tan,tan,tan,tan,tan",1,0,0,0,0,0,6,0,0,0,0,1,0,0,0,0,0,0,0
Ap,2025nytr,qm,54,r1,6806,0,0,0,0,0,0,0,0,1,"52.6,8.1,15.2,33.2","tc1,tc1,tc1,tc1",0,0,0,4,1,0,0,0,2,0,0,1,0,0,0,0,0,0,0
DD,2025nytr,qm,54,b2,6463,0,0,0,0,0,0,0,0,1,,{},0,0,0,0,1,0,0,0,1,0,0,0,0,0,1,0,0,0,0
J,2025nytr,qm,54,r2,3117,0,0,0,0,0,0,0,0,1,"7.9,10.7,9.5,11.7,12.9,6.1,25,18.1,15.4","tc4,tc4,tc4,tc4,tc4,tc3,tc2,tc2,tc4",6,1,2,0,1,0,0,0,0,0,1,1,0,0,0,0,0,0,0
JP,2025nytr,qm,54,r3,9468,0,0,0,0,0,0,0,0,1,"5.4,25.3,12.6,8.3,29.5,9.7,21.4","tc2,tc3,tc2,tc3,tc3,tc3,tc2",0,4,3,0,3,0,0,0,1,0,1,0,0,0,0,0,0,0,0
ML,2025nytr,qm,54,b1,5149,0,0,0,0,0,0,0,0,1,"35.5,25.9,11.8,14.2,29.8","tc2,tc1,tc3,tc3,tc1",0,2,1,2,1,0,0,0,0,0,1,1,0,0,0,0,0,0,0
Eg,2025nytr,qm,54,b3,10352,0,0,0,0,0,0,0,0,1,"2.8,7.1,10.4,29.8,23.2","tc1,tc1,tc1,tc1,tc1",0,0,0,5,1,0,0,0,0,0,1,1,0,0,0,0,0,0,0
ap,2025nytr,qm,55,r1,20,1,0,0,0,1,0,0,0,1,"14.4,15.1,12.1,9.8,11.8,10,9.7,11.5,7.8,9.9","tc4,tc4,tc4,tc4,tc3,tc4,tc3,tc3,tc3,tc2",5,4,1,0,0,0,0,0,3,0,0,3,0,0,0,0,0,0,0
DD,2025nytr,qm,55,b2,4122,2,0,0,0,0,0,0,0,1,"16.7,6.6,7.1,22.7,9.7,6.6,18,12.6,10,4.6,4.9","tap,tap,tan,tc4,tan,tc4,tc4,tan,tc3,tc2,tan",3,1,1,0,1,2,4,1,6,0,1,3,0,0,0,1,0,0,0
Eg,2025nytr,qm,55,b3,7030,0,0,0,0,0,0,0,0,1,,{},0,0,0,0,0,0,0,0,0,0,0,1,1,0,0,0,0,0,0
ML,2025nytr,qm,55,b1,7504,1,0,0,0,0,0,0,0,1,"15.8,10.6,11.7,13.7,14.4,11.2,27.4,10.4","tc4,tc4,tc4,tc4,tc4,tc4,tc2,tc2",6,0,2,0,0,0,0,0,0,0,1,1,0,0,0,0,0,0,0,good 2nd pick? slow but consistent 
J,2025nytr,qm,55,r2,6401,0,0,0,0,0,0,0,0,1,89,tc3,0,1,0,0,0,0,0,0,0,0,1,0,0,0,0,0,0,0,0,Too slow.
JP,2025nytr,qm,55,r3,9624,1,0,0,0,0,0,0,0,1,"27.1,37.8,17.1,13,22.2","tc4,tc4,tc4,tc4,tc2",4,0,1,0,2,0,0,0,0,0,1,1,0,0,0,0,0,0,0
Jp,2025nytr,qm,56,r1,2601,1,0,0,0,0,0,0,0,0,"1.6,15.3,98.5","tc4,tc4,tc3",2,1,0,0,0,0,0,0,0,0,0,2,0,0,0,0,0,0,0,Driving like he off the perk 
ay,2025nytr,qm,56,b1,1880,0,0,0,0,0,0,0,0,1,"24,1.9,8.7,15.9,28.1,8.6,16,14.1","tc3,tc3,tc2,tc2,tc3,tc2,tc2,tap",0,3,4,0,0,1,0,0,1,0,0,1,0,0,0,0,0,0,0
Luke,2025nytr,qm,56,r2,7605,1,0,0,0,0,0,0,0,1,"2.2,17.5,16,16.6","tc4,tc4,tc4,tc4",4,0,0,0,0,0,0,0,0,0,1,0,0,0,0,1,0,0,1,flipped :(
Eg,2025nytr,qm,56,r3,5881,0,0,0,0,0,0,0,0,0,"1.2,7.5,16.8,32.3,5.9,8.8,7.3,5.5,6","tc2,tc2,tc2,tc2,tc2,tc2,tc1,tc1,tc2",0,0,7,2,2,0,0,0,0,0,1,2,0,0,0,0,0,0,0
Df,2025nytr,qm,56,b2,870,2,0,0,0,1,0,0,0,0,"7.3,5.8,10.1,13.3,21.3,8.9,12.7,9.8,5,8.7","tc4,tc4,tc4,tc4,tc4,tc4,tc2,tc3,tc3,tc2",6,2,2,0,1,0,0,0,2,0,0,3,0,0,0,0,0,0,0
ay,2025nytr,qm,57,b1,1493,2,0,0,0,0,0,0,0,1,"7.8,17.4,9.3,8.1,9.9,10.8","tc4,tc2,tc2,tc3,tc3,tc2",1,2,3,0,0,0,0,0,1,0,0,1,0,0,0,0,0,0,0
Eg,2025nytr,qm,57,r3,10714,0,0,0,1,0,0,0,0,1,"0.1,8.2,13.4,42.9,10.4,8","tc1,tc1,tc1,tc1,tc1,tc1",0,0,0,6,0,0,0,0,0,0,1,1,0,0,0,0,0,0,0
Luke,2025nytr,qm,57,r2,358,0,0,0,0,0,0,0,0,1,"12.3,13.5,14.6,14.4,15.8,28.5,14.2,18.1","tc4,tc4,tc4,tc4,tc4,tc4,tc4,tc4",8,0,0,0,0,0,0,0,0,0,1,0,0,1,0,0,0,0,0
Df,2025nytr,qm,57,b2,6911,0,0,0,0,0,0,0,0,0,"8.2,7.7,7.3,9.5,12.9,10.2","tc4,tc4,tc3,tc2,tc2,tc2",2,1,3,0,0,0,0,0,0,0,0,1,1,0,0,0,0,0,0
Jp,2025nytr,qm,57,r1,8067,0,0,0,0,0,0,0,0,1,,{},0,0,0,0,0,0,0,0,0,0,0,1,1,0,0,0,0,0,0
ML,2025nytr,qm,57,b3,1796,3,0,0,0,0,0,0,0,1,"4.1,6.5,8.2,2.4,13.3,16.3,10.4,11.8,3.8,7.3,12","tc3,tap,tc2,tap,tap,tap,tc3,tc2,tc4,tc4,tc4",3,2,2,0,3,4,0,0,2,0,1,3,0,1,0,0,0,0,0,a little defense by 8067. they were decent defenders
ay,2025nytr,qm,58,b1,2791,1,0,0,0,0,0,0,0,1,"12.8,14.2,25.9,14.8,18.1","tc3,tc3,tc4,tc3,tc2",1,3,1,0,0,0,0,0,1,0,0,1,0,0,0,0,0,0,0
Jp,2025nytr,qm,58,r1,3044,2,0,0,0,0,0,0,0,0,,{},0,0,0,0,0,0,0,0,0,0,0,0,0,0,1,0,1,0,0
Df,2025nytr,qm,58,b2,2053,2,0,0,0,0,0,0,0,0,"13.8,20.6,10.2,29.9,10.2,15.4","tc4,tc4,tc4,tc4,tc3,tc3",4,2,0,0,2,0,0,0,0,0,0,3,0,0,0,0,0,0,0
eg,2025nytr,qm,58,r3,3360,1,0,0,0,0,0,2,0,0,"13,14.7,48.1,7,20.7","tap,tap,tan,tan,tan",0,0,0,0,0,2,3,2,0,1,1,3,0,0,0,0,0,0,0
Luke,2025nytr,qm,58,r2,3950,2,0,0,0,1,0,0,0,1,"0.1,11.8,9.5,8.3,14.9,13.1,23.8,10,7.2,7,9.7,5.9","tc4,tc4,tc4,tc4,tc3,tc3,tc4,tc3,tc4,tc3,tc2,tc3",6,5,1,0,2,0,0,0,0,0,1,1,0,0,0,1,0,0,0,tippy auto otherwise relatively stable 
ML,2025nytr,qm,58,b3,578,0,0,0,0,0,0,0,0,1,"8.7,20.8,28.3,37.1,20.9,13","tc4,tc3,tc1,tc3,tc3,tc2",1,3,1,1,2,0,0,0,0,0,1,1,0,0,0,0,0,0,0
ML,2025nytr,qm,59,b3,1468,2,0,0,0,0,0,0,0,1,"17.1,5.8,8.6,9.7,6.5,13.1,18.5,9.3,9.5,15.9,13.5","tc4,tc4,tc4,tc4,tc4,tc4,tc3,tc3,tc1,tc2,tc2",6,2,2,1,2,0,0,0,0,0,1,1,0,1,0,0,0,0,0,3181 defense caused penalties 
eg,2025nytr,qm,59,r3,1518,0,0,0,0,0,0,0,0,1,"22.1,16.9,16.7,15.7,15.6,20.3","tan,tan,tan,tan,tan,tan",0,0,0,0,0,0,6,0,0,0,1,2,0,0,0,0,0,0,0
Jp,2025nytr,qm,59,r1,3181,0,0,0,0,0,0,0,0,0,"16.5,14.6,32.8","tan,tc4,tc4",2,0,0,0,0,0,1,0,1,0,0,1,1,0,0,0,0,0,1,Coral got stuck in their robot. 
Df,2025nytr,qm,59,b2,810,1,0,0,0,0,0,0,0,1,"11.3,8.7,7.8,12.7,14.5,8.4,46.5,27.2","tap,tap,tan,tan,tan,tan,tap,tap",0,0,0,0,0,4,4,0,5,0,0,1,0,0,0,0,0,0,0,algae from floor
ay,2025nytr,qm,60,b1,1126,0,0,0,0,0,0,0,0,1,"15,13.2,31.4,7.9","tc4,tc4,tc4,tc4",4,0,0,0,0,0,0,0,0,0,0,3,0,0,0,0,0,0,0
Ap,2025nytr,qm,60,r2,4571,0,0,0,0,0,0,0,0,1,"34.7,48.7,19.8,24.3","tan,tan,tc4,tc4",2,0,0,0,1,0,2,0,2,0,1,0,0,0,0,1,0,0,0
Jp,2025nytr,qm,60,r1,7031,0,0,0,0,0,0,0,0,1,,,0,0,0,0,0,0,0,0,0,0,0,3,0,0,0,0,0,0,0,Best team ngl. Lwk looked like he died but itï¿½s still the best 
ML,2025nytr,qm,60,b3,4458,2,0,0,0,0,0,0,0,1,2.4,tc4,1,0,0,0,1,0,0,0,0,0,1,1,1,0,0,0,0,0,0
eg,2025nytr,qm,60,r3,5149,0,0,0,0,0,0,0,0,1,"30.9,22.5,22.2,12.4,29.2","tc3,tc3,tc2,tc2,tc3",0,3,2,0,0,0,0,0,0,0,1,1,0,0,0,1,0,0,0
eg,2025nytr,qm,61,b2,3003,0,0,0,0,1,0,0,0,1,"11.9,8.8,37.4,11.9,15.4,22,7.4","tc4,tc4,tc4,tc4,tc4,tc3,tc3",5,2,0,0,3,0,0,0,0,0,1,3,0,0,0,0,0,0,0
DD,2025nytr,qm,61,b3,7504,0,0,0,0,1,0,0,0,1,"10.1,16.1,19.8,14.6,18.4,39.4","tc4,tap,tap,tan,tc4,tc4",3,0,0,0,1,2,1,0,4,0,1,1,0,0,0,0,0,0,0
ML,2025nytr,qm,61,b1,424,0,0,0,0,1,0,0,0,1,"4.7,16.4,10.2,15.1,12.7,8.2,15.5,11.1,6.9","tc4,tc3,tc3,tan,tc3,tc3,tc3,tc2,tc2",1,5,2,0,1,0,1,1,2,0,1,3,0,0,0,0,0,0,0
Ap,2025nytr,qm,61,r1,7030,0,0,0,0,0,0,0,0,1,,{},0,0,0,0,0,0,0,0,0,0,0,1,1,0,0,0,0,0,0
JP,2025nytr,qm,61,r2,6648,0,0,0,0,0,0,0,0,1,"9,72.3","tc1,tap",0,0,0,1,0,1,0,1,0,0,0,1,0,0,0,0,0,0,0,got beached
Ak,2025nytr,qm,61,r3,229,0,0,0,0,0,0,0,0,0,"8.1,40.4,25.9","tc1,tc1,tap",0,0,0,2,0,1,0,0,0,0,1,1,0,0,0,0,0,0,1,"coral stuck in drivebase, helped robot get unstuck"
eg,2025nytr,qm,62,b2,1591,1,0,0,0,1,0,0,0,1,"19.7,7.4,7.3,14.9,8.2,20.2","tc4,tc4,tc4,tc4,tc4,tc4",6,0,0,0,1,0,0,0,3,0,1,0,0,0,1,0,0,0,0,stopped moving last 30 seconds 
DD,2025nytr,qm,62,b3,7605,2,0,0,0,0,0,0,0,1,,{},0,0,0,0,0,0,0,0,0,0,0,1,0,0,0,0,0,0,1,"robt stopped for 30 sec, then double defense was played, then entangled with cage"
ML,2025nytr,qm,62,b1,7759,0,0,0,0,0,0,0,0,1,,{},0,0,0,0,0,0,0,0,0,0,0,1,1,0,0,0,0,0,0
Ap,2025nytr,qm,62,r1,3171,1,0,0,0,0,0,0,0,1,14,tc4,1,0,0,0,0,0,0,0,1,0,0,3,1,0,0,0,0,0,0
JP,2025nytr,qm,62,r2,9468,0,0,0,0,0,0,0,0,1,"19,18.3,14,18.8,19.2,28.4","tc4,tc2,tc4,tc4,tc4,tc3",4,1,1,0,1,0,0,0,0,0,1,0,0,1,0,0,0,0,0
Ak,2025nytr,qm,62,r3,250,0,0,0,0,0,0,0,0,1,"53.4,24.8","tap,tc3",0,1,0,0,0,1,0,0,2,0,1,1,0,0,0,0,0,0,0
eg,2025nytr,qm,63,b2,5528,1,0,0,0,0,0,0,1,0,"0.1,3.7,9.6,18.3,13.3,20.1","tc4,tc4,tc4,tc4,tc4,tc4",6,0,0,0,0,0,0,0,1,0,1,3,0,0,0,0,0,0,0
DD,2025nytr,qm,63,b3,6300,0,0,0,0,1,0,0,0,1,"40.2,6.7,48.6","tc3,tc3,tc3",0,3,0,0,0,0,0,0,1,0,1,1,0,1,0,0,0,0,0
Ap,2025nytr,qm,63,r1,3117,0,0,0,0,0,0,0,0,1,"6.3,8.7,13.4,18.8,7.4,7.6,9.4,9.3,9.6,9.1","tc4,tc4,tc4,tc4,tc4,tc4,tc4,tc4,tc2,tc4",9,0,1,0,1,0,0,0,0,0,1,1,0,0,0,0,0,0,0
ML,2025nytr,qm,63,b1,5881,0,0,0,0,1,0,0,0,1,"11.1,6.5,8.2,8.4,14.2,19.8,15.2,42.9,6","tc2,tc2,tc2,tc2,tc2,tc1,tc1,tc1,tc1",0,0,5,4,1,0,0,0,0,0,1,0,0,1,0,0,0,0,0,639 is good at defense 
JP,2025nytr,qm,63,r2,639,0,0,0,0,0,0,0,0,1,,{},0,0,0,0,1,0,0,0,0,0,0,1,1,0,0,1,0,0,0
Ak,2025nytr,qm,63,r3,6401,0,0,0,0,0,0,0,0,1,"30.8,6.9,12,43.3,20.7","tc4,tc1,tc4,tc4,tc2",3,0,1,1,1,0,0,0,0,0,0,1,0,0,0,0,0,0,0,Bad human player 
eg,2025nytr,qm,64,b2,6621,3,0,0,0,0,0,0,0,1,"7.4,6.9,5.9,7.4,13.2,8.5,17.7,7.4,6.3,6.4,19.2,5.2,6.4,5.3","tc3,tc3,tc3,tc3,tc2,tc2,tc3,tc2,tc2,tc2,tc1,tc4,tc2,tc2",1,5,7,1,1,0,0,0,1,0,1,1,0,0,0,0,0,0,0
DD,2025nytr,qm,64,b3,7718,0,0,0,0,0,0,0,0,1,"2.1,33.7,20.4,23,9.9","tc4,tc1,tc1,tc1,tc1",1,0,0,4,3,0,0,0,0,0,1,1,0,0,0,0,0,0,0
ML,2025nytr,qm,64,b1,2875,2,0,0,0,0,0,0,0,1,"4.3,9.5,35,21.3,10.6,10.4,7.9,11.3,19","tc4,tan,tc4,tc3,tc4,tc4,tc4,tc2,tan",5,1,1,0,3,0,2,1,3,0,1,1,0,0,0,0,0,0,0
JP,2025nytr,qm,64,r2,6806,0,0,0,0,0,0,0,0,1,17.9,tc2,0,0,1,0,0,0,0,0,0,0,0,0,1,0,0,0,0,0,0,got beached while playing defense
Ap,2025nytr,qm,64,r1,4122,2,0,0,0,0,0,0,0,1,"18.1,4.2,6.6,7.1,25,9.6,9.4,5.4,6,6.3","tan,tc4,tc4,tan,tc4,tc4,tan,tan,tan,tan",4,0,0,0,1,0,6,1,5,0,0,3,0,0,0,0,0,0,0
Ak,2025nytr,qm,64,r3,1880,0,0,0,0,0,0,0,0,1,"30.1,15.3,7.2,9.8,22.3,9.8,11.8,12.3","tc3,tc3,tc3,tc3,tc3,tc2,tc2,tc2",0,5,3,0,1,0,0,0,1,0,1,1,0,0,0,0,0,0,0
DD,2025nytr,qm,65,b3,6463,0,0,0,0,0,0,0,0,1,"8.9,31.9","tc4,tc4",2,0,0,0,0,0,0,0,0,0,1,0,0,0,1,0,0,0,0
eg,2025nytr,qm,65,b2,3173,3,0,0,0,0,0,0,0,1,"9.4,5.5,7.2,8.3,16,5.6,7.2,35.7,7.5,8.4,7","tap,tap,tc4,tc4,tc3,tc3,tc3,tc4,tc1,tc4,tc1",4,3,0,2,2,2,0,0,2,0,1,3,0,0,0,0,0,0,0
Ak,2025nytr,qm,65,r3,20,1,0,0,0,1,0,0,0,1,"6.5,11.4,8.6,7.1,8.5,10,10.5,14.5,9.3,6.5,15.3","tc4,tc4,tc4,tc4,tc4,tc4,tc4,tc4,tc3,tc3,tc3",8,3,0,0,1,0,0,0,0,0,1,1,0,0,0,0,0,0,0
Ap,2025nytr,qm,65,r1,3550,0,0,0,0,0,0,0,1,1,"21,10.4,15.1,7.2,35.1","tap,tap,tap,tap,tc2",0,0,1,0,2,4,0,0,2,0,0,0,0,0,0,0,0,0,0
JP,2025nytr,qm,65,r2,2601,1,0,0,0,1,0,0,0,0,"6.1,10.7,6.2,9.3,14.9,7,11.5,10.8,28.2,10.5","tc4,tc4,tc3,tc3,tc2,tc2,tc2,tc3,tc3,tc2",2,4,4,0,3,0,0,0,0,0,1,0,0,0,0,0,0,0,0
ML,2025nytr,qm,65,b1,334,0,0,0,0,0,0,0,0,1,"17,19.5,14.2,16.5,33.1,21.9","tc4,tc4,tc4,tc2,tc2,tc3",3,1,2,0,1,0,0,0,1,1,0,1,0,0,0,0,0,0,0
ay,2025nytr,qm,66,b1,2791,0,0,0,0,0,0,0,0,1,"16.2,19.1,9.5,13.2,17.5,18.7","tc2,tc2,tc2,tc4,tc4,tc2",2,0,4,0,0,0,0,0,0,0,0,1,0,0,0,0,0,0,0
Jp,2025nytr,qm,66,b2,3044,2,0,0,0,0,0,0,0,0,"2,9.4,9.8,9.1,7.8,16.9,9.1,12.6,4.8,8.9,9.4,9.5","tc4,tc4,tc4,tc3,tc3,tap,tc3,tc3,tc3,tc3,tc3,tc2",3,7,1,0,0,1,0,0,0,0,0,3,0,0,0,0,0,0,0
Ap,2025nytr,qm,66,r1,870,0,0,0,0,1,0,0,1,0,"31,12.4,12.8,16.5,20.1","tc4,tc4,tc4,tc2,tc3",3,1,1,0,3,0,0,0,0,0,1,3,0,0,0,0,0,0,0
DD,2025nytr,qm,66,b3,9624,2,0,0,0,0,0,0,0,1,"8.6,12.2,65,10.3,21.7","tc4,tc4,tap,tc3,tc2",2,1,1,0,0,1,0,0,2,0,0,1,0,0,0,0,0,0,0
JP,2025nytr,qm,66,r2,4458,2,0,0,0,0,0,0,0,0,"1.3,9.2,16.4,10.7,6.2,4.3,12.9,8.9,8.4,11.2,7.1,7.9,8.8,6.7,9.3","tc4,tc4,tc4,tc4,tc3,tc3,tc3,tc3,tc3,tc2,tc2,tc3,tc2,tc2,tc2",4,6,5,0,0,0,0,0,0,0,0,1,0,0,0,1,0,0,0
Ak,2025nytr,qm,66,r3,1493,3,1,0,0,0,0,0,0,1,"15.9,34.2,9.1,7.9,8.2,7.5,7.5,8.8,7.3,14.4","tc4,tc3,tc3,tc2,tc2,tc2,tc2,tc2,tc3,tc2",1,3,6,0,0,0,0,0,0,0,1,1,0,0,0,0,0,0,0
ay,2025nytr,qm,67,b1,4571,1,0,0,0,0,0,0,0,0,"10.1,32.8,27.9,27.3","tc4,tc4,tc4,tc4",4,0,0,0,0,0,0,0,0,0,0,0,0,0,0,0,0,0,0
Jp,2025nytr,qm,67,b2,10714,0,0,0,1,0,0,0,0,1,"23.2,17.3,21.8,19.6,6.2,30.7,11","tc1,tc1,tc1,tc1,tc1,tc1,tc1",0,0,0,7,0,0,0,0,0,0,0,0,0,0,0,0,0,0,0,L1 demon!! 
DD,2025nytr,qm,67,b3,578,0,0,0,0,0,0,0,0,1,"8,14.9,9.7,94","tc4,tc4,tc4,tc4",4,0,0,0,0,0,0,0,0,0,0,0,0,0,0,0,0,0,0
Ap,2025nytr,qm,67,r1,191,3,0,0,0,0,0,0,0,1,"6,23,7.2,10.1,5.1,6.9,6,6,6.6,7.2,3.4,9.2","tc4,tc4,tc4,tc3,tc3,tc3,tc3,tc3,tc3,tc2,tc2,tc2",3,6,3,0,1,0,0,0,0,0,0,3,0,0,0,0,0,0,0
Ak,2025nytr,qm,67,r3,1468,3,0,0,0,0,0,0,0,0,"18.4,9.6,11.1,0.7,10.9,26.5,6.1,11.9,3.6,8.9,6.3","tc4,tc4,tan,tan,tc4,tc3,tc3,tc2,tc2,tc1,tc2",3,2,3,1,1,0,2,2,2,0,1,3,0,0,0,0,0,0,0
JP,2025nytr,qm,67,r2,7030,0,0,0,0,0,0,0,0,1,,{},0,0,0,0,0,0,0,0,0,0,0,1,1,0,0,0,0,0,0
ay,2025nytr,qm,68,b1,3181,0,0,0,0,0,0,0,0,1,"43.2,6.7,8.4,10.3,7.6,8.9,9.1,0.5,8.2,8.4","tc3,tc2,tc2,tc3,tc2,tc3,tc2,tc3,tc3,tc3",0,6,4,0,0,0,0,0,1,0,0,1,0,0,0,0,0,0,0
DD,2025nytr,qm,68,b3,1796,3,0,0,0,0,0,0,0,0,"41.3,9.9,11.2,8.3,7.9,16,5.7,5.5","tc3,tap,tap,tc4,tc4,tc4,tc4,tc4",5,1,0,0,1,2,0,1,4,0,0,3,0,0,0,0,0,0,0,almost got 4 l4 in auto 
Ap,2025nytr,qm,68,r1,3171,0,0,0,0,0,0,0,0,1,26.7,tc4,1,0,0,0,1,0,0,0,0,0,0,0,0,0,0,0,0,0,0
Jp,2025nytr,qm,68,b2,2053,2,0,0,0,0,0,0,0,0,"18.7,7.2,13.7,8.8,11.4,12.5,8.9,13.5","tc1,tc1,tc2,tc2,tc2,tc2,tc4,tc4",2,0,4,2,0,0,0,0,1,0,0,3,0,0,0,0,0,0,0
Ak,2025nytr,qm,68,r3,7605,0,0,0,0,1,0,0,0,0,"23.4,11.9,14.3,7.4,12.6,20,12.5","tc4,tc4,tc4,tc4,tc4,tc3,tc4",6,1,0,0,1,0,0,0,0,0,1,1,0,0,0,0,0,0,0
JP,2025nytr,qm,68,r2,1518,0,0,0,0,0,0,0,0,1,"10.7,12.4,21.7,15.4,12.7,12.3,16.8,15.6","tan,tan,tan,tan,tan,tan,tan,tan",0,0,0,0,0,0,8,0,0,0,0,1,0,0,0,1,0,0,0
df,2025nytr,qm,69,b3,1126,0,0,0,0,1,0,0,0,0,"18.5,25.4,20.9,8.8,9.1,10.2,14.3","tc4,tc4,tc4,tc4,tc4,tc4,tc4",7,0,0,0,1,0,0,0,0,0,0,3,0,0,0,0,0,0,0
Ap,2025nytr,qm,69,r1,3117,0,0,0,0,0,0,0,0,1,"22.5,11.5,8.5,12.5,17.7,21.7","tc4,tc4,tc4,tc4,tc4,tc3",5,1,0,0,0,0,0,0,0,0,0,1,0,0,0,0,0,0,0
JP,2025nytr,qm,69,r2,810,1,0,0,0,0,0,0,0,0,"15.2,15.6,47.5,3.9,31.4,10.9,14.2","tan,tc3,tc3,tan,tan,tan,tan",0,2,0,0,1,0,5,1,2,0,0,0,0,0,0,0,0,0,0
Jp,2025nytr,qm,69,b2,6401,0,0,0,0,0,0,0,0,1,"16.2,8,21.7,11.9,18.3,37.7","tc3,tc4,tc3,tc4,tc3,tc4",3,3,0,0,0,0,0,0,0,0,0,0,0,0,0,0,0,0,0
Ak,2025nytr,qm,69,r3,3003,1,0,0,0,0,0,0,0,0,"14.8,36.6,9.3,8.7,11.3,7.6,8.9,10.8,9.6","tc4,tc4,tc4,tc4,tc4,tc4,tc3,tc2,tc2",6,1,2,0,2,0,0,0,0,0,1,1,0,0,0,0,0,0,0
MW,2025nytr,qm,69,b1,424,1,0,0,0,0,0,0,0,1,"12.5,21.6,10.1,10.2,8.4,14.1,20.3","tc3,tan,tc3,tc3,tc3,tc4,tc3",1,5,0,0,0,0,1,1,4,0,1,3,0,0,0,0,0,0,0
Jp,2025nytr,qm,70,b2,5528,1,0,0,0,0,0,0,0,0,"4.6,9.2,8.7,9.4,16.1,63.9","tc4,tc4,tc4,tc4,tc4,tc4",6,0,0,0,0,0,0,0,0,0,0,3,0,0,0,0,0,0,0
df,2025nytr,qm,70,b3,6806,0,0,0,0,0,0,0,0,1,"37.3,21.3,41,20,13","tc3,tc3,tc3,tc3,tc3",0,5,0,0,0,0,0,0,2,0,0,0,0,0,0,0,0,0,0
Ak,2025nytr,qm,70,r3,7504,1,0,0,0,0,0,0,0,1,"20.5,15.7,14,10.6,12.4,12.4,19.9,23.9","tc4,tc4,tc1,tc4,tc4,tc2,tc4,tc4",6,0,1,1,1,0,0,0,1,0,0,1,0,0,0,0,0,0,0
JP,2025nytr,qm,70,r2,6648,0,0,0,0,0,0,0,0,1,"14.3,27.3,17,15.1,18.2","tap,tap,tap,tap,tap",0,0,0,0,0,5,0,1,0,0,0,1,0,0,0,0,0,0,0,pick up algae from floor
Ap,2025nytr,qm,70,r1,9468,0,0,0,0,0,0,0,0,1,"6.8,25.3,22.8,40.6","tc2,tc2,tc2,tc2",0,0,4,0,2,0,0,0,0,0,1,1,0,0,0,0,0,0,0
DD,2025nytr,qm,71,b3,2601,2,0,0,0,0,0,0,0,1,"11.2,9,9.5,12.9,17.1,11.3,4.7,25.9,13.7","tc4,tc4,tc4,tc4,tc4,tc3,tc2,tc4,tc3",6,2,1,0,2,0,0,0,0,0,1,0,0,0,0,0,0,0,0
Ak,2025nytr,qm,71,r3,1591,1,0,0,0,1,0,0,0,1,"14.2,6.9,12.1,15.2,15.9,23.8,4.1,6.4,7","tc4,tc4,tc4,tc4,tc4,tc3,tc3,tc3,tc3",5,4,0,0,2,0,0,0,0,0,1,3,0,0,0,0,0,0,0
eg,2025nytr,qm,71,b2,6300,0,0,0,0,1,0,0,0,1,"11.1,13.4","tc3,tc3",0,2,0,0,1,0,0,0,1,0,1,2,0,0,0,0,0,0,0
JP,2025nytr,qm,71,r2,7031,0,0,0,0,0,0,0,0,0,,{},0,0,0,0,0,0,0,0,1,0,0,0,0,0,1,0,0,0,1,didn't score once
Ap,2025nytr,qm,71,r1,20,2,0,0,0,0,0,0,0,1,"3.1,10.2,5.5,17.4,13.7,4.2,5.6,11.1,14.3,14.8","tc4,tc4,tc4,tc4,tc3,tc3,tc3,tc3,tc3,tc1",4,5,0,1,2,0,0,0,2,0,0,3,0,0,0,0,0,0,0
ML,2025nytr,qm,71,b1,358,0,0,0,1,1,0,0,0,1,"19.5,10.8,21,44.4,18.8","tc4,tc4,tc4,tc4,tc2",4,0,1,0,0,0,0,0,0,0,1,1,0,0,0,0,0,0,0
DD,2025nytr,qm,73,b3,870,2,0,0,0,0,0,0,0,1,"17.3,10.2,8.1,8.8,35.7,7,10.3,10.4","tc4,tc4,tc3,tc3,tc1,tc3,tc3,tc2",2,4,1,1,1,0,0,0,1,0,1,3,0,0,0,0,0,0,0
eg,2025nytr,qm,73,b2,229,0,0,0,0,0,0,0,0,1,,,0,0,0,0,1,0,0,0,0,0,1,1,0,0,0,0,0,0,0,poisonous and rotten potato
JP,2025nytr,qm,73,r2,1880,0,0,0,0,0,0,0,0,1,"9.1,8.6,27.4,6.9,43.4,8,7.1,10.2,9.4","tc3,tc3,tc3,tc3,tc2,tc2,tc2,tc2,tc2",0,4,5,0,1,0,0,0,3,0,1,1,0,0,0,0,0,0,0
Ap,2025nytr,qm,73,r1,334,0,0,0,0,0,0,0,0,1,"6,20.7,16.8,10.8","tc4,tc4,tc4,tc4",4,0,0,0,2,0,0,0,0,1,0,1,0,0,0,0,0,0,0
Ak,2025nytr,qm,73,r3,10352,0,0,0,0,0,0,0,0,1,"28.2,14.1,13.9,30.6,25.6","tc1,tc1,tc1,tc1,tc1",0,0,0,5,3,0,0,0,0,0,1,1,0,0,0,0,0,0,0
ML,2025nytr,qm,73,b1,2869,1,0,0,0,0,0,0,0,1,"7.1,18.8,7.6,11.1,50.9","tc4,tc1,tc4,tc4,tc2",3,0,1,1,5,0,0,0,0,0,1,3,0,0,0,0,0,0,0
Jl,2025nytr,qm,70,b1,7718,0,0,0,0,0,0,0,0,1,"5.9,68.6,8.7,9","tc4,tc1,tc1,tc1",1,0,0,3,2,0,0,0,2,0,0,1,0,0,0,0,0,0,0,Got a coail stuck inside it and was bad at removing algae.   :3
DD,2025nytr,qm,74,b3,5881,0,0,0,1,0,0,0,0,1,,{},0,0,0,0,0,0,0,0,0,0,0,0,0,0,1,0,0,0,0
ML,2025nytr,qm,74,b1,3550,2,0,0,0,0,0,0,0,1,"28.3,4,19.1,10.4,8.9,12.1,11.5,8.7","tc3,tap,tc4,tc3,tc3,tc4,tc4,tc2",3,3,1,0,0,1,0,3,3,0,1,1,0,0,0,0,0,0,0
eg,2025nytr,qm,74,b2,5149,0,0,0,0,0,0,0,0,1,"15.4,12.9,13.5,72.3","tc2,tc2,tc3,tc2",0,1,3,0,3,0,0,0,0,0,1,1,0,0,0,0,0,0,0
Ak,2025nytr,qm,74,r3,2875,2,0,0,0,0,0,0,0,0,"24.7,7.8,15.1,5.3,31.1,10.7,28.8,4.6","tc4,tc4,tc4,tc4,tan,tc3,tc3,tc2",4,2,1,0,6,0,1,0,1,0,1,0,0,0,0,0,0,0,0
JP,2025nytr,qm,74,r2,3950,2,0,0,0,1,0,0,0,1,"21.9,10.4,19.1,8,15,6,15.8,11.4,6.9,6.6","tc4,tc4,tc4,tc4,tc3,tc3,tc2,tc2,tc2,tc3",4,3,3,0,3,0,0,0,0,0,1,1,0,0,0,0,0,0,0
Ap,2025nytr,qm,74,r1,250,0,0,0,0,0,0,0,0,1,"9,37.9","tap,tap",0,0,0,0,1,2,0,0,0,0,0,3,0,0,0,0,0,0,0
ML,2025nytr,qm,75,b1,6911,0,0,0,0,0,0,0,0,1,"12.8,15.6,5.3,16.5,5","tan,tc4,tan,tc4,tan",2,0,0,0,1,0,3,0,3,0,1,1,0,0,0,0,0,0,0,intake rarely worked
Ap,2025nytr,qm,75,r1,9624,1,0,0,0,0,0,0,0,0,4.5,tc4,1,0,0,0,0,0,0,0,0,0,1,0,0,0,0,0,0,0,0,Alliance partner tipped them 
JP,2025nytr,qm,75,r2,6463,0,0,0,0,0,0,0,0,1,"67.9,0.2,2.4,4.7,47.2","tc4,tc4,tc2,tc3,tc4",3,1,1,0,3,0,0,0,0,0,1,1,0,0,0,0,0,0,0
Ak,2025nytr,qm,75,r3,2053,1,0,0,0,0,0,0,0,0,"16.3,21.1,16.2","tc1,tc4,tc1",1,0,0,2,6,0,0,0,0,0,1,3,0,0,0,1,0,0,0
eg,2025nytr,qm,75,b2,6401,0,0,0,0,0,0,0,0,1,"16,15.9,9.9,15.8,11.7,25.3,18","tc3,tc3,tc4,tc3,tc1,tc3,tc4",2,4,0,1,0,0,0,0,0,0,1,0,0,0,0,0,0,0,1,"really stupid drivers, ran into red barge for no reason"
ay,2025nytr,qm,76,b1,3117,1,0,0,0,0,0,0,0,0,"0.7,21.4,8.3,9.3,13.3,22.7,4.7","tc4,tc3,tc3,tc2,tc2,tc1,tc4",2,2,2,1,0,0,0,0,0,0,0,3,0,0,0,0,0,0,0
df,2025nytr,qm,76,b3,3044,2,0,0,0,0,0,0,0,1,"2.5,8.2,8.6,7.2,7.5,8.8,26.2,4.6,10.9,8.6,8.5,9.8","tc4,tc4,tc4,tc3,tc2,tc3,tc4,tc3,tc4,tc4,tc4,tc3",7,4,1,0,2,0,0,0,0,0,0,3,0,0,0,0,0,0,0
Jp,2025nytr,qm,76,b2,10714,0,0,0,1,0,0,0,0,1,"17.6,13.3,12.4,10,14,27.8,24.3,10.3","tc1,tc1,tc1,tc1,tc1,tc1,tc1,tc1",0,0,0,8,0,0,0,0,0,0,0,0,0,0,0,0,0,0,0
Ap,2025nytr,qm,76,r1,7504,0,0,0,0,0,0,0,0,1,"8.2,9.5,15.6,9.6,7.5,13,18.4","tc4,tc4,tc4,tc4,tc4,tc2,tc2",5,0,2,0,0,0,0,0,0,0,0,1,0,0,0,0,0,0,0
JP,2025nytr,qm,76,r2,1518,0,0,0,1,0,0,0,0,0,"20,11.2,21.3,25,15.2","tap,tap,tap,tap,tap",0,0,0,0,0,5,0,1,2,0,0,2,0,0,0,0,0,0,0
Ak,2025nytr,qm,76,r3,6806,0,0,0,0,0,0,0,0,1,"15,56.8,55.2,0.5","tc2,tc2,tc3,tc3",0,2,2,0,3,0,0,0,0,0,0,0,0,0,0,0,0,0,0,the last l3 is a fluke 
ay,2025nytr,qm,77,b1,7031,0,0,0,0,0,0,0,0,0,,{},0,0,0,0,0,0,0,0,0,0,0,0,0,0,0,0,0,0,0
Ap,2025nytr,qm,77,r1,6648,0,0,0,0,0,0,0,0,1,,{},0,0,0,0,0,0,0,0,0,0,0,0,1,0,1,0,0,0,0
Jp,2025nytr,qm,77,b2,1468,3,0,0,0,0,0,0,0,1,"28.2,7.6,35.7,10.6,20.5,11.9","tc4,tc4,tc4,tc4,tc4,tc4",6,0,0,0,0,0,0,0,1,0,0,3,0,0,0,0,0,0,0
Ak,2025nytr,qm,77,r3,1493,1,0,0,0,1,0,0,0,0,"4.4,13.4,3.9,9.9,8.7,6.9,6,9.1,3.9,5.6,5.7,8.5,8,10.3,6.7","tc3,tc4,tc4,tc4,tc4,tc4,tc4,tc4,tc3,tc3,tc2,tc3,tc2,tc2,tc2",7,4,4,0,0,0,0,0,1,0,0,1,0,0,0,0,0,0,0
JP,2025nytr,qm,77,r2,7605,2,0,0,0,0,0,0,0,0,"12.4,20.5,17.7,16.1,13.6,11.5,19.8","tc4,tc1,tc4,tc3,tc3,tc3,tc3",2,4,0,1,1,0,0,0,1,0,1,1,0,0,0,0,0,0,0
df,2025nytr,qm,77,b3,6300,0,0,0,0,0,0,0,0,0,,{},0,0,0,0,0,0,0,0,0,0,0,1,0,0,0,0,0,0,0,they did not work
Ap,2025nytr,qm,78,r1,7030,1,0,0,0,0,0,0,0,1,,,0,0,0,0,0,0,0,0,1,0,0,1,1,0,0,0,0,0,0
ay,2025nytr,qm,78,b1,810,1,0,0,0,0,0,0,0,0,"6.5,20.2,2.6,33.8,12.3,11.4,2.2,21.5,7","tan,tc3,tan,tc2,tan,tan,tan,tan,tan",0,1,1,0,0,0,7,0,3,0,0,1,0,0,0,0,0,0,0
Ak,2025nytr,qm,78,r3,578,0,0,0,0,1,0,0,1,1,"24.4,13.7,17.1,15.9,20,12.2,10.9,0.4,11.1","tc4,tc4,tc4,tc3,tc3,tc3,tc2,tc3,tc4",4,4,1,0,0,0,0,0,0,0,1,1,0,0,0,0,0,0,0
JP,2025nytr,qm,78,r2,3171,1,0,0,0,0,0,0,0,0,"30.9,7.8,12.5,9.2,19.1","tc4,tc4,tc4,tc4,tc4",5,0,0,0,1,0,0,0,1,0,1,3,0,0,0,1,0,0,0
Jp,2025nytr,qm,78,b2,358,0,0,1,0,0,0,0,0,1,"36,4,22.3,12.8,31.1,16.7","tc3,tan,tc4,tc3,tc3,tc3",1,4,0,0,0,0,1,0,2,0,0,0,0,0,0,0,0,0,0
df,2025nytr,qm,78,b3,4458,1,0,0,0,0,0,0,0,1,"11.7,9.1,10.4,15.2,11.7,21.3,10.1,10,12.5,6.5,8.5,4.5","tc4,tc4,tc4,tc4,tc4,tc3,tc3,tc3,tc3,tc2,tc2,tc2",5,4,3,0,0,0,0,0,2,0,0,0,0,0,0,0,0,0,0
Ap,2025nytr,qm,79,r1,5528,1,0,0,0,1,0,0,0,0,"3.5,8.2,19.3,18,29.1","tc4,tc4,tc4,tc4,tc4",5,0,0,0,0,0,0,0,0,0,1,0,0,0,0,0,0,0,0
JP ,2025nytr,qm,79,r3,424,1,0,0,0,0,0,0,0,0,"13.1,11.1,14.2,9.3,14.2,20.3,19.8","tan,tc3,tc1,tc3,tc4,tc4,tc4",3,2,0,1,1,0,1,0,3,0,1,3,0,0,0,0,0,0,0
Jp,2025nytr,qm,79,b2,7759,0,0,0,0,0,0,0,0,1,,{},0,0,0,0,0,0,0,0,0,0,0,1,1,0,0,0,0,0,0
ay,2025nytr,qm,79,b1,191,2,0,0,0,0,0,0,0,0,"3.3,3.9,18.9,11.6,9.6,9,9.1,16.5,10.9,5.4,7.4","tc4,tc4,tc4,tc4,tc4,tc4,tc4,tc4,tc2,tc2,tc3",8,1,2,0,0,0,0,0,2,0,0,3,0,0,0,0,0,0,0
Ak,2025nytr,qm,79,r2,334,0,0,0,0,0,0,0,0,0,"12.2,5.3,38,55.5","tc4,tc2,tc1,tc2",1,0,2,1,2,0,0,0,0,0,0,0,0,0,0,0,0,0,0
df,2025nytr,qm,79,b3,1880,0,0,0,0,0,0,0,0,1,"19.1,2,10.9,10.4,21.8,12.6,13.4,14.3","tc3,tc3,tc3,tc3,tc3,tc2,tc2,tc2",0,5,3,0,0,0,0,0,3,0,0,1,0,0,0,0,0,0,0
df,2025nytr,qm,80,b3,4122,2,0,0,0,0,0,0,0,0,"8.1,5,8.3,17.5,10.1,8.3,9,20.7,12.4,8.2,6.9","tan,tc4,tan,tan,tc4,tc4,tc4,tan,tc4,tc4,tc4",7,0,0,0,2,0,4,1,4,0,0,3,0,0,0,0,0,0,0
ay,2025nytr,qm,80,r1,870,3,0,0,0,0,0,0,0,1,"8.1,8.7,10.1,14.6,12.1,16.2,15.5,19.6,0.2","tc4,tc4,tc4,tc4,tc4,tc4,tc3,tc2,tc3",6,2,1,0,0,0,0,0,0,0,0,3,0,0,0,0,0,0,0
Jp,2025nytr,qm,80,b2,3550,1,0,0,0,0,0,0,0,0,"27.3,9.4,51.2,26.4","tc3,tc3,tc3,tc3",0,4,0,0,0,0,0,0,0,0,0,3,0,0,0,0,0,0,0,Amazing robot but has no auto align 
DD,2025nytr,qm,80,r2,4571,0,0,0,0,0,0,0,0,1,,{},0,0,0,0,0,0,0,0,0,0,0,0,0,0,1,0,0,0,0
eg,2025nytr,qm,80,b1,9468,0,0,0,0,0,0,0,0,1,,{},0,0,0,0,1,0,0,0,0,0,0,1,1,0,0,0,0,0,0
ML,2025nytr,qm,80,r3,3181,0,0,0,0,1,0,0,0,1,"8.7,20.4,13.2,15.2,22.7,7.9,9.3,7.5,8.4,9.6","tan,tan,tan,tan,tan,tc3,tc3,tc3,tc3,tc3",0,5,0,0,0,0,5,0,5,0,1,1,0,0,0,0,0,0,0,solid 2nd pick
df,2025nytr,qm,81,b3,229,0,0,0,0,0,0,0,0,1,,{},0,0,0,0,0,0,0,0,0,0,0,1,1,0,0,0,0,1,0,went on  when two defense 
DD,2025nytr,qm,81,r2,9624,1,0,0,0,0,0,0,0,1,"2.8,7.3,17.1,18.8,27.8,28,27.8","tc4,tc4,tc4,tc1,tc3,tc2,tc2",3,1,2,1,2,0,0,0,0,0,0,0,0,0,0,0,0,0,0
eg,2025nytr,qm,81,b1,3950,2,0,0,0,1,0,0,0,1,"8.8,5.2,6.3,7.6,21.4,12.2,6.4,6.9,8.1,8.6,4.2,7.9,9.9,14.7","tc1,tc4,tc4,tc4,tc1,tc1,tc4,tc4,tc4,tc4,tc4,tc4,tc4,tc2",10,0,1,3,1,0,0,0,0,0,1,1,0,0,0,0,0,0,0,all of the L1s were L4 misses that got lucky
ML,2025nytr,qm,81,r3,2601,1,0,0,0,0,0,0,0,1,"10.4,13.5,25.9,14.7,56.9","tc4,tc4,tc3,tc2,tc3",2,2,1,0,1,0,0,0,0,0,1,1,0,1,0,0,0,0,0
Jl,2025nytr,qm,82,b2,2791,1,0,0,0,0,0,0,0,1,"44.1,18,8,15,30.9,9.1","tc3,tc2,tc2,tc3,tc3,tc2",0,3,3,0,2,0,0,0,1,0,0,1,0,0,0,1,0,0,0,Some coral went straight through the intake :3
DD,2025nytr,qm,82,r2,10352,0,0,0,0,1,0,0,0,1,"10.1,38.9,13.6,12.7,12.5,13","tc1,tc1,tc1,tc1,tc1,tc1",0,0,0,6,1,0,0,0,0,0,1,1,0,0,0,0,0,0,0
eg,2025nytr,qm,82,b1,2875,2,0,0,0,0,0,0,0,1,"6.2,7.4,13.9,6.5,17.3,14.1,9.8,30","tc4,tc4,tap,tc3,tc3,tc2,tc2,tc4",3,2,2,0,3,1,0,0,1,0,1,1,0,0,0,0,0,0,0
df,2025nytr,qm,82,b3,3173,0,0,0,0,1,0,0,0,1,"5.1,8,7,7.9,6.7,9.6,7.4,5,4.5,13.8,5.3,4,6.2,6.8,5.6","tc4,tan,tc4,tap,tan,tc1,tc3,tc2,tc2,tc2,tc1,tc1,tc1,tc1,tc1",2,1,3,6,3,1,2,1,3,0,0,3,0,0,0,0,0,0,0
ML,2025nytr,qm,82,r3,1591,3,0,0,0,0,0,0,0,1,"14.1,8.4,14.6,8.6,13.3,16.6,9.8,13.3,17.2","tc4,tc4,tap,tc3,tc4,tc4,tc4,tc4,tc4",7,1,0,0,0,1,0,0,3,0,1,3,0,0,0,0,0,0,0
DD,2025nytr,qm,84,r2,6911,0,0,0,0,0,0,0,0,1,"6.4,6.6,9.1,7.1,8.3,6.7,9.8,8.6,8.7,8.7,10.1,5.7,12.2,13.3,7.5,7.7","tc4,tan,tc4,tan,tc4,tan,tc4,tc4,tc4,tc4,tc4,tan,tc4,tc3,tc3,tc3",9,3,0,0,0,0,4,0,4,0,1,0,0,0,0,0,0,0,0
MW,2025nytr,qm,84,r1,6463,0,0,0,0,0,0,0,0,1,"5.8,36.6,14.8,30.3,12.9,21.8","tc4,tc3,tc4,tc4,tc3,tc3",3,3,0,0,3,0,0,0,2,0,1,0,0,0,0,0,0,0,0,Whyyyyy please just park
df,2025nytr,qm,84,b3,3003,2,0,0,0,0,0,0,0,1,"30.2,12.1,11.9,40.4","tc4,tc4,tc4,tc4",4,0,0,0,2,0,0,0,0,0,0,3,0,0,0,0,0,0,0
LS,2025nytr,qm,84,b1,250,0,0,0,0,0,0,0,0,1,"33.9,50.8,5.7","tc3,tap,tc2",0,1,1,0,3,1,0,0,1,0,1,3,0,0,0,0,0,0,0
Jp,2025nytr,qm,84,b2,5881,0,0,0,1,0,0,0,0,1,"39.6,6.6,30.9,8.4,18.9,8.9","tc1,tc1,tc1,tc1,tc2,tc2",0,0,2,4,0,0,0,0,0,0,0,1,0,0,0,0,0,0,0,Most L1 are actually L2 
AL,2025nytr,qm,84,r3,8067,0,0,0,0,0,0,0,0,1,,{},0,0,0,0,1,0,0,0,0,0,0,0,1,0,0,0,0,0,0,Actually good defense
DD,2025nytr,qm,83,r2,3360,1,0,0,0,0,0,2,0,1,"29.3,9.2,13.9,9.1,21.3","tan,tap,tap,tan,tan",0,0,0,0,0,2,3,1,4,0,1,3,0,0,0,0,0,0,0
LS,2025nytr,qm,83,b1,20,2,0,0,0,0,0,0,0,1,"5.7,13.9,10.9,9.7,11.6,12.4,11.5,6.5,7.1,7.9,9.1,11.5","tc4,tap,tap,tc4,tc4,tc4,tc3,tc3,tc3,tc3,tc2,tc3",4,5,1,0,0,2,0,0,2,0,1,3,0,0,0,0,0,0,0
MW,2025nytr,qm,83,r1,6621,1,0,0,0,1,0,0,0,1,"1.5,8,6.6,7.6,8.5,4.7,4.2,3.9,5.1,4.3,9.7,7.1,6.5,7.2,12.8,6.6,9,6.3","tc4,tc3,tc3,tc3,tc3,tc3,tc2,tc2,tc2,tc2,tc2,tc4,tc4,tc4,tc3,tc2,tc3,tc2",4,7,7,0,2,0,0,0,0,0,1,3,0,0,0,1,0,0,0,Goat
Jp,2025nytr,qm,83,b2,1126,0,0,0,0,0,0,0,0,1,"15.1,14,13.9,21.2,6.9,7.7,14.4","tc4,tc4,tc4,tc4,tc4,tc4,tc3",6,1,0,0,0,0,0,0,0,0,0,3,0,0,0,0,0,0,0
df,2025nytr,qm,83,b3,5149,0,0,0,0,0,0,0,0,1,"14.3,36.4,12.1,37.9,19.9","tc2,tc2,tc3,tc2,tc2",0,1,4,0,2,0,0,0,0,0,0,1,0,0,0,0,0,0,0
AL,2025nytr,qm,83,r3,2869,1,0,0,0,0,0,0,0,0,"14.4,8.4,10.3,15.3,32.7,22.4,10.3","tc4,tc4,tc4,tc3,tc3,tc3,tc3",3,4,0,0,4,0,0,0,0,0,1,3,0,0,0,0,0,0,0
