JS,2025ohcl,qm,1,b3,3193
ML,2025ohcl,qm,1,b1,8243
ACS,2025ohcl,qm,1,b2,4269
RV,2025ohcl,qm,1,r3,1308
np,2025ohcl,qm,1,r1,677
ACS,2025ohcl,qm,2,b2,695
ML,2025ohcl,qm,2,b1,1511
JS,2025ohcl,qm,2,b3,9194
np,2025ohcl,qm,2,r1,2252
ACS,2025ohcl,qm,3,b2,2399
Ay,2025ohcl,qm,3,r2,291
JS,2025ohcl,qm,3,b3,9139
np,2025ohcl,qm,3,r1,4050
ML,2025ohcl,qm,3,b1,8140
Luke,2025ohcl,qm,1,r2,10208
ACS,2025ohcl,qm,4,b2,8222
ML,2025ohcl,qm,4,b1,9643
Ay,2025ohcl,qm,4,r2,7717
JS,2025ohcl,qm,4,b3,9545
RV,2025ohcl,qm,4,r3,4601
np,2025ohcl,qm,4,r1,4611
ACS,2025ohcl,qm,5,b2,1787
Ay,2025ohcl,qm,5,r2,3954
ML,2025ohcl,qm,5,b1,4991
JS,2025ohcl,qm,5,b3,4145
RV,2025ohcl,qm,5,r3,6964
np,2025ohcl,qm,5,r1,8713
Adis,2025ohcl,qm,6,b2,2228
MF,2025ohcl,qm,6,b1,5740
OZ,2025ohcl,qm,6,b3,7165
np,2025ohcl,qm,6,r1,9767
RV,2025ohcl,qm,6,r3,3173
Ay,2025ohcl,qm,6,r2,8145
Luke,2025ohcl,qm,2,r2,3015
MF,2025ohcl,qm,7,b1,3777
RV,2025ohcl,qm,7,r3,2172
Ay,2025ohcl,qm,7,r2,1559
OZ,2025ohcl,qm,7,b3,10582
np,2025ohcl,qm,7,r1,6181
ar,2025ohcl,qm,7,b2,4121
Luke,2025ohcl,qm,2,r3,3484
np,2025ohcl,qm,8,r1,8718
OZ,2025ohcl,qm,8,b3,10207
Ay,2025ohcl,qm,8,r2,128
MF,2025ohcl,qm,8,b1,5413
ar,2025ohcl,qm,8,b2,4085
RV,2025ohcl,qm,8,r3,3260
Ay,2025ohcl,qm,9,r2,9622
RV,2025ohcl,qm,9,r3,2603
MF,2025ohcl,qm,9,b1,8393
np,2025ohcl,qm,9,r1,10303
ar,2025ohcl,qm,9,b2,9653
OZ,2025ohcl,qm,9,b3,120
OZ,2025ohcl,qm,10,b3,3193
RV,2025ohcl,qm,10,r3,1511
Ay,2025ohcl,qm,10,r2,4611
MF,2025ohcl,qm,10,b1,291
ar,2025ohcl,qm,10,b2,1405
np,2025ohcl,qm,10,r1,7885
RH,2025ohcl,qm,11,b3,9194
ML,2025ohcl,qm,11,r1,4269
JS,2025ohcl,qm,11,r3,4601
MF,2025ohcl,qm,11,b1,1787
ar,2025ohcl,qm,11,b2,4050
RH,2025ohcl,qm,12,b3,3173
ar,2025ohcl,qm,12,b2,3954
ACS,2025ohcl,qm,12,r2,9545
ML,2025ohcl,qm,12,r1,695
JS,2025ohcl,qm,12,r3,9139
ar,2025ohcl,qm,13,b2,2228
ACS,2025ohcl,qm,13,r2,10208
MF,2025ohcl,qm,13,b1,7717
RH,2025ohcl,qm,13,b3,2172
ML,2025ohcl,qm,13,r1,6181
JS,2025ohcl,qm,13,r3,3015
Luke,2025ohcl,qm,11,r2,8222
ar,2025ohcl,qm,14,b2,3484
ACS,2025ohcl,qm,14,r2,3777
MF,2025ohcl,qm,14,b1,8713
RH,2025ohcl,qm,14,b3,8243
JS,2025ohcl,qm,14,r3,5740
ML,2025ohcl,qm,14,r1,2252
ar,2025ohcl,qm,15,b2,2399
ACS,2025ohcl,qm,15,r2,4991
JS,2025ohcl,qm,15,r3,7165
RH,2025ohcl,qm,15,b3,8718
MF,2025ohcl,qm,15,b1,8393
ar,2025ohcl,qm,16,b2,3260
ACS,2025ohcl,qm,16,r2,48
RV,2025ohcl,qm,16,b3,5413
np,2025ohcl,qm,16,b1,4121
ML,2025ohcl,qm,16,r1,10303
JS,2025ohcl,qm,16,r3,9767
ML,2025ohcl,qm,17,r1,2603
ACS,2025ohcl,qm,17,r2,4085
RV,2025ohcl,qm,17,b3,9643
np,2025ohcl,qm,17,b1,8140
ar,2025ohcl,qm,17,b2,128
JS,2025ohcl,qm,17,r3,6964
Luke,2025ohcl,qm,15,r1,1308
np,2025ohcl,qm,18,b1,9622
RV,2025ohcl,qm,18,b3,1559
ML,2025ohcl,qm,18,r1,10207
JS,2025ohcl,qm,18,r3,1405
ar,2025ohcl,qm,18,b2,9653
ACS,2025ohcl,qm,18,r2,7885
ay,2025ohcl,qm,19,b2,120
np,2025ohcl,qm,19,b1,677
ML,2025ohcl,qm,19,r1,8145
RV,2025ohcl,qm,19,b3,4611
ACS,2025ohcl,qm,19,r2,10582
JS,2025ohcl,qm,19,r3,2228
ACS,2025ohcl,qm,20,r2,2252
ay,2025ohcl,qm,20,b2,6181
np,2025ohcl,qm,20,b1,291
RV,2025ohcl,qm,20,b3,1511
JS,2025ohcl,qm,20,r3,1787
ML,2025ohcl,qm,20,r1,8713
ACS,2025ohcl,qm,21,r2,10208
ay,2025ohcl,qm,21,b2,7165
ML,2025ohcl,qm,21,r1,4145
RV,2025ohcl,qm,21,b3,3777
np,2025ohcl,qm,21,b1,8393
JS,2025ohcl,qm,21,r3,4601
ay,2025ohcl,qm,22,b2,5740
np,2025ohcl,qm,22,b1,3193
RV,2025ohcl,qm,22,b3,4050
ACS,2025ohcl,qm,22,r2,5413
JS,2025ohcl,qm,22,r3,48
ML,2025ohcl,qm,22,r1,9545
MK,2025ohcl,qm,23,r3,2603
ay,2025ohcl,qm,23,b2,10303
ar,2025ohcl,qm,23,r2,8222
ML,2025ohcl,qm,23,r1,8140
RV,2025ohcl,qm,23,b3,3015
np,2025ohcl,qm,23,b1,8718
ar,2025ohcl,qm,24,r2,7885
np,2025ohcl,qm,24,b1,3260
RV,2025ohcl,qm,24,b3,4085
rh,2025ohcl,qm,24,r1,4121
MK,2025ohcl,qm,24,r3,4991
ay,2025ohcl,qm,24,b2,9139
ay,2025ohcl,qm,25,b2,1559
RV,2025ohcl,qm,25,b3,8243
np,2025ohcl,qm,25,b1,1308
ar,2025ohcl,qm,25,r2,9194
MK,2025ohcl,qm,25,r3,128
rh,2025ohcl,qm,25,r1,120
ML,2025ohcl,qm,26,b1,677
ACS,2025ohcl,qm,26,r1,9622
JS,2025ohcl,qm,26,r3,6964
MF,2025ohcl,qm,26,b2,3484
RV,2025ohcl,qm,26,b3,8145
ACS,2025ohcl,qm,27,b2,10207
ML,2025ohcl,qm,27,b1,695
MF,2025ohcl,qm,27,r1,10582
JS,2025ohcl,qm,27,b3,9643
MK,2025ohcl,qm,27,r2,9767
JS,2025ohcl,qm,27,r3,1405
Luke,2025ohcl,qm,26,r2,2172
ACS,2025ohcl,qm,28,b2,4269
MF,2025ohcl,qm,28,r1,3173
JS,2025ohcl,qm,28,b3,3954
OZ,2025ohcl,qm,28,r3,2399
MK,2025ohcl,qm,28,r2,9653
ML,2025ohcl,qm,28,b1,7717
ACS,2025ohcl,qm,29,b2,4601
MF,2025ohcl,qm,29,r1,6181
ML,2025ohcl,qm,29,b1,8393
MK,2025ohcl,qm,29,r2,3193
OZ,2025ohcl,qm,29,r3,2252
JS,2025ohcl,qm,29,b3,10303
MF,2025ohcl,qm,30,r1,8222
OZ,2025ohcl,qm,30,r3,2228
MK,2025ohcl,qm,30,r2,1787
ACS,2025ohcl,qm,30,b2,1511
ML,2025ohcl,qm,30,b1,48
ACS,2025ohcl,qm,31,b2,2603
rh,2025ohcl,qm,31,r2,4145
OZ,2025ohcl,qm,31,b3,1559
NP,2025ohcl,qm,31,r1,291
RV,2025ohcl,qm,31,r3,5740
ML,2025ohcl,qm,31,b1,10208
ay,2025ohcl,qm,32,r2,8140
RV,2025ohcl,qm,32,r3,8718
ACS,2025ohcl,qm,32,b2,7885
NP,2025ohcl,qm,32,r1,3484
rh,2025ohcl,qm,32,b3,3260
ML,2025ohcl,qm,32,b1,120
rh,2025ohcl,qm,33,b3,695
Mf,2025ohcl,qm,33,b1,9767
AR,2025ohcl,qm,33,b2,4991
ay,2025ohcl,qm,33,r2,3777
RV,2025ohcl,qm,33,r3,677
NP,2025ohcl,qm,33,r1,4050
ay,2025ohcl,qm,34,r2,5413
rh,2025ohcl,qm,34,b3,7165
RV,2025ohcl,qm,34,r3,10582
NP,2025ohcl,qm,34,r1,3954
AR,2025ohcl,qm,34,b2,4269
Mf,2025ohcl,qm,34,b1,8145
ay,2025ohcl,qm,35,r2,9653
RV,2025ohcl,qm,35,r3,9139
Mf,2025ohcl,qm,35,b1,9194
NP,2025ohcl,qm,35,r1,128
AR,2025ohcl,qm,35,b2,2172
rh,2025ohcl,qm,35,b3,9545
AR,2025ohcl,qm,36,b2,2399
Mf,2025ohcl,qm,36,b1,6964
ay,2025ohcl,qm,36,r2,4121
rh,2025ohcl,qm,36,b3,8243
RV,2025ohcl,qm,36,r3,4611
NP,2025ohcl,qm,36,r1,10207
Luke,2025ohcl,qm,30,b3,4085
ay,2025ohcl,qm,37,r2,3015
rh,2025ohcl,qm,37,b3,1308
AR,2025ohcl,qm,37,b2,8713
RV,2025ohcl,qm,37,r3,9643
NP,2025ohcl,qm,37,r1,1405
AR,2025ohcl,qm,38,b2,5740
ay,2025ohcl,qm,38,r2,8718
RV,2025ohcl,qm,38,r3,291
rh,2025ohcl,qm,38,b3,9622
Mf,2025ohcl,qm,38,b1,1511
NP,2025ohcl,qm,38,r1,7717
ay,2025ohcl,qm,39,r2,695
RV,2025ohcl,qm,39,r3,1559
rh,2025ohcl,qm,39,b3,6181
AR,2025ohcl,qm,39,b2,8393
Mf,2025ohcl,qm,39,b1,48
NP,2025ohcl,qm,39,r1,120
ay,2025ohcl,qm,40,r2,1787
AR,2025ohcl,qm,40,b2,3260
RV,2025ohcl,qm,40,r3,4269
Mf,2025ohcl,qm,40,b1,8140
NP,2025ohcl,qm,40,r1,10582
OZ,2025ohcl,qm,41,b3,8145
ay,2025ohcl,qm,41,r2,8222
JS,2025ohcl,qm,41,r3,9653
AR,2025ohcl,qm,41,b2,3777
Mf,2025ohcl,qm,41,b1,10208
ML,2025ohcl,qm,41,r1,4085
OZ,2025ohcl,qm,42,b3,2228
ML,2025ohcl,qm,42,r1,10303
AR,2025ohcl,qm,42,b2,6964
ACS,2025ohcl,qm,42,r2,9545
Mf,2025ohcl,qm,42,b1,4991
JS,2025ohcl,qm,42,r3,8243
OZ,2025ohcl,qm,43,b3,5413
ACS,2025ohcl,qm,43,r2,4121
AR,2025ohcl,qm,43,b2,3173
Mf,2025ohcl,qm,43,b1,128
ML,2025ohcl,qm,43,r1,4145
JS,2025ohcl,qm,43,r3,1405
ACS,2025ohcl,qm,44,r2,2603
OZ,2025ohcl,qm,44,b3,9767
JS,2025ohcl,qm,44,r3,3484
AR,2025ohcl,qm,44,b2,7717
Mf,2025ohcl,qm,45,b1,
ML,2025ohcl,qm,44,r1,4611
ACS,2025ohcl,qm,45,r2,1308
AR,2025ohcl,qm,45,b2,10207
RV,2025ohcl,qm,45,b3,4050
ML,2025ohcl,qm,45,r1,2172
JS,2025ohcl,qm,45,r3,3015
ACS,2025ohcl,qm,46,r2,677
JS,2025ohcl,qm,46,r3,9622
Ay,2025ohcl,qm,46,b2,2252
RV,2025ohcl,qm,46,b3,4601
NP,2025ohcl,qm,46,b1,9643
ML,2025ohcl,qm,46,r1,2399
ACS,2025ohcl,qm,47,r2,7165
Ay,2025ohcl,qm,47,b2,8713
RV,2025ohcl,qm,47,b3,8222
JS,2025ohcl,qm,47,r3,3193
NP,2025ohcl,qm,47,b1,9194
ML,2025ohcl,qm,47,r1,7885
AY,2025ohcl,qm,48,b2,6181
ACS,2025ohcl,qm,48,r2,3260
NP,2025ohcl,qm,48,b1,6964
ML,2025ohcl,qm,48,r1,291
JS,2025ohcl,qm,48,r3,10208
ACS,2025ohcl,qm,49,r2,8718
NP,2025ohcl,qm,49,b1,4121
RV,2025ohcl,qm,49,b3,1787
ML,2025ohcl,qm,49,r1,9653
JS,2025ohcl,qm,49,r3,8145
AY,2025ohcl,qm,49,b2,695
Luke,2025ohcl,qm,40,b3,3193
JS,2025ohcl,qm,50,r3,8140
AY,2025ohcl,qm,50,b2,9139
ACS,2025ohcl,qm,50,r2,8393
NP,2025ohcl,qm,50,b1,2228
RV,2025ohcl,qm,50,b3,3777
ML,2025ohcl,qm,50,r1,1405
RV,2025ohcl,qm,51,b3,4269
AY,2025ohcl,qm,51,b2,48
OZ,2025ohcl,qm,51,r3,3484
NP,2025ohcl,qm,51,b1,2228
ACS,2025ohcl,qm,51,r2,9767
AY,2025ohcl,qm,52,b2,3173
rh,2025ohcl,qm,52,r1,8243
RV,2025ohcl,qm,52,b3,2603
OZ,2025ohcl,qm,52,r3,5413
NP,2025ohcl,qm,52,b1,4601
AR,2025ohcl,qm,52,r2,1511
Luke,2025ohcl,qm,48,b3,120
ay,2025ohcl,qm,53,b2,1559
OZ,2025ohcl,qm,53,r3,4050
Rh,2025ohcl,qm,53,r1,7717
RV,2025ohcl,qm,53,b3,2252
Ar,2025ohcl,qm,53,r2,7165
Ar,2025ohcl,qm,54,r2,9643
ay,2025ohcl,qm,54,b2,10303
OZ,2025ohcl,qm,54,r3,1308
Rh,2025ohcl,qm,54,r1,5740
ML,2025ohcl,qm,54,b1,7885
RV,2025ohcl,qm,54,b3,2172
Ar,2025ohcl,qm,55,r2,3954
Rh,2025ohcl,qm,55,r1,4611
OZ,2025ohcl,qm,55,r3,4991
 ,2025ohcl,qm,55,b1,9194
RV,2025ohcl,qm,55,b3,9622
ACS,2025ohcl,qm,56,b2,4085
Ar,2025ohcl,qm,56,r2,4145
ML,2025ohcl,qm,56,b1,10582
MF,2025ohcl,qm,56,r1,2399
OZ,2025ohcl,qm,56,r3,8713
JS,2025ohcl,qm,56,b3,677
ACS,2025ohcl,qm,57,b2,291
Ar,2025ohcl,qm,57,r2,2228
OZ,2025ohcl,qm,57,r3,4121
JS,2025ohcl,qm,57,b3,3484
MF,2025ohcl,qm,57,r1,8393
ML,2025ohcl,qm,57,b1,4269
JS,2025ohcl,qm,58,b3,9653
OZ,2025ohcl,qm,58,r3,1511
Ar,2025ohcl,qm,58,r2,6964
MF,2025ohcl,qm,58,r1,8222
ACS,2025ohcl,qm,58,b2,9767
ML,2025ohcl,qm,58,b1,5413
Ar,2025ohcl,qm,59,r2,9545
ACS,2025ohcl,qm,59,b2,1405
OZ,2025ohcl,qm,59,r3,1787
MF,2025ohcl,qm,59,r1,7165
JS,2025ohcl,qm,59,b3,120
ML,2025ohcl,qm,59,b1,9139
ACS,2025ohcl,qm,60,b2,4050
MF,2025ohcl,qm,60,r1,8718
Ar,2025ohcl,qm,60,r2,9643
ML,2025ohcl,qm,60,b1,8243
JS,2025ohcl,qm,60,b3,6181
ACS,2025ohcl,qm,61,b2,10303
JS,2025ohcl,qm,61,b3,4611
Np,2025ohcl,qm,61,r1,3173
rh,2025ohcl,qm,53,r1,3173
ML,2025ohcl,qm,61,b1,10208
ML,2025ohcl,qm,62,b1,2172
ACS,2025ohcl,qm,62,b2,8145
RV,2025ohcl,qm,62,r1,2399
JS,2025ohcl,qm,62,b3,4145
RV,2025ohcl,qm,63,r1,3260
Np,2025ohcl,qm,63,r3,3954
ACS,2025ohcl,qm,63,b2,677
ML,2025ohcl,qm,63,b1,2603
JS,2025ohcl,qm,63,b3,8713
JS,2025ohcl,qm,64,b3,7717
RV,2025ohcl,qm,64,r1,4991
ay,2025ohcl,qm,64,r2,8140
ACS,2025ohcl,qm,64,b2,2252
Np,2025ohcl,qm,64,r3,3777
ML,2025ohcl,qm,64,b1,1308
Luke,2025ohcl,qm,60,r3,7885
ay,2025ohcl,qm,65,r2,5740
ACS,2025ohcl,qm,65,b2,9622
JS,2025ohcl,qm,65,b3,695
Np,2025ohcl,qm,65,r3,128
ML,2025ohcl,qm,65,b1,4601
RV,2025ohcl,qm,65,r1,4085
JS,2025ohcl,qm,61,r2,10207
ay,2025ohcl,qm,66,r2,7885
RV,2025ohcl,qm,66,r1,10582
OZ,2025ohcl,qm,66,b3,9545
Ar,2025ohcl,qm,66,b2,6964
Np,2025ohcl,qm,66,r3,8393
Rh,2025ohcl,qm,66,b1,3015
Luke,2025ohcl,qm,61,r3,1559
Luke,2025ohcl,qm,62,r2,3193
JS,2025ohcl,qm,62,r3,48
JS,2025ohcl,qm,63,r2,9194
ay,2025ohcl,qm,67,r2,4611
NP,2025ohcl,qm,67,b1,5413
NP,2025ohcl,qm,67,r1,1787
RV,2025ohcl,qm,67,r3,6181
OZ,2025ohcl,qm,67,b3,7165
AR,2025ohcl,qm,68,b2,4269
NP,2025ohcl,qm,68,b1,1559
OZ,2025ohcl,qm,68,b3,10303
NP,2025ohcl,qm,68,r1,1511
ay,2025ohcl,qm,68,r2,8145
OZ,2025ohcl,qm,69,b3,8718
AR,2025ohcl,qm,69,b2,3173
NP,2025ohcl,qm,69,b1,10208
RV,2025ohcl,qm,69,r3,677
NP,2025ohcl,qm,69,r1,48
ay,2025ohcl,qm,69,r2,9194
ay,2025ohcl,qm,70,r2,7717
RV,2025ohcl,qm,70,r3,3260
mf,2025ohcl,qm,70,b1,2252
OZ,2025ohcl,qm,70,b3,8222
NP,2025ohcl,qm,70,r1,10207
AR,2025ohcl,qm,70,b2,4145
ML,2025ohcl,qm,71,r1,8713
ACS,2025ohcl,qm,71,r2,120
mf,2025ohcl,qm,71,b1,2172
AR,2025ohcl,qm,71,b2,4601
OZ,2025ohcl,qm,71,b3,4121
JS,2025ohcl,qm,71,r3,8140
ACS,2025ohcl,qm,72,r2,5740
ML,2025ohcl,qm,72,r1,695
JS,2025ohcl,qm,72,r3,9653
mf,2025ohcl,qm,72,b1,2228
AR,2025ohcl,qm,72,b2,1308
OZ,2025ohcl,qm,72,b3,2399
ML,2025ohcl,qm,73,r1,3193
ACS,2025ohcl,qm,73,r2,4085
mf,2025ohcl,qm,73,b1,3015
AR,2025ohcl,qm,73,b2,8243
OZ,2025ohcl,qm,73,b3,9767
JS,2025ohcl,qm,73,r3,9622
ACS,2025ohcl,qm,74,r2,10582
ML,2025ohcl,qm,74,r1,9643
JS,2025ohcl,qm,74,r3,291
OZ,2025ohcl,qm,74,b3,128
AR,2025ohcl,qm,74,b2,3954
mf,2025ohcl,qm,74,b1,3777
OZ,2025ohcl,qm,75,b3,8145
AR,2025ohcl,qm,75,b2,1405
mf,2025ohcl,qm,75,b1,2603
ML,2025ohcl,qm,75,r1,4991
ACS,2025ohcl,qm,75,r2,4050
JS,2025ohcl,qm,75,r3,10208
AR,2025ohcl,qm,76,b2,4611
JS,2025ohcl,qm,76,r3,4269
RV,2025ohcl,qm,76,b3,4145
ML,2025ohcl,qm,76,r1,2252
NP,2025ohcl,qm,76,b1,1559
ACS,2025ohcl,qm,76,r2,8718
Ay,2025ohcl,qm,77,b2,8140
JS,2025ohcl,qm,77,r3,10207
ACS,2025ohcl,qm,77,r2,6181
ML,2025ohcl,qm,77,r1,677
RV,2025ohcl,qm,77,b3,9545
NP,2025ohcl,qm,77,b1,1511
Ay,2025ohcl,qm,78,b2,1787
ACS,2025ohcl,qm,78,r2,9194
ML,2025ohcl,qm,78,r1,5740
NP,2025ohcl,qm,78,b1,3260
RV,2025ohcl,qm,78,b3,8393
JS,2025ohcl,qm,78,r3,2399
Ay,2025ohcl,qm,79,b2,48
ACS,2025ohcl,qm,79,r2,5413
RV,2025ohcl,qm,79,b3,8713
NP,2025ohcl,qm,79,b1,695
ML,2025ohcl,qm,79,r1,9622
JS,2025ohcl,qm,79,r3,7717
Ay,2025ohcl,qm,80,b2,291
ACS,2025ohcl,qm,80,r2,8243
NP,2025ohcl,qm,80,b1,9653
RV,2025ohcl,qm,80,b3,3015
JS,2025ohcl,qm,80,r3,9643
ML,2025ohcl,qm,80,r1,7165
Mf,2025ohcl,qm,81,r1,9139
RV,2025ohcl,qm,81,b3,10582
ACS,2025ohcl,qm,81,r2,2603
OZ,2025ohcl,qm,81,r3,4121
NP,2025ohcl,qm,81,b1,8222
Ay,2025ohcl,qm,82,b2,9767
Mf,2025ohcl,qm,82,r1,4601
ACS,2025ohcl,qm,82,r2,128
OZ,2025ohcl,qm,82,r3,4991
ER,2025ohcl,qm,81,b2,1308
NP,2025ohcl,qm,82,b1,2228
RV,2025ohcl,qm,82,b3,7885
Mf,2025ohcl,qm,83,r1,3484
ACS,2025ohcl,qm,83,r2,2172
OZ,2025ohcl,qm,83,r3,3954
NP,2025ohcl,qm,83,b1,1405
RV,2025ohcl,qm,83,b3,4085
Ay,2025ohcl,qm,83,b2,10303
Ay,2025ohcl,qm,84,b2,3173
NP,2025ohcl,qm,84,b1,6964
OZ,2025ohcl,qm,84,r3,3777
RV,2025ohcl,qm,84,b3,4050
ACS,2025ohcl,qm,84,r2,3193
Mf,2025ohcl,qm,84,r1,120
Ay,2025ohcl,qm,85,b2,677
OZ,2025ohcl,qm,85,r3,7717
ACS,2025ohcl,qm,85,r2,8393
Mf,2025ohcl,qm,85,r1,1559
RV,2025ohcl,qm,85,b3,5413
NP,2025ohcl,qm,85,b1,1787
JS,2025ohcl,qm,86,b3,1511
OZ,2025ohcl,qm,86,r3,8140
ACS,2025ohcl,qm,86,r2,8243
Mf,2025ohcl,qm,86,r1,8145
ACS,2025ohcl,qm,86,b2,9643
NP,2025ohcl,qm,86,b1,4145
ACS,2025ohcl,qm,87,b2,6181
OZ,2025ohcl,qm,87,r3,10207
ACS,2025ohcl,qm,87,r2,9139
Mf,2025ohcl,qm,87,r1,4269
NP,2025ohcl,qm,87,b1,8713
JS,2025ohcl,qm,87,b3,5740
OZ,2025ohcl,qm,88,r3,2228
ACS,2025ohcl,qm,88,r2,10208
Mf,2025ohcl,qm,88,r1,9545
ACS,2025ohcl,qm,88,b2,9622
NP,2025ohcl,qm,88,b1,4121
JS,2025ohcl,qm,88,b3,2252
Mf,2025ohcl,qm,89,r1,3260
ACS,2025ohcl,qm,89,r2,2603
OZ,2025ohcl,qm,89,r3,695
ACS,2025ohcl,qm,89,b2,2172
NP,2025ohcl,qm,89,b1,7165
JS,2025ohcl,qm,89,b3,4611
ACS,2025ohcl,qm,90,b2,4991
OZ,2025ohcl,qm,90,r3,3173
ACS,2025ohcl,qm,90,r2,120
Mf,2025ohcl,qm,90,r1,3484
NP,2025ohcl,qm,90,b1,3193
JS,2025ohcl,qm,90,b3,8222
JS,2025ohcl,qm,91,b3,7885
JS,2025ohcl,qm,92,b3,291
JS,2025ohcl,qm,93,b3,48
JS,2025ohcl,qm,94,b3,10208
ay,2025ohcl,qm,91,r2,2399
ay,2025ohcl,qm,92,r2,1308
ay,2025ohcl,qm,93,r2,4601
cd,2025ohcl,qm,94,r2,8713
ML,2025ohcl,qm,91,b1,128
ML,2025ohcl,qm,92,b1,9767
ML,2025ohcl,qm,93,b1,8718
ML,2025ohcl,qm,94,b1,3954
Mf,2025ohcl,qm,91,r1,3777
Np,2025ohcl,qm,92,r1,4085
Np,2025ohcl,qm,93,r1,9653
Np,2025ohcl,qm,94,r1,4050
ACS,2025ohcl,qm,91,b2,3015
ACS,2025ohcl,qm,92,b2,6964
RV,2025ohcl,qm,91,r3,10303
RV,2025ohcl,qm,92,r3,9194
RV,2025ohcl,qm,93,r3,1405
RV,2025ohcl,qm,94,r3,8393
cd,2025ohcl,sf,1,r2,9545
Np,2025ohcl,sf,1,r1,3173
ACS,2025ohcl,sf,1,b2,6181
ML,2025ohcl,sf,1,b1,48
RV,2025ohcl,sf,1,r3,9545
JS,2025ohcl,sf,1,b3,8713
JS,2025ohcl,sf,2,b3,2603
ACS,2025ohcl,sf,2,b2,1511
cd,2025ohcl,sf,2,r2,2228
Np,2025ohcl,sf,2,r1,4991
RV,2025ohcl,sf,2,r3,5740
ML,2025ohcl,sf,2,b1,2399
ACS,2025ohcl,sf,3,b2,1308
JS,2025ohcl,sf,3,b3,2172
cd,2025ohcl,sf,3,r2,7165
ML,2025ohcl,sf,3,b1,6964
Np,2025ohcl,sf,3,r1,3015
RV,2025ohcl,sf,3,r3,4145
ACS,2025ohcl,sf,4,b2,4121
mf,2025ohcl,sf,4,r1,695
ar,2025ohcl,sf,4,r2,1787
OZ,2025ohcl,sf,4,r3,1559
JS,2025ohcl,sf,4,b3,1405
ML,2025ohcl,sf,4,b1,2252
JS,2025ohcl,sf,5,b3,2603
ACS,2025ohcl,sf,5,b2,1511
ML,2025ohcl,sf,5,b1,2399
OZ,2025ohcl,sf,5,r3,8713
ar,2025ohcl,sf,5,r2,6181
mf,2025ohcl,sf,5,r1,48
JS,2025ohcl,sf,6,b3,1559
ACS,2025ohcl,sf,6,b2,1787
ML,2025ohcl,sf,6,b1,695
OZ,2025ohcl,sf,6,r3,2172
mf,2025ohcl,sf,6,r1,6964
mf,2025ohcl,sf,7,r1,3173
ML,2025ohcl,sf,7,b1,4991
ACS,2025ohcl,sf,7,b2,2228
ar,2025ohcl,sf,7,r2,9545
RV,2025ohcl,sf,7,b3,5740
JS,2025ohcl,sf,7,r3,4611
JS,2025ohcl,sf,8,r3,1405
Np,2025ohcl,sf,8,b1,3015
ACS,2025ohcl,sf,8,b2,4121
RV,2025ohcl,sf,8,b3,1405
ACS,2025ohcl,sf,8,r2,7165
ml,2025ohcl,sf,8,r1,3015
ACS,2025ohcl,sf,9,r2,2228
ay,2025ohcl,sf,9,b2,1787
JS,2025ohcl,sf,9,r3,5740
ML,2025ohcl,sf,9,r1,4991
Np,2025ohcl,sf,9,b1,695
RV,2025ohcl,sf,9,b3,1559
ACS,2025ohcl,sf,10,r2,4121
JS,2025ohcl,sf,10,r3,1405
ay,2025ohcl,sf,10,b2,48
ML,2025ohcl,sf,10,r1,2522
RV,2025ohcl,sf,10,b3,2603
Np,2025ohcl,sf,10,b1,2399
Np,2025ohcl,sf,11,b1,2399
JS,2025ohcl,sf,11,r3,4611
ay,2025ohcl,sf,11,b2,7165
RV,2025ohcl,sf,11,b3,4145
ML,2025ohcl,sf,11,r1,3173
ACS,2025ohcl,sf,11,r2,9545
ay,2025ohcl,sf,12,b2,1787
ACS,2025ohcl,sf,12,r2,1511
JS,2025ohcl,sf,13,r3,2603
Np,2025ohcl,sf,12,b1,48
RV,2025ohcl,sf,12,b3,1559
ay,2025ohcl,qm,13,b2,695
JS,2025ohcl,sf,13,r3,7165
ACS,2025ohcl,sf,13,r2,48
RV,2025ohcl,sf,13,b3,1559
Np,2025ohcl,sf,13,b1,1787
