Scouter Name,Event,Match Level,Match #,Robot,Team #,Auto Coral Level 4,Auto Coral Level 3,Auto Coral Level 2,Auto Coral Level 1,Auto Algae Processor,Auto Algae Net,Leave,Cycle Timer,Cycle Type,Teleop Coral Level 4,Teleop Coral Level 3,Teleop Coral Level 2,Teleop Coral Level 1,Teleop Algae Processor,Teleop Algae Net,Teleop Algae Removed From Reef,Pickup From Floor,Pickup From Coral Station,Endgame State,Played Defense,Was Defended,Died,Tippy,Yellow Card,Red Card,Egregiously Bad Event,Comment
ER,2025nyro,qm,1,b1,8243,0,0,0,1,0,0,1,"20.1,9.9,10.1,8.8,13.2,9,14.6,9.3,7.5,10.1","tc1,tc1,tc1,tc1,tc1,tc1,tc1,tc1,tc1,tc1",0,0,0,10,0,0,0,0,1,0,0,0,0,0,0,0,1,"see,s like battery died at the end of the match"
RV,2025nyro,qm,2,b2,20,0,0,0,0,0,0,0,"13.4,10.3,10.4,17.5,10.5,9.4,13.9,14.6,14.7","tc4,tc4,tc4,tc4,tc4,tc4,tc4,tc4,tc4",9,0,0,0,0,0,1,0,1,1,0,0,0,0,0,0,0
RV,2025nyro,qm,1,b2,1518,0,0,0,0,0,0,0,"25,25.6","tap,tap",0,0,0,0,2,0,4,0,0,1,0,0,0,0,0,0,0,no auto
np,2025nyro,qm,2,r3,6621,0,0,0,0,0,0,1,"61.3,20.5,34.5","tc3,tc3,tc4",1,2,0,0,0,0,0,0,1,3,0,0,0,0,0,0,0
np,2025nyro,qm,1,r3,1559,0,0,0,0,0,0,0,,{},0,0,0,0,0,0,0,0,0,3,1,0,0,0,0,0,0
er,2025nyro,qm,2,b1,3181,0,0,0,0,0,0,1,25.8,tc4,1,0,0,0,0,0,0,0,1,1,1,0,0,0,0,0,1,attempted l4 in auto and missed rodot broke had to defend taxied the returned to starting position
eg,2025nyro,qm,1,b3,340,3,0,0,0,0,0,1,"4.1,5.2,13,3.7,5,4.5,8.6,9.2,5.1,35.8,0.3,0.4,7.4","tc4,tc4,tc3,tc3,tc3,tc3,tc3,tc2,tc2,tc1,tc1,tc1,tc4",3,5,2,3,0,0,3,0,1,3,0,0,0,0,0,0,0
eg,2025nyro,qm,2,b3,533,0,0,0,0,0,0,0,,{},0,0,0,0,0,0,0,0,0,0,0,0,1,0,0,0,0
DD,2025nyro,qm,1,r2,1511,0,0,0,0,0,0,1,"9.2,37.7,9.8,15.1","tap,tc4,tap,tc4",2,0,0,0,2,0,4,0,1,0,0,0,1,0,0,0,0
er,2025nyro,qm,3,b1,2340,0,0,0,0,0,0,1,,{},0,0,0,0,0,0,0,0,0,1,0,0,0,0,0,0,1,un known issue could not eject coral and had driving issues
DD,2025nyro,qm,3,r2,271,0,0,0,0,0,0,1,18.9,tap,0,0,0,0,1,0,2,0,0,0,0,0,0,0,0,0,0
jp,2025nyro,qm,3,r1,250,0,0,0,0,0,0,0,,{},0,0,0,0,0,0,0,0,0,1,1,0,0,0,0,0,0,could not see their auto cause I was being talked to
RV,2025nyro,qm,3,b2,3173,2,0,0,0,0,0,0,"6.3,7.6,8.9,8,6.2,10,9.5,8.5,6.6,10.1,12.7,9.7,8.3","tc4,tc4,tc4,tap,tap,tc1,tc1,tc1,tc3,tc4,tc4,tc4,tc4",7,1,0,3,2,0,1,0,1,3,0,1,0,0,0,0,0
ZS,2025nyro,qm,3,r3,695,1,0,0,0,0,0,1,"7.4,9.6,3.7,5.9,10.6,11.1,9.5,8.7,7.8,12,9.5","tc4,tc4,tc4,tc4,tc4,tc4,tc4,tc4,tc4,tc4,tc4",11,0,0,0,0,0,0,0,1,1,0,1,0,0,0,0,1,Got algae stuck under bot. eventually popped
eg,2025nyro,qm,3,b3,9622,0,0,0,0,0,0,1,,{},0,0,0,0,0,0,0,0,0,1,1,0,0,0,0,0,0
jp,2025nyro,qm,1,r1,8140,0,0,0,0,0,0,0,"33.8,23.1","tc2,tc2",0,0,2,0,0,0,0,0,0,1,0,0,0,0,0,0,0,kit bot
DD,2025nyro,qm,4,r2,5881,0,0,0,0,0,0,1,110.6,tc2,0,0,1,0,0,0,0,0,1,2,0,0,0,0,0,0,0
JS,2025nyro,qm,4,b2,7903,0,0,0,0,0,0,1,,{},0,0,0,0,0,0,0,0,0,0,1,0,0,0,0,0,0
jp,2025nyro,qm,4,r1,3044,2,0,0,0,0,0,1,"12.7,20.6,20.6,10.4,35.9,18.4,9.4","tc4,tc4,tc4,tc4,tc4,tc4,tc4",7,0,0,0,0,0,0,0,0,1,0,0,0,0,0,0,0
AC,2025nyro,qm,4,b1,2791,0,0,0,0,0,0,1,,{},0,0,0,0,0,0,0,0,1,0,0,0,0,0,0,0,0
cc,2025nyro,qm,4,b3,3003,1,0,0,0,0,0,1,"14.3,13.7,18.7,11,17.8,8.8,11.5,23.6","tc4,tc4,tc1,tc4,tc4,tc4,tan,tc3",5,1,0,1,0,1,1,0,1,0,0,0,1,0,0,0,0,last 20 second got caught on top of algae
ZS,2025nyro,qm,4,r3,3171,0,0,0,0,0,0,1,"2.7,17.1,30.4","tc4,tc4,tc1",2,0,0,1,0,0,0,0,1,0,0,0,1,0,0,0,0
jp,2025nyro,qm,5,r1,1591,1,0,0,0,0,0,1,"28,16.9,9.7,12.4,19.6,8.9","tc4,tc4,tc4,tc4,tc4,tc4",6,0,0,0,0,0,0,0,0,3,0,0,0,0,0,0,0
cc,2025nyro,qm,5,b3,1126,0,0,0,0,0,0,1,"26.3,57.9,6.2","tc1,tc4,tc4",2,0,0,1,0,0,0,0,1,1,0,1,0,0,0,0,0
ZS,2025nyro,qm,5,r3,1585,0,0,0,0,0,0,1,"84.2,28.7","tc3,tc3",0,2,0,0,0,0,1,0,1,1,0,0,0,0,0,0,0
DD,2025nyro,qm,5,r2,6911,0,0,0,0,0,0,1,,{},0,0,0,0,0,0,0,0,0,1,1,0,0,0,0,0,0
JS,2025nyro,qm,5,b2,2614,0,0,0,0,0,0,1,"0.1,5.9,9.5,40.5,23.1,32.7","tc1,tc4,tc3,tc3,tc4,tc4",3,2,0,1,0,0,0,0,1,0,0,1,0,0,0,0,0
AC,2025nyro,qm,5,b1,3951,0,0,1,0,0,0,1,"8.1,47.8","tap,tan",0,0,0,0,1,1,4,0,0,2,0,0,0,0,0,0,0
jp,2025nyro,qm,6,r1,2228,0,0,0,0,0,0,1,"56.8,11.9,10.2,15.2","tap,tan,tan,tan",0,0,0,0,1,3,2,0,0,3,0,0,0,0,0,0,0,great algae robot
ZS,2025nyro,qm,6,r3,3015,3,0,0,0,0,0,1,"5.9,16.3,23.1,7.7,10.9,5.9,12.5,0.5,3,9.8,11.4,6.4","tc4,tc3,tc3,tc3,tc3,tc3,tc2,tc2,tc2,tc2,tc4,tc4",3,5,4,0,0,0,1,0,0,3,0,0,0,0,0,0,0
JS,2025nyro,qm,6,b2,191,0,0,0,0,0,0,1,"0.1,4.1,9.3,9.1,9.1,27.8,10.2","tc1,tc4,tc4,tap,tap,tc3,tc3",2,2,0,1,2,0,2,0,0,3,0,0,0,0,0,0,0
AC,2025nyro,qm,6,b1,9643,0,0,0,0,0,0,1,"9.8,23.8","tc1,tc1",0,0,0,2,0,0,0,0,1,1,0,0,0,0,0,0,0
cc,2025nyro,qm,6,b3,2252,1,0,0,0,0,0,1,"13.8,5.9,14.9,11.9,8.3,8.5,20.2,15.5,39.9","tc4,tc4,tap,tc3,tc3,tc3,tc3,tc3,tc1",2,5,0,1,1,0,1,0,1,1,0,0,0,0,0,0,0
DD,2025nyro,qm,6,r2,424,0,0,0,0,0,0,1,"0.1,0.6,2,1.1","tc2,tc1,tc1,tan",0,0,1,2,0,1,1,0,1,3,0,0,0,0,0,0,0
jp,2025nyro,qm,7,r1,10223,0,0,0,1,0,0,1,"16.8,10.7,14.2,17.8,12,25.8","tc1,tc1,tc1,tc1,tc1,tc1",0,0,0,6,0,0,0,0,0,3,0,0,0,0,0,0,0,modded kit robot
CD,2025nyro,qm,7,r2,1787,1,0,0,0,0,0,0,,{},0,0,0,0,0,0,0,0,0,1,0,0,1,0,0,0,0
ER,2025nyro,qm,7,b1,378,0,1,0,0,0,0,1,"36,12.7,33.9,14,17.3","tap,tc1,tc3,tap,tc1",0,1,0,2,2,0,0,0,0,1,0,0,0,0,0,0,0,removed alge during auto
RV,2025nyro,qm,7,b2,639,0,0,0,0,0,0,0,"27,53.6,29","tc4,tc4,tc4",3,0,0,0,0,0,0,0,1,1,0,0,0,0,0,0,0
eg,2025nyro,qm,7,b3,2010,0,0,0,1,0,0,1,"23,11.1,16.3,19.7,16.8","tan,tan,tan,tan,tc4",1,0,0,0,0,4,4,0,1,1,0,0,0,0,0,0,0
ZS,2025nyro,qm,7,r3,3838,0,0,0,0,0,0,1,"10.9,13.8,22.4","tc4,tc4,tc4",3,0,0,0,0,0,1,0,1,2,0,0,0,1,0,0,1,got coral stuck in chassis
CD,2025nyro,qm,8,r2,3799,0,0,0,0,0,0,0,12.2,tc1,0,0,0,1,0,0,1,0,1,1,0,0,0,1,0,0,0
jp,2025nyro,qm,8,r1,229,0,0,0,0,0,0,1,,{},0,0,0,0,0,0,0,0,0,0,1,0,0,0,0,0,0
eg,2025nyro,qm,8,b3,5590,0,0,0,0,0,0,1,101.9,tc4,1,0,0,0,0,0,0,0,1,0,0,0,0,0,0,0,1,can't really intake/bad driver
RV,2025nyro,qm,8,b2,564,0,0,0,0,0,0,0,,{},0,0,0,0,0,0,0,0,1,1,0,0,0,0,0,0,1,they got coral but could not score and seemed to have bad control of robot
" ""ZS",2025nyro,qm,8,r3,8393,0,0,0,0,0,0,1,"24.2,10.4,45.9,8.2,12.2,16.9","tc3,tc3,tap,tap,tc2,tap",0,2,1,0,3,0,2,1,0,0,0,0,0,0,0,0,0
ER,2025nyro,qm,8,b1,6868,0,0,0,0,0,0,1,"0.1,34.9,52.5,19.9","tc4,tap,tc4,tc4",3,0,0,0,1,0,4,0,1,0,0,0,0,0,0,0,0
eg,2025nyro,qm,9,b3,7165,0,0,0,0,0,0,1,"19,7.9,85.8,14.6","tc3,tc3,tc2,tc1",0,2,1,1,0,0,1,0,1,1,1,0,0,0,0,0,0
np,2025nyro,qm,9,r3,578,0,0,0,0,0,0,1,"46.5,5.3,14.3,14.4,9.2,7,10.8","tc4,tc4,tc3,tc3,tc2,tc2,tc4",3,2,2,0,0,0,0,0,1,1,0,0,0,0,0,0,0
ER,2025nyro,qm,9,b1,1405,0,0,0,0,0,0,1,"0.1,0.4,9.1,8.9,11.8,8.5,11.5,6.5,11.6","tc3,tc3,tc3,tc3,tc3,tc2,tc2,tc4,tc4",2,5,2,0,0,0,1,0,1,1,0,0,0,1,0,0,0,attempted l4auto and missed
CD,2025nyro,qm,9,r2,1507,1,0,0,0,0,0,1,"6.9,10,9.8,20.3,18.5,15.6,8,7.5,12.3","tc4,tc4,tc4,tc4,tc3,tc3,tc2,tc2,tc4",5,2,2,0,0,0,0,0,1,3,0,0,0,1,0,0,0
jp,2025nyro,qm,9,r1,1308,0,0,0,0,0,0,1,"23.4,53.9,31.6,16.9","tap,tap,tap,tap",0,0,0,0,4,0,4,1,0,1,0,0,0,0,0,0,0,picks up algae from ground
RV,2025nyro,qm,9,b2,4611,2,0,0,0,0,0,0,"16.1,9.2,27.6,11.8,7.8,13.5,9.6,16.6","tc4,tc4,tc3,tc2,tc2,tc4,tap,tc2",3,1,3,0,1,0,1,0,1,2,0,1,0,0,0,0,0
JS,2025nyro,qm,10,b2,1518,0,0,0,0,0,0,1,"0.1,55.5","tc4,tan",1,0,0,0,0,1,5,0,0,1,0,0,0,0,0,0,0
DD,2025nyro,qm,10,r2,3171,0,0,0,0,0,0,0,"8.3,20.8,15.1,28.5,13.6,17","tc4,tc4,tc4,tc1,tc3,tc3",3,2,0,1,0,0,0,0,1,1,0,1,0,0,0,0,0
eg,2025nyro,qm,10,b3,3181,1,0,0,0,0,0,1,,{},0,0,0,0,0,0,0,0,1,1,1,0,0,0,0,0,0
df,2025nyro,qm,10,r1,3003,0,0,0,0,0,0,1,"14.2,50.3,16.1","tc4,tc4,tc4",3,0,0,0,0,0,0,0,0,3,0,0,0,0,0,0,0
np,2025nyro,qm,10,r3,271,0,0,0,0,0,0,1,,{},0,0,0,0,0,0,0,0,0,1,1,0,0,0,0,0,0,did a very good job defending
AC,2025nyro,qm,10,b1,6621,1,0,0,0,0,0,1,"28.1,9.5,38.7,9.4,15.9,10.3","tc4,tc4,tc3,tc3,tc3,tc4",3,3,0,0,0,0,0,0,1,1,0,1,0,0,0,0,0,attempted deep climb but fell
bo,2025nyro,qm,11,r2,7903,0,0,0,0,0,0,1,,{},0,0,0,0,0,0,0,0,0,0,1,0,0,0,0,0,0,drivebase
df,2025nyro,qm,11,r1,4930,0,0,0,0,0,0,0,"52.6,17,15.6,11.4,14.5","tc2,tc3,tc3,tc1,tc2",0,2,2,1,0,0,0,0,0,1,0,0,0,0,0,0,0
cc,2025nyro,qm,11,b3,3173,2,0,0,0,0,0,0,"0.9,10.9,15.3,19.4,16.1,7.8,20.9,10.3","tc4,tc1,tc3,tc3,tc1,tc3,tc1,tc2",1,3,1,3,0,0,1,0,1,3,0,1,0,0,0,0,0
JS,2025nyro,qm,11,b2,1591,2,0,0,0,0,0,0,"0.1,10.6,13,11.5,32.8,12.2,20","tc4,tc4,tc4,tap,tc3,tc3,tc2",3,2,1,0,1,0,2,0,1,1,0,0,0,0,0,0,0,tried a deep climb
AC,2025nyro,qm,11,b1,3004,0,0,0,0,0,0,1,2.5,tc1,0,0,0,1,0,0,0,0,1,0,0,0,0,0,0,0,1,ball got stuck under
ZS,2025nyro,qm,11,r3,8243,0,0,0,1,0,0,1,"32,35.6,23.8,15,13.2,8.3","tc3,tc2,tc2,tc2,tc1,tc1",0,1,3,2,0,0,3,0,1,1,0,0,0,0,0,0,0
JS,2025nyro,qm,12,b2,1559,0,0,0,0,0,0,0,"0.1,18.7","tc3,tc3",0,2,0,0,0,0,0,0,1,1,0,0,0,0,0,0,0
bo,2025nyro,qm,12,r2,533,0,0,0,0,0,0,0,21.2,tc4,1,0,0,0,0,0,0,0,0,0,0,0,0,0,0,0,0,"bad intake, never worked even after 5 trys"
AC,2025nyro,qm,12,b1,2614,0,0,0,0,0,0,1,"20.1,10.8,13,12.6,9.9,12,19.4","tap,tap,tc4,tc3,tc3,tc4,tc4",3,2,0,0,2,0,2,0,1,1,0,0,0,0,0,0,0,picked up algae from the ground and reef
cc,2025nyro,qm,12,b3,3044,2,0,0,0,0,0,0,"0.5,54,14.3,24.9,18.1","tc4,tc3,tc3,tc4,tc4",3,2,0,0,0,0,1,0,1,1,0,0,0,0,0,0,0
df,2025nyro,qm,12,r1,9643,0,0,0,0,0,0,1,"33.7,40.3,0.6","tc1,tc1,tc1",0,0,0,3,0,0,0,0,0,0,0,0,0,0,0,1,0,kit bot
ZS,2025nyro,qm,12,r3,3951,0,1,0,0,0,0,1,"26.8,8.4","tap,tap",0,0,0,0,2,0,5,0,0,1,0,0,0,0,0,0,0
np,2025nyro,qm,13,r3,1585,0,0,0,0,0,0,1,64,tc1,0,0,0,1,0,0,0,0,1,0,0,0,0,0,0,0,0
ER,2025nyro,qm,13,b1,424,0,0,0,1,0,0,1,"0.1,8.6,15.5,10.6,15.7,16.5,7.8","tc1,tc4,tc3,tc4,tc1,tc3,tc4",3,2,0,2,0,0,1,0,1,3,0,0,0,1,0,0,0
RV,2025nyro,qm,13,b2,20,0,0,0,0,0,0,1,"28,17,11.6,30.5,21","tc4,tc4,tc4,tc4,tc4",5,0,0,0,0,0,0,0,1,3,0,0,0,0,0,0,0
bo,2025nyro,qm,13,r2,3015,3,0,0,0,0,0,1,"4.6,7.2,5.2,13.4,12.6,21,0.5,24.5,6.6,10.5,8.7","tc4,tc4,tc4,tc4,tc4,tc4,tc4,tc4,tc4,tc3,tc3",9,2,0,0,0,0,0,0,0,1,0,0,0,0,0,0,0,almost  deep climb. they are very good
df,2025nyro,qm,13,r1,2340,0,0,0,0,0,0,1,"49.6,33.1","tc2,tc2",0,0,2,0,0,0,0,0,0,1,0,0,0,0,0,0,0
cc,2025nyro,qm,13,b3,2010,0,0,0,1,0,0,1,"11.9,30.9,32.6","tan,tan,tan",0,0,0,0,0,3,5,0,1,3,0,0,0,0,0,0,0
bo,2025nyro,qm,14,r2,639,0,0,0,0,0,0,1,"11.9,25.8,23.8,33.4,26.8","tc4,tap,tc1,tc1,tc1",1,0,0,3,1,0,2,0,0,3,0,0,0,1,0,0,0
ER,2025nyro,qm,14,b1,695,2,0,0,0,0,0,1,"0.1,6.5,7,7.5,8.9,13.5,9.9,11.6,8,11.1,14.2,8.1,16.7","tc4,tc4,tc4,tc4,tc4,tc4,tc4,tc4,tc4,tc4,tc3,tc3,tc3",10,3,0,0,0,0,2,0,1,1,0,0,0,0,0,0,0
np,2025nyro,qm,14,r3,1787,1,0,0,0,0,0,1,"35.9,0.4,0.3,1.9,0.9,0.5,11.9,5.7,5.6","tc3,tc3,tc3,tc3,tc2,tc2,tc3,tc2,tc2",0,5,4,0,0,0,0,1,0,0,0,0,0,0,0,0,0,the cycle time is inccroct
df,2025nyro,qm,14,r1,2228,2,0,0,0,0,0,0,"10.8,18.2,12.2,9.2,15,23.7,8.9,17.9,8.1","tc4,tan,tc3,tan,tan,tc3,tan,tc3,tan",1,3,0,0,0,5,5,0,0,3,0,0,0,0,0,0,0
RV,2025nyro,qm,14,b2,229,0,0,0,0,0,0,0,,{},0,0,0,0,0,0,0,0,0,0,1,0,1,0,0,0,1,major penalty contact in protected zone no coral points and seemed to immobilize
eg,2025nyro,qm,14,b3,8140,0,0,0,0,0,0,1,"19.1,18.7,60.7","tc1,tc1,tc1",0,0,0,3,0,0,0,0,1,1,0,0,0,0,0,0,0
RV,2025nyro,qm,15,b2,8393,0,0,0,0,0,0,1,6.2,tc2,0,0,1,0,0,0,1,0,0,1,0,0,0,0,0,0,1,robot not functioning properly
bo,2025nyro,qm,15,r2,9622,0,0,0,0,0,0,1,,{},0,0,0,0,0,0,0,0,0,0,1,0,0,0,0,0,0,"played meh defence, got stuck in blue cages an had a major foul "
ZS,2025nyro,qm,15,r3,6911,0,0,0,0,0,0,1,"10.4,28.6,13.7,43.5","tc4,tc4,tc4,tc4",4,0,0,0,0,0,0,0,1,0,0,0,0,0,0,0,0
ER,2025nyro,qm,15,b1,10223,1,0,0,0,0,0,1,"17.9,24.1","tc1,tc1",0,0,0,2,0,0,0,0,1,1,0,0,0,0,0,0,0,missed l1
eg,2025nyro,qm,15,b3,191,3,0,0,0,0,0,1,"6.6,11,41,9.2,6.5,7.1,11.2,17.9","tc4,tc4,tc2,tc3,tc3,tc3,tc3,tc1",2,4,1,1,0,0,3,0,1,1,0,0,0,0,0,0,0
df,2025nyro,qm,15,r1,1308,0,0,0,0,0,0,1,"17.2,38.5,14.7,11.2","tap,tap,tap,tap",0,0,0,0,4,0,2,1,0,0,0,0,0,0,0,1,0
bo,2025nyro,qm,16,r2,4611,3,0,0,0,0,0,1,"18,7.6,8.5,12.2,6.4,15.7,9.7,8.5,19.2,8","tap,tc4,tc4,tc3,tap,tc3,tc3,tc3,tc2,tc2",2,4,2,0,2,0,2,0,0,3,0,0,0,0,0,0,0,very good
JS,2025nyro,qm,16,b2,7165,0,0,0,0,0,0,1,"0.1,13.3,48.8,34.7,12.5","tc3,tc4,tc4,tc4,tc4",4,1,0,0,0,0,0,0,1,1,0,0,0,1,0,0,0
AC,2025nyro,qm,16,b1,1511,0,0,0,0,0,0,1,"24.6,12.1,13.1,10.7,20.8,23.2","tap,tap,tc1,tan,tan,tan",0,0,0,1,2,3,4,0,0,2,0,0,0,0,0,0,0
jp,2025nyro,qm,16,r1,3799,0,0,0,0,0,0,0,"1.3,53.8","tc2,tc2",0,0,2,0,0,0,0,0,0,1,0,0,0,0,0,0,0
ZS,2025nyro,qm,16,r3,564,0,0,0,0,0,0,1,"15.4,46.9","tc2,tc2",0,0,2,0,0,0,0,0,1,1,0,0,0,0,0,0,0,got coral stuck in chassis
eg,2025nyro,qm,16,b3,5881,0,0,0,0,0,0,1,"36.2,12.9,19.6,17.2","tc2,tc2,tc2,tc2",0,0,4,0,0,0,0,0,1,0,0,0,0,0,0,0,1,got stuck on algae during endgame
JS,2025nyro,qm,17,b2,1405,0,0,0,0,0,0,1,"0.1,0.2,5,9.6,10.8,7.1,29.5,7.9,10.7","tc4,tc4,tc4,tc4,tc4,tc4,tc4,tc3,tc3",7,2,0,0,0,0,0,0,1,1,0,1,0,0,0,0,0
CD,2025nyro,qm,17,r2,2252,1,0,0,0,0,0,1,"13.2,18.8,44.3,42.5,5,6.9","tc4,tc4,tc3,tc1,tc2,tc1",2,1,1,2,0,0,1,0,1,0,0,0,0,0,0,0,0
ZS,2025nyro,qm,17,r3,340,0,0,0,0,0,0,1,"34.7,11.7,4.9,12.5,17.9,11.5,14.5","tc3,tc2,tc2,tc2,tc2,tc3,tc2",0,2,5,0,0,0,1,0,1,3,0,1,0,0,0,0,0,unable to see during auto
df,2025nyro,qm,17,r1,250,0,0,0,0,0,0,1,,{},0,0,0,0,0,0,0,0,0,1,1,0,0,0,0,0,0
eg,2025nyro,qm,17,b3,1507,1,0,0,1,0,0,1,"18.4,33.4,7.8,10.2,12.7,13.3,10.6","tc4,tc4,tc4,tc4,tc4,tc3,tc3",5,2,0,0,0,0,1,0,1,1,0,0,0,0,0,0,0
AC,2025nyro,qm,17,b1,3838,0,0,0,1,0,0,1,,{},0,0,0,0,0,0,0,0,0,3,1,0,0,0,0,0,0,only plays defense and received penaltys
JS,2025nyro,qm,18,b2,1126,0,0,0,2,0,0,0,"0.1,14.3,11.5,15.9,11.7,14.8","tc4,tc4,tc4,tc4,tc4,tc4",6,0,0,0,0,0,0,0,1,3,0,0,0,1,0,0,0
AC,2025nyro,qm,18,b1,6868,0,0,0,0,0,0,1,"1.2,9.2,26.5,21.9,27.4,24.6","tc4,tc4,tc4,tc4,tc4,tc4",6,0,0,0,0,0,1,0,1,1,0,0,0,0,0,0,0
ZS,2025nyro,qm,18,r3,2791,0,0,0,0,0,0,1,"65.5,54.1","tc3,tc2",0,1,1,0,0,0,0,0,1,0,0,0,0,0,0,0,0
df,2025nyro,qm,18,r1,378,0,0,1,0,0,0,1,"31.3,15.9,13.7,8.3,37.5","tc2,tc3,tc3,tc3,tc3",0,4,1,0,0,0,0,0,0,2,0,0,0,0,0,0,0
eg,2025nyro,qm,18,b3,578,0,1,0,0,0,0,1,,{},0,0,0,0,0,0,0,0,0,0,1,0,1,0,0,0,0
ZS,2025nyro,qm,19,r3,7903,0,0,0,0,0,0,1,,{},0,0,0,0,0,0,0,0,0,0,1,0,1,0,0,0,1,got stuck on an algae
CD,2025nyro,qm,19,r2,271,0,0,0,0,0,0,1,0.1,tap,0,0,0,0,1,0,0,0,0,1,0,0,0,0,0,0,0
ER,2025nyro,qm,19,b1,3003,1,0,0,0,0,0,1,"0.1,10.4,11.6,41.3,9.6,19.2","tc4,tc4,tc4,tc3,tc3,tc3",3,3,0,0,0,0,0,0,1,3,0,1,0,0,0,0,0
df,2025nyro,qm,19,r1,2010,0,0,0,0,0,0,0,"5.3,29.3","tan,tan",0,0,0,0,0,2,2,0,0,0,0,0,0,1,0,0,1,got stuck �nd broke
RV,2025nyro,qm,19,b2,3951,0,0,0,0,0,0,1,"7.7,41","tap,tap",0,0,0,0,2,0,3,0,0,3,0,0,0,0,0,0,0
RV,2025nyro,qm,20,b2,639,0,0,0,0,0,0,0,"0.1,0.3,12.7,19.8,3.8,17.6,14.2,27.2","tap,tap,tap,tc2,tc2,tc1,tc4,tc1",1,0,2,2,3,0,3,0,1,1,0,0,0,0,0,0,0
jp,2025nyro,qm,20,r1,1559,0,0,0,0,0,0,0,"12.5,34.9,62.2","tc4,tc3,tc3",1,2,0,0,0,0,0,0,0,3,0,1,0,0,0,0,0,seemed to not have a good driver
ER,2025nyro,qm,20,b1,3015,0,0,0,0,0,0,1,"0.1,7,5.1,11.4,8.4,6.3,8.4,6.4,7.6,11.7,9.6,8.6,5.7,4,6.9,5.2,5.5","tc4,tc4,tc4,tc4,tc4,tc4,tc4,tc4,tc4,tc4,tc4,tc3,tc3,tc3,tc3,tc3,tc3",11,6,0,0,0,0,1,0,1,3,0,0,0,0,0,0,0,auto preps for an L4
CD,2025nyro,qm,20,r2,3171,1,0,0,0,0,0,0,,{},0,0,0,0,0,0,0,0,0,1,1,1,0,0,0,0,0
ZS,2025nyro,qm,20,r3,3173,0,0,0,1,0,0,1,"2.2,3.9,4.9,6.4,6.3,29.5,10.9,8.6,10,17.1,67.1","tc1,tan,tc4,tc1,tc4,tc4,tc4,tc4,tc4,tc4,tap",7,0,0,2,1,1,0,0,1,3,0,0,0,0,0,0,0
eg,2025nyro,qm,20,b3,229,0,0,0,0,0,0,1,,{},0,0,0,0,0,0,0,0,1,1,1,0,0,0,0,0,1,lots of penalties
jp,2025nyro,qm,21,r1,1787,1,0,0,0,0,0,1,"16.7,13.7,6.3,7.9,8.4,12.1,15.6,3.5,16.3,11.7","tc4,tc4,tc4,tc4,tc4,tc4,tc3,tc3,tc4,tc4",8,2,0,0,0,0,0,1,0,3,0,0,0,0,0,0,0,best robot I've seen
CD,2025nyro,qm,21,r2,6621,1,0,0,0,0,0,1,,{},0,0,0,0,0,0,0,0,0,1,1,0,0,0,0,0,0
eg,2025nyro,qm,21,b3,2614,2,0,0,0,0,0,1,"10.6,28.3,8,26.2,27.3,19.7","tc4,tc3,tc3,tc3,tc2,tc2",1,3,2,0,0,0,1,0,1,0,0,0,0,0,0,0,0
ER,2025nyro,qm,21,b1,8393,0,0,0,0,0,0,1,"0.1,14.4,14.7,13.2,57.4","tap,tap,tap,tap,tap",0,0,0,0,5,0,0,0,0,0,0,1,0,0,0,0,0
np,2025nyro,qm,21,r3,2340,0,0,0,0,0,0,1,,{},0,0,0,0,0,0,6,0,0,1,0,0,0,0,0,0,0
JS,2025nyro,qm,21,b2,2228,2,0,0,0,0,0,0,"19.4,12.4,0.4,4.8,10.2,10.4,10.7,18.2,9.7,10","tc3,tan,tan,tc4,tc3,tc4,tc3,tan,tc2,tc2",2,3,2,0,0,3,3,0,1,3,0,1,0,0,0,0,0,I made a mistake at the beginning so the first time are a little off
jp,2025nyro,qm,22,r1,4611,3,0,0,0,0,0,0,"10.4,20.2,7.7,27.2,4.5,21,6.4,8.3","tc4,tc4,tc3,tap,tc4,tc4,tc4,tc4",6,1,0,0,1,0,2,0,1,3,0,0,0,0,0,0,0
CD,2025nyro,qm,22,r2,3181,1,0,0,0,0,0,1,,{},0,0,0,0,0,0,0,0,1,1,0,0,0,0,0,0,0
eg,2025nyro,qm,22,b3,9622,0,0,0,0,0,0,1,,{},0,0,0,0,0,0,0,0,0,1,0,0,1,0,0,0,0
AC,2025nyro,qm,22,b1,1591,1,0,0,0,0,0,0,"16.8,26.1,19.1,9.8,14.8,27.6","tc4,tc4,tc4,tc4,tc4,tc4",6,0,0,0,0,0,0,0,1,3,0,0,0,0,0,0,0
LW,2025nyro,qm,22,b2,9643,0,0,0,0,0,0,0,"55.7,28.5,38.9","tc1,tc1,tc1",0,0,0,3,0,0,0,0,1,1,0,0,0,0,0,0,1,drove on the ball once
ZS,2025nyro,qm,22,r3,1511,0,0,0,0,0,0,1,,,0,0,0,0,0,0,0,0,0,2,1,0,0,0,0,0,0
LW,2025nyro,qm,23,b2,1308,0,0,0,0,0,0,0,"30.5,12.6,16.2","tap,tap,tap",0,0,0,0,3,0,0,0,0,0,1,0,1,0,0,0,0
ZS,2025nyro,qm,23,r3,20,0,0,0,0,0,0,1,"12.8,10.3,30.9,7.2,13,9.4,12.4,9.8,7","tc4,tc4,tc4,tc3,tc3,tc3,tc2,tc2,tc2",3,3,3,0,0,0,2,0,1,1,0,1,0,0,0,0,0
CD,2025nyro,qm,23,r2,564,0,0,0,0,0,0,1,"9.7,24.1","tc2,tc3",0,1,1,0,0,0,0,0,0,1,0,0,0,0,0,0,1,Coral got stuck in robot
AC,2025nyro,qm,23,b1,695,2,0,0,0,0,0,1,"6,6.3,7.3,7.9,7.7,7.1,9.8,9,9.9,8.7,5.5,6,6.6,7,8.5,8,8.4","tc4,tc4,tc4,tc4,tc4,tc4,tc4,tc4,tc4,tc3,tc3,tc3,tc3,tc3,tc3,tc3,tc3",9,8,0,0,0,0,0,0,1,1,0,0,0,0,0,0,0
eg,2025nyro,qm,23,b3,1518,0,0,0,0,0,0,1,"12.7,23.1,30","tc4,tan,tan",1,0,0,0,0,2,3,0,1,1,0,0,0,0,0,0,0
jp,2025nyro,qm,23,r1,3838,0,0,0,0,0,0,0,"28.9,90.5","tc4,tc4",2,0,0,0,0,0,0,0,0,0,0,0,0,0,0,0,0
AC,2025nyro,qm,24,b1,5590,0,0,0,0,0,0,0,"45.5,55.5,15.8","tc4,tc1,tc4",2,0,0,1,0,0,0,0,1,0,0,0,1,1,0,0,0
jp,2025nyro,qm,24,r1,1405,0,0,0,0,0,0,1,"29.8,10,49.6","tc4,tc4,tc3",2,1,0,0,0,0,0,0,0,1,0,0,0,0,0,0,0
CD,2025nyro,qm,24,r2,3004,0,0,0,1,0,0,1,"32.1,6.1","tc1,tc1",0,0,0,2,0,0,0,0,1,0,0,0,1,0,0,0,1,Got stuck on an algae
ZS,2025nyro,qm,24,r3,3044,2,0,0,0,0,0,1,"7.3,15.2,8.8,22.3,14,14,10.2,16.9,22.9","tc4,tc4,tc4,tc4,tc4,tc4,tc4,tc3,tc1",7,1,0,1,0,0,1,0,1,1,0,0,0,0,0,0,0
LW,2025nyro,qm,24,b2,6911,1,0,0,0,0,0,1,,{},0,0,0,0,0,0,0,0,0,0,0,0,1,0,0,0,0
np,2025nyro,qm,25,r3,2252,0,0,0,0,0,0,1,,{},0,0,0,0,0,0,0,0,0,0,0,0,1,0,0,0,1,was immobile
Er,2025nyro,qm,25,b1,533,0,0,0,0,0,0,0,0.1,tc4,1,0,0,0,0,0,0,0,1,1,0,0,0,0,0,0,0,due to an issue with the soft wear the first half of the match was missed
CD,2025nyro,qm,25,r2,378,0,1,0,0,0,0,1,"63,0.5,5.3,9.6,17.8,12.3","tc2,tc3,tc2,tc3,tc3,tc3",0,4,2,0,0,0,1,0,1,2,0,0,0,0,0,1,0
jp,2025nyro,qm,25,r1,7165,0,0,0,0,0,0,1,"45.7,2.6","tc4,tc4,tc3,tc3,tc3",2,3,0,0,0,0,0,0,0,3,0,0,0,0,0,0,0,it did not score any l4
LW,2025nyro,qm,25,b2,8243,0,0,0,0,0,0,1,"51.4,9.1,26.8","tc1,tc3,tc2",0,1,1,1,0,0,0,0,1,1,0,0,0,0,0,0,0
LW,2025nyro,qm,26,b2,4930,0,0,0,0,0,0,1,"15,6,43.3,15.2,15.1,13.8,9.2,9.1","tc2,tc2,tc2,tc1,tc1,tc1,tc2,tc2",0,0,5,3,0,0,0,0,1,1,0,0,0,0,0,0,0
CD,2025nyro,qm,26,r2,1585,0,0,0,1,0,0,1,,{},0,0,0,0,0,0,1,0,1,1,0,0,0,1,0,0,0
Er,2025nyro,qm,26,b1,578,0,0,0,0,0,0,0,,{},0,0,0,0,0,0,0,0,0,0,1,0,1,0,0,0,0,unknown issue tried defense died on red side
df,2025nyro,qm,26,r1,8140,0,0,0,0,0,0,1,"14.3,45.5","tc2,tc2",0,0,2,0,0,0,0,0,0,1,0,0,0,0,0,0,0
eg,2025nyro,qm,26,b3,250,0,0,0,0,0,0,1,118.3,tc1,0,0,0,1,0,0,0,0,1,1,0,0,0,0,0,0,0
np,2025nyro,qm,26,r3,6868,0,0,0,0,0,0,1,"1.3,14.5,19.2,83","tc4,tc4,tc4,tc4",4,0,0,0,0,0,1,0,1,1,0,0,0,0,0,0,0
JS,2025nyro,qm,27,b2,1126,0,0,0,1,0,0,1,"0.1,24.9,17,12.5,8.9,20.7","tc4,tc4,tc4,tc4,tc4,tc4",6,0,0,0,0,0,0,0,1,1,0,0,0,0,0,0,0,Almost deep climb
DD,2025nyro,qm,27,r2,340,3,0,0,0,0,0,1,"0.1,2,8,5.1,13.9,16.3,4.1,9.1,11.6,9,8.5,10,17.7,10.6","tc1,tc1,tc1,tc1,tc1,tc2,tc2,tc2,tc4,tc4,tc3,tc3,tc2,tc2",2,2,5,5,0,0,2,0,1,0,0,0,0,0,0,0,0
df,2025nyro,qm,27,r1,1507,1,0,0,0,0,0,1,"4.9,12.5,10.8,34.1,9.3,8.5,9.5","tap,tap,tap,tc2,tc4,tc4,tc3",2,1,1,0,3,0,3,0,0,3,0,0,0,0,0,0,0
Er,2025nyro,qm,27,b1,5881,0,0,0,0,0,0,1,"10.7,15.1,12.9,25.8,11.8","tc2,tc1,tc1,tc1,tc1",0,0,1,4,0,0,0,0,0,0,0,0,1,0,0,0,0
eg,2025nyro,qm,27,b3,3799,0,0,0,0,0,0,1,"0.1,0.4,2.2,61.4","tc4,tc4,tc1,tc1",2,0,0,2,0,0,0,0,1,1,0,0,0,0,0,0,0
np,2025nyro,qm,27,r3,191,3,0,0,0,0,0,1,"12.3,8.5,7.3,6.5,13.4,7.5,9,5.7,11.7,7.4,10.1","tc3,tc3,tc3,tc3,tc3,tc2,tc2,tc2,tc4,tc4,tc2",2,5,4,0,0,0,0,0,1,3,0,0,0,0,0,0,0
cc,2025nyro,qm,28,b3,7903,0,0,0,0,0,0,1,,{},0,0,0,0,0,0,0,0,0,0,1,0,0,0,0,0,0
DD,2025nyro,qm,28,r2,6621,0,1,0,0,0,0,1,"3.1,2.6,8.7,7.7,13.3,17.7,12.4","tc3,tc3,tc3,tc3,tc3,tc3,tc2",0,6,1,0,0,0,1,0,1,1,0,0,0,0,0,0,0
AC,2025nyro,qm,28,b1,1559,0,0,0,0,0,0,0,76.8,tc4,1,0,0,0,0,0,0,0,1,1,0,0,0,1,0,0,0
df,2025nyro,qm,28,r1,2010,0,0,0,0,0,0,1,"8.1,12.7,15.8","tan,tan,tan",0,0,0,0,0,3,3,0,0,1,0,0,0,0,0,0,0
JS,2025nyro,qm,28,b2,229,0,0,0,0,0,0,1,,{},0,0,0,0,0,0,0,0,0,1,0,0,0,0,0,0,0
np,2025nyro,qm,28,r3,4611,2,0,0,0,0,0,1,"11.1,5.3,17.5,10.4,21.6,15.4,10.3,8.4,9.4,14.4","tc4,tc4,tc4,tc4,tc3,tc3,tc2,tc2,tc2,tc2",4,2,4,0,0,0,3,0,1,1,0,0,0,0,0,0,0
bo,2025nyro,qm,29,r2,3173,2,0,0,0,0,0,0,"1.6,0.7,4.2,6.8,7,6.7,8.4,8.1,6.4,5.5,7.9,11.3,7.2","tc4,tc3,tc4,tc3,tc1,tc3,tc3,tc2,tc2,tc2,tc1,tc1,tc1",2,4,3,4,0,0,0,0,0,3,0,1,0,0,0,0,0,not my best data
ZS,2025nyro,qm,29,r3,639,0,0,0,0,0,0,1,"7.2,12.5,19,27.6,16.9,15.1","tc4,tc4,tc3,tc2,tc2,tc2",2,1,3,0,0,0,0,0,1,1,0,1,0,0,0,0,0
cc,2025nyro,qm,29,b3,9643,0,0,0,0,0,0,1,"10.1,11.1,44.8,0.2,0.4,12.3,16.4,19.4","tc1,tc1,tc1,tc1,tc1,tc1,tc1,tc1",0,0,0,8,0,0,0,0,1,1,0,0,0,0,0,0,0,kitbot
df,2025nyro,qm,29,r1,271,0,0,0,0,0,0,1,17.1,tap,0,0,0,0,1,0,4,0,0,1,0,1,0,0,0,0,1,stopped moving halfway through the match
JS,2025nyro,qm,29,b2,1308,0,0,0,0,0,0,1,,{},0,0,0,0,0,0,0,0,0,0,1,0,0,0,0,0,0
AC,2025nyro,qm,29,b1,8393,0,0,0,0,0,0,1,"3.6,10.5,11","tap,tap,tap",0,0,0,0,3,0,0,1,0,0,0,0,1,0,0,0,0,stopped completely after putting 3 algae from the ground into the processor
cc,2025nyro,qm,30,b3,3838,0,0,0,1,0,0,1,106.9,tc3,0,1,0,0,0,0,0,0,1,1,0,1,0,1,0,0,0
bo,2025nyro,qm,30,r2,1511,0,0,0,0,0,0,1,"6,31.6,32.2,11.9,22.8,14.3","tc4,tc4,tc4,tc4,tc4,tc4",6,0,0,0,0,0,0,0,0,0,0,0,0,0,0,0,0,not to great driver
df,2025nyro,qm,30,r1,3951,0,0,1,0,0,0,0,"5.3,56.4","tap,tap",0,0,0,0,2,0,2,0,0,3,0,0,0,0,0,0,0
JS,2025nyro,qm,30,b2,2228,2,0,0,0,0,0,1,"10.7,15.1,4.7,26.8,26,20.8,13.5","tc3,tc3,tap,tan,tc4,tc4,tc4",3,2,0,0,1,1,2,0,1,3,0,0,0,0,0,0,0
AC,2025nyro,qm,30,b1,2340,0,0,0,0,0,0,1,"8.9,25.7","tc2,tc2",0,0,2,0,0,0,3,0,1,1,0,0,0,0,0,0,0,coral got stuck inside the robot
ZS,2025nyro,qm,30,r3,3004,0,0,0,0,0,0,1,"32.2,12.3","tc1,tc1",0,0,0,2,0,0,0,0,1,0,1,0,0,0,0,0,0,got stuck on algae
bo,2025nyro,qm,31,r2,5590,1,0,0,0,0,0,1,"16.8,36.3,38.7,25.3","tc4,tc3,tc4,tc4",3,1,0,0,0,0,0,0,1,1,0,0,0,0,0,0,0
cc,2025nyro,qm,31,b3,1787,1,0,0,0,0,0,1,"27.7,37.4,11.9,9.2,6.6","tc4,tc4,tc3,tc3,tc1",2,2,0,1,0,0,1,1,0,3,0,0,0,0,0,0,0
RV,2025nyro,qm,31,b2,533,0,0,0,0,0,0,1,"14.5,58.3","tc4,tc4",2,0,0,0,0,0,1,0,0,0,0,0,0,0,0,0,1,tipped over
ZS,2025nyro,qm,31,r3,1518,0,0,0,0,0,0,1,"39.5,17.9,24.5,31.7","tan,tan,tan,tap",0,0,0,0,1,3,6,0,0,1,0,0,0,0,0,0,0
ER,2025nyro,qm,31,b1,6911,0,0,0,0,0,0,1,"0.1,6.3,9.1,23.7,9.2,10.8,21.7,10.6","tc4,tc4,tc4,tc4,tc4,tc4,tc4,tc3",7,1,0,0,0,0,0,0,1,1,0,0,0,1,0,0,0
df,2025nyro,qm,31,r1,3015,1,0,0,0,0,0,0,"9.9,4.2,5.8,5.5,8.6,7.4,7,5.6,16.5,9.1,9,7.4,4.3","tc4,tc4,tc4,tc4,tc3,tc3,tc3,tc3,tc3,tc3,tc2,tc2,tc3",4,7,2,0,0,0,0,0,0,3,0,0,0,0,0,0,0
cc,2025nyro,qm,32,b3,2252,1,0,0,0,0,0,1,"14.4,57.3,38.6,22.4","tc4,tc4,tc4,tc4",4,0,0,0,0,0,1,0,1,0,0,1,0,0,0,0,0
bo,2025nyro,qm,32,r2,250,0,0,0,0,0,0,1,,{},0,0,0,0,0,0,0,0,0,1,1,0,0,0,0,0,0
RV,2025nyro,qm,32,b2,8243,0,0,0,0,0,0,1,"5.5,6.3,6.5,8.6,9.4,6,6.4,6.3","tc1,tc1,tc1,tc1,tc1,tc1,tc1,tc1",0,0,0,8,0,0,0,0,1,1,0,1,0,0,0,0,0,Consistent with L1
df,2025nyro,qm,32,r1,20,0,0,0,0,0,0,1,"2.4,20.9,6.8,10.9,9.8,43.9,1.2,11.4","tc4,tc4,tc4,tc4,tc4,tc4,tc4,tc4",8,0,0,0,0,0,0,0,0,1,0,0,0,0,0,0,0
ZS,2025nyro,qm,32,r3,1585,0,0,0,0,0,0,1,"93.1,31.4","tc2,tc1",0,0,1,1,0,0,1,0,1,0,0,1,0,0,0,0,0
ER,2025nyro,qm,32,b1,3171,1,0,0,0,0,0,1,,{},0,0,0,0,0,0,0,0,1,1,1,0,0,0,0,0,1,intake broke
RV,2025nyro,qm,33,b2,5881,0,0,0,0,0,0,1,"16.1,61.2","tc2,tc2",0,0,2,0,0,0,0,0,1,1,0,0,0,0,0,0,0
bo,2025nyro,qm,33,r2,6868,0,0,0,0,0,0,1,"8.5,16.3,16.5,16.1,15.9,9.7,19.5,33.9","tc4,tc4,tc4,tc4,tc4,tc4,tc3,tc4",7,1,0,0,0,0,1,0,0,0,0,0,0,0,0,0,0,very KISS intake design
cc,2025nyro,qm,33,b3,340,2,0,0,0,0,0,0,"8.4,17,13.8,14.8,10,8.1,6.7,13.6,4.3,8.7","tc4,tc3,tc3,tc3,tc3,tc3,tc3,tc4,tc4,tc4",4,6,0,0,0,0,4,0,1,0,0,0,1,0,0,0,0,stopped moving
df,2025nyro,qm,33,r1,4930,0,1,0,0,0,0,0,"18.4,7,29.8,38.1,13.3","tc2,tc3,tc2,tc2,tc2",0,1,4,0,0,0,0,0,0,0,0,0,0,0,0,0,0
ER,2025nyro,qm,33,b1,9622,0,0,0,0,0,0,1,,{},0,0,0,0,0,0,0,0,1,0,0,0,0,0,0,0,0
ZS,2025nyro,qm,33,r3,378,0,1,0,0,0,0,1,"27.6,9.5,20.3,11.2,13.8,16.8","tc3,tap,tc3,tc3,tc2,tc3",0,4,1,0,1,0,1,0,0,1,0,0,0,0,0,0,0
bo,2025nyro,qm,34,r2,8140,0,0,0,1,0,0,1,"52.2,47.5,0.4","tc1,tc1,tc2",0,0,1,2,0,0,0,0,1,1,0,0,0,0,0,0,1,"having major drivetrain issues it appears, it looks like one side is weaker than other"
RV,2025nyro,qm,34,b2,3003,1,0,0,0,0,0,1,"13.8,14.3,16.8,11.1,14.2,13.3,15.1","tc4,tc4,tc1,tc4,tc4,tc4,tc4",6,0,0,1,0,0,0,0,1,3,0,0,0,0,0,0,0,L1 was gotten during L4 attempt
cc,2025nyro,qm,34,b3,564,0,0,0,0,0,0,1,,{},0,0,0,0,0,0,0,0,1,1,0,0,0,0,0,0,1,coral got stuck in the end effector and could only park
df,2025nyro,qm,34,r1,10223,0,0,0,1,0,0,0,"40.4,23.4,11.4,6.3,16.3","tc1,tc1,tc1,tc1,tc1",0,0,0,5,0,0,0,0,0,2,0,0,0,0,0,0,0,kit bot
AC,2025nyro,qm,34,b1,7165,0,0,0,0,0,0,1,,{},0,0,0,0,0,0,1,0,0,1,0,0,0,0,0,0,0
ZS,2025nyro,qm,34,r3,1591,2,0,0,0,0,0,1,"4,8.8,8.5,11,14.9,12.1,40.1,8,18.4,13.3","tc4,tc4,tc4,tap,tc3,tc3,tc3,tc3,tc3,tc1",3,5,0,1,1,0,3,0,0,0,0,0,0,0,0,0,0
bo,2025nyro,qm,35,r2,2791,0,0,0,0,0,0,0,41,tc3,0,1,0,0,0,0,1,0,0,1,1,0,0,0,0,0,1,looked like they were having power issues
JS,2025nyro,qm,35,b2,191,3,0,0,0,0,0,1,"5.4,9.8,10.1,22,7.7,7.3,9.5,8.4,9.8","tap,tap,tc3,tap,tc3,tc2,tc2,tc2,tc3",0,3,3,0,3,0,5,0,1,3,0,1,0,0,0,0,0
df,2025nyro,qm,35,r1,2614,1,0,0,0,0,0,0,"18.3,7.9,12.8,15.2,36.4,9.2,12.7","tc4,tc4,tc4,tc4,tc4,tc4,tc2",6,0,1,0,0,0,0,0,0,3,0,0,0,0,0,0,0
AC,2025nyro,qm,35,b1,1405,0,0,0,0,0,0,1,"19.4,16.9,8.5,64.3","tc3,tc3,tc4,tc2",1,2,1,0,0,0,0,0,1,3,0,0,0,0,0,0,0
eg,2025nyro,qm,35,b3,695,2,0,0,0,0,0,1,"4.9,8.1,11.1,11.6,9.1,10.8,9,7.2,13.6,9.6,8.6,6.2,18.7","tc4,tc4,tc4,tc4,tc4,tc4,tc3,tc2,tc2,tc3,tc3,tc3,tc3",6,5,2,0,0,0,0,0,1,1,0,0,0,0,0,0,0
np,2025nyro,qm,35,r3,1507,2,0,0,0,0,0,1,"6.3,9.8,11.9,9.2,12.9,9.5,9.7,10.3,5.5,5.9,7.2,9.4","tc4,tap,tc3,tap,tc4,tc3,tc3,tc3,tc2,tc2,tc2,tc2",2,4,4,0,2,0,2,0,1,1,0,0,0,0,0,0,0
DD,2025nyro,qm,36,r2,3044,2,0,0,0,0,0,1,"4,63.2,2,3.7,5.5,10.1,12.5,11.4","tc4,tc3,tc3,tc2,tc4,tc4,tc1,tc4",4,2,1,1,0,0,0,0,1,1,0,1,0,0,0,0,0
JS,2025nyro,qm,36,b2,3799,0,0,0,1,0,0,1,"63.1,28,7,16.6","tc2,tc1,tc2,tc3",0,1,2,1,0,0,5,0,1,1,0,0,0,0,0,0,0
AC,2025nyro,qm,36,b1,578,0,0,0,0,0,0,1,,{},0,0,0,0,0,0,0,0,0,0,1,0,1,0,0,0,0,about 1 minute into the round 578 stopped moving
eg,2025nyro,qm,36,b3,3181,0,0,0,0,0,0,1,"58.7,16.1","tc4,tc1",1,0,0,1,0,0,0,0,1,1,0,0,0,0,0,0,0
ZS,2025nyro,qm,36,r3,424,0,0,0,1,0,0,1,"6.7,11.7,19.8,15.7,11.6,14.3,19.6","tan,tan,tc2,tan,tan,tc3,tc3",0,2,1,0,0,4,5,0,1,1,0,1,0,1,0,0,0
df,2025nyro,qm,36,r1,1126,0,0,0,0,0,0,1,"4.6,17.3,57.6","tc4,tc4,tc4",3,0,0,0,0,0,0,0,0,3,0,0,0,0,0,0,0
eg,2025nyro,qm,37,b3,2340,0,0,0,1,0,0,1,,{},0,0,0,0,0,0,5,0,1,1,0,0,0,0,0,0,0
DD,2025nyro,qm,37,r2,7903,0,0,0,0,0,0,1,,{},0,0,0,0,0,0,0,0,0,0,1,0,0,0,0,0,0
JS,2025nyro,qm,37,b2,9643,0,0,0,0,0,0,1,"37,7.3,10.9,36.4,20.7","tc1,tc1,tc1,tc1,tc1",0,0,0,5,0,0,0,0,1,0,0,1,0,0,0,0,0
ZS,2025nyro,qm,37,r3,533,0,0,0,0,0,0,1,76.5,tc4,1,0,0,0,0,0,0,0,1,1,0,0,0,1,0,0,0
AC,2025nyro,qm,37,b1,639,0,0,0,0,0,0,1,"0.1,13.3,19.7,19.7","tc4,tc4,tc4,tc4",4,0,0,0,0,0,0,0,1,3,0,0,0,0,0,0,0,missed the first two L4s
df,2025nyro,qm,37,r1,1518,0,0,0,0,0,0,1,"3.7,7.5,66.6,1.4,19.5","tc4,tan,tan,tc4,tap",2,0,0,0,1,2,4,0,0,1,0,0,0,0,0,0,0,first algae bouned f4om net
DD,2025nyro,qm,38,r2,4611,2,0,0,0,0,0,1,"1.3,6.8,7.7,7.1,8.1,7.5,11.5,8.7,14.4,12.8,12,7.3,6,7.8","tc4,tc4,tc4,tc4,tc4,tc4,tc4,tc4,tc4,tc3,tc3,tc3,tc3,tc3",9,5,0,0,0,0,1,0,1,1,0,0,0,0,0,0,0
ZS,2025nyro,qm,38,r3,1308,0,0,0,0,0,0,1,"35.8,22.3,13.9,39.2","tap,tap,tap,tap",0,0,0,0,4,0,6,0,0,1,0,0,0,0,0,0,0
AC,2025nyro,qm,38,b1,2010,0,0,0,1,0,0,0,"0.1,33.6,20.2,15.4","tc4,tc3,tc2,tc2",1,1,2,0,0,0,0,0,1,3,0,0,0,0,0,0,0,missed an Lfour
JS,2025nyro,qm,38,b2,2228,2,0,0,0,0,0,1,"28,12.2,26,21.9,0.2,4.4,15.8","tc4,tc4,tc3,tc3,tc3,tc3,tc2",2,4,1,0,0,0,1,0,1,3,0,1,0,0,0,0,0
eg,2025nyro,qm,38,b3,3951,0,0,0,1,0,0,1,"8.6,81.1,2.4","tap,tan,tap",0,0,0,0,2,1,3,0,0,3,0,0,0,0,0,0,0
df,2025nyro,qm,38,r1,250,0,0,0,0,0,0,1,,{},0,0,0,0,0,0,0,0,0,0,1,0,0,0,0,0,0,robot not fast enough to play defense effectively.
cc,2025nyro,qm,39,b3,8243,0,0,0,1,0,0,1,"33.1,52.2,11.1,5.3,17.9,4.7,9.4","tc1,tc1,tc1,tc1,tc1,tc1,tc1",0,0,0,7,0,0,2,0,1,1,0,0,0,0,0,0,0
DD,2025nyro,qm,39,r2,5590,0,0,0,1,0,0,1,"48.9,20.5,24.9,29.3","tc4,tc4,tc4,tc4",4,0,0,0,0,0,1,0,1,1,0,0,0,0,0,0,0
AC,2025nyro,qm,39,b1,6621,0,1,0,0,0,0,0,"0.1,35.7,5.6,6.4,14.7,3,5.1,9.2,16","tc3,tc4,tc4,tc4,tc3,tc3,tc3,tc3,tc3",3,6,0,0,0,0,0,0,1,1,0,0,0,0,0,0,0
df,2025nyro,qm,39,r1,4930,0,0,1,0,0,0,1,"1.6,47.3,9.9,6.6,7.1,13.5","tc2,tc2,tc2,tc2,tc2,tc3",0,1,5,0,0,0,0,0,0,1,0,0,0,0,0,1,0,got stuck on algae for a few secs and popped it
JS,2025nyro,qm,39,b2,1559,0,0,0,0,0,0,1,0.1,tc4,1,0,0,0,0,0,0,0,1,3,0,0,0,1,0,0,0
np,2025nyro,qm,39,r3,5881,0,0,0,0,0,0,1,,{},0,0,0,0,0,0,0,0,0,1,0,0,0,0,0,0,0
JS,2025nyro,qm,40,b2,378,0,0,0,0,0,0,1,"19.2,13.8,37.7,14.7","tc4,tc3,tc3,tc3",1,3,0,0,0,0,0,0,1,3,0,0,0,0,0,0,0
DD,2025nyro,qm,40,r2,564,0,0,0,0,0,0,1,,{},0,0,0,0,0,0,0,0,1,0,0,0,0,0,0,0,1,End effector off elevator
cc,2025nyro,qm,40,b3,271,0,0,0,0,0,0,1,"11.4,42.4,23.4,9.5,20.1","tc1,tap,tc1,tap,tap",0,0,0,2,3,0,5,0,1,1,0,0,0,0,0,0,0
np,2025nyro,qm,40,r3,1591,2,0,0,0,0,0,1,"3.1,16.9,6.3,10.4,10.1,28.2,8","tc4,tc4,tc4,tc4,tc4,tc4,tc4",7,0,0,0,0,0,2,0,1,1,0,0,0,0,0,0,0
AC,2025nyro,qm,40,b1,1787,2,0,0,0,0,0,1,"2.5,7.9,9.8,13.7,17.1,9.7,12.9,21.6,9.5","tc4,tc4,tc4,tc4,tc4,tc4,tc4,tc4,tc4",9,0,0,0,0,0,0,1,1,3,0,0,0,0,0,0,0
df,2025nyro,qm,40,r1,2252,0,0,0,0,0,0,0,"1.3,40.4,14.7,23.8","tc4,tc4,tc3,tc3",2,2,0,0,0,0,0,0,0,1,0,0,0,0,0,0,0
CD,2025nyro,qm,41,r2,8393,0,1,0,0,0,0,1,"12.2,24.2,19.2,8.4,28,14.4","tc2,tc2,tap,tap,tc1,tc1",0,0,2,2,2,0,1,1,0,1,0,0,0,0,0,0,0
RV,2025nyro,qm,41,b2,8140,0,0,0,0,0,0,1,"106.7,42,0.2","tc1,tc1,tc1",0,0,0,3,0,0,1,0,0,1,0,0,0,0,0,0,0
AC,2025nyro,qm,41,b1,1507,0,0,0,0,0,0,1,"5.9,13.4,8.6,26.1,26.7,15.3","tc4,tc4,tap,tc4,tap,tc4",4,0,0,0,2,0,3,0,1,3,0,0,0,0,0,0,0
cc,2025nyro,qm,41,b3,3004,0,0,0,0,0,0,1,"33.7,9.5,38.5,49.7","tc1,tc1,tc1,tc1",0,0,0,4,0,0,0,0,1,1,0,0,0,0,0,0,0,kitbot
df,2025nyro,qm,41,r1,2791,0,0,0,0,0,0,0,"39.5,24.9,34.3,31.7","tc3,tc2,tc2,tc1",0,1,2,1,0,0,1,0,0,0,0,0,0,0,0,0,0,driver is most likely the point of fault
np,2025nyro,qm,41,r3,3015,2,0,0,0,0,0,1,"1.4,3.3,6.5,9.4,10.9,9.8,6.6,5.5,9.7,5,9.6,8.4","tc4,tc4,tc4,tc4,tc4,tc4,tc4,tc4,tc3,tc3,tc3,tc3",8,4,0,0,0,0,0,0,1,3,0,0,0,0,0,0,0
CD,2025nyro,qm,42,r2,340,3,0,0,0,0,0,1,"13.9,0.3,11.7,9,13.6,6.7,10.5,11.3,36.7","tc4,tc4,tc4,tc4,tc1,tc4,tc4,tc4,tc3",7,1,0,1,0,0,1,0,1,3,0,0,0,0,0,0,0
RV,2025nyro,qm,42,b2,3181,1,0,0,0,0,0,1,,,0,0,0,0,0,0,1,0,1,1,1,0,0,0,0,0,1,Stopped going for coral don�t know if broken
np,2025nyro,qm,42,r3,3838,0,0,0,1,0,0,1,,{},0,0,0,0,0,0,0,0,1,0,0,0,1,0,0,0,1,seemingly disconnected
AC,2025nyro,qm,42,b1,6911,0,0,0,0,0,0,1,"3.8,16.2,10.1,6.7,8.5,35.9,15.9,32.8","tc4,tan,tc4,tc4,tan,tc4,tan,tc4",5,0,0,0,0,3,3,0,1,0,0,1,0,0,0,0,0
df,2025nyro,qm,42,r1,578,0,0,0,0,0,0,1,,{},0,0,0,0,0,0,0,0,0,1,1,0,0,0,0,0,0,"someone tried feeding it coral whilst being on defense, twice"
eg,2025nyro,qm,42,b3,229,0,0,0,0,0,0,1,,{},0,0,0,0,0,0,0,0,0,0,0,0,1,0,0,0,0
ZS,2025nyro,qm,43,r3,9622,0,0,0,0,0,0,1,,{},0,0,0,0,0,0,0,0,0,0,1,0,1,0,0,0,0
JS,2025nyro,qm,43,r1,2614,0,0,0,0,0,0,1,"0.1,6.9,11,10,10.8,15.9,8.2,15.3,9.8,14.9","tc4,tc4,tc4,tc4,tc4,tc4,tc4,tc1,tc4,tc4",9,0,0,1,0,0,0,0,1,1,0,0,0,0,0,0,0
eg,2025nyro,qm,43,b3,3799,0,0,0,0,0,0,1,"57.6,19.9,47","tc1,tc1,tc1",0,0,0,3,0,0,0,0,1,1,0,0,0,0,0,0,0
RV,2025nyro,qm,43,b2,424,0,0,0,0,0,0,1,"3,20.2,9.1,15.2,12.1,25,11.9","tan,tan,tan,tan,tan,tc3,tc3",0,2,0,0,0,5,5,0,1,1,0,0,0,1,0,0,1,"Coral got stuck at end, deep climb failed"
CD,2025nyro,qm,43,r2,10223,0,0,0,1,0,0,1,"5.3,10.5,16.6,18.1","tc1,tc1,tc1,tc1",0,0,0,4,0,0,0,0,1,3,0,0,0,0,0,0,0
AC,2025nyro,qm,43,b1,3171,1,0,0,0,0,0,1,"33.8,33.7,16.3,14.6,25.4,15.6","tc4,tc4,tc4,tc4,tc3,tc3",4,2,0,0,0,0,0,0,1,0,0,0,0,0,0,0,0
CD,2025nyro,qm,44,r2,6868,0,0,0,0,0,0,1,"0.1,15.2,16.6,10.9,10.7,16.4,32.1","tc3,tc3,tc3,tc2,tc3,tc4,tc2",1,4,2,0,0,0,2,0,1,1,0,0,0,0,0,0,0
RV,2025nyro,qm,44,b2,3044,2,0,0,0,0,0,1,"15.2,8.2,22.9,10.9,19.5,9.3,19.7,10.7,8.7","tc4,tc4,tc4,tc3,tc3,tc2,tc1,tc4,tc4",5,2,1,1,0,0,0,0,1,0,0,0,0,0,0,0,0
eg,2025nyro,qm,44,b3,1511,0,0,0,0,0,0,1,"2,22.9,7.3,12,16,23.8,13.3","tc4,tap,tap,tc3,tc3,tc4,tc3",2,3,0,0,2,0,3,0,1,1,0,0,0,0,0,0,0
df,2025nyro,qm,44,r1,3173,2,0,0,0,0,0,0,"13,31.1,7,7,8.2,12.7,8.9,8.6","tap,tc1,tc1,tc1,tc1,tap,tc1,tc1",0,0,0,6,2,0,3,1,0,3,0,0,0,0,0,0,0,not our best match
ZS,2025nyro,qm,44,r3,695,2,0,0,0,0,0,1,"20.5,6.2,5.8,11.2,7.3,9.3,9.3,9.5,7.2,8.4,7.3,14,10.5,6.9","tc4,tc4,tc4,tc4,tc4,tc4,tc4,tc3,tc3,tc2,tc3,tc3,tc3,tc2",7,5,2,0,0,0,0,0,1,0,0,0,0,0,0,0,0
ER,2025nyro,qm,44,b1,1585,0,0,0,0,0,0,1,"0.1,0.4,2.2","tc2,tc2,tc2",0,0,3,0,0,0,0,0,1,1,0,0,0,0,0,0,0,cycle times are off due to a glitch
DD,2025nyro,qm,45,r2,1405,0,0,0,0,0,0,1,"26.4,13,70.5","tc4,tc1,tc3",1,1,0,1,0,0,1,0,1,1,0,0,0,0,0,0,0
ZS,2025nyro,qm,45,r3,3003,1,0,0,0,0,0,1,"15.4,23.4,10.7,9.4,14.1,18.9,11.1","tc4,tc4,tc4,tc4,tc3,tc3,tc4",5,2,0,0,0,0,0,0,1,3,0,0,0,0,0,0,0
JS,2025nyro,qm,45,b2,1126,0,0,0,0,0,0,1,"38.4,14.2,16,12.6","tc1,tc1,tc1,tc1",0,0,0,4,0,0,0,0,1,3,0,0,0,0,0,0,0
df,2025nyro,qm,45,r1,20,0,0,0,0,0,0,1,"5.9,10.3,16.3,9.5,18.8,8.6,19.8,11.2","tc4,tc4,tc4,tc3,tc3,tc3,tc4,tc2",4,3,1,0,0,0,0,0,0,1,0,0,0,0,0,0,0,barely not a deep climb
eg,2025nyro,qm,45,b3,7165,0,0,0,0,0,0,1,"0.1,50.5,22.1,24.6,18.2","tc4,tc4,tc2,tc3,tc2",2,1,2,0,0,0,1,0,1,1,0,0,0,1,0,0,0
ER,2025nyro,qm,45,b1,191,2,0,0,0,0,0,0,"0.1,7.4,13.3,5.6,10.9,10.6,6.8,4.7,2.4,8.8,4.6,5.4,5.8,12.4,3.4","tc4,tc4,tap,tap,tc3,tc3,tc3,tc4,tc3,tc3,tc2,tap,tc2,tc4,tc4",5,5,2,0,3,0,2,0,0,1,0,0,0,0,0,0,0,hard to see when coral was scored cycle times will be off
JS,2025nyro,qm,46,b2,1559,0,0,0,0,0,0,0,"20.7,44.8","tc3,tc3",0,2,0,0,0,0,0,0,0,3,0,1,0,1,0,0,0
DD,2025nyro,qm,46,r2,2252,1,0,0,0,0,0,1,"10.2,7.4,23.9,12.6,12.4,18.1,9.7,15.2,15.5,19.8","tc4,tc4,tc4,tc4,tc4,tc4,tc4,tc4,tc4,tc4",10,0,0,0,0,0,1,0,0,0,0,0,0,0,0,0,0
df,2025nyro,qm,46,r1,271,0,0,0,0,0,0,1,"0.1,8.4","tc1,tap",0,0,0,1,1,0,6,0,0,1,1,0,0,0,0,0,0
ER,2025nyro,qm,46,b1,5590,0,0,0,1,0,0,1,"0.1,17.6,40.4","tc3,tc3,tc2",0,2,1,0,0,0,0,0,1,0,0,0,0,0,0,0,0
eg,2025nyro,qm,46,b3,4611,2,0,0,0,0,0,1,"0.5,9.3,12.1,4.3,8.2,7.8,19.5,22.8,12.6,9,7.1,9.4","tc4,tap,tc4,tap,tc4,tc3,tc3,tc2,tc2,tc2,tc4,tc4",5,2,3,0,2,0,2,0,1,1,0,0,0,0,0,0,0
ZS,2025nyro,qm,46,r3,2340,0,0,0,0,0,0,1,"6.5,38.9,23.3,31.8,10.6","tc2,tc2,tc2,tc2,tc2",0,0,5,0,0,0,0,0,1,0,0,0,0,0,0,0,0
DD,2025nyro,qm,47,r2,1308,0,0,0,0,0,0,1,16.8,tap,0,0,0,0,1,0,1,0,0,1,0,0,0,0,0,0,0
eg,2025nyro,qm,47,b3,4930,0,0,0,0,0,0,1,"5.8,36.5,12.4,9.9,19.8,10.7,7.9","tc3,tc2,tc3,tc2,tc2,tc3,tc3",0,4,3,0,0,0,0,0,1,1,0,0,0,0,0,0,0
df,2025nyro,qm,47,r1,2791,0,0,0,0,0,0,0,"11.7,12.8,42,37.9","tc4,tc4,tc4,tc4",4,0,0,0,0,0,1,0,0,0,0,0,0,0,0,0,0
AC,2025nyro,qm,47,b1,3015,2,0,0,0,0,0,1,"2.9,5.7,6.9,18.5,7.6,9.2,5.4,10.9,11.4","tc4,tc4,tc4,tc3,tc3,tc3,tc3,tc2,tc2",3,4,2,0,0,0,1,0,1,3,0,0,0,0,0,0,0
JS,2025nyro,qm,47,b2,3951,0,1,0,0,0,0,1,"26.7,26.2","tap,tap",0,0,0,0,2,0,5,0,0,0,0,1,0,0,0,0,0
ZS,2025nyro,qm,47,r3,6621,0,0,0,0,0,0,1,"8.5,7.1,7.7,13.9,19.4,12.5,22.7,8,7.9,6.7","tc3,tc3,tc3,tc3,tc3,tc3,tc2,tc2,tc3,tc3",0,8,2,0,0,0,0,0,1,1,0,0,0,0,0,0,0
JS,2025nyro,qm,48,b2,3181,0,0,0,0,0,0,0,,{},0,0,0,0,0,0,0,0,0,0,0,0,0,0,0,0,1,did not move
DD,2025nyro,qm,48,r2,6911,0,0,0,0,0,0,1,"1.9,8.8,55.5,5.9","tc4,tan,tc4,tan",2,0,0,0,0,2,2,0,1,1,0,1,0,0,0,0,0
AC,2025nyro,qm,48,b1,7903,0,0,0,0,0,0,1,,{},0,0,0,0,0,0,0,0,0,0,0,0,0,0,0,0,0,could not pick up anything or defend
df,2025nyro,qm,48,r1,564,0,0,0,0,0,0,0,,{},0,0,0,0,0,0,0,0,0,0,0,0,0,0,0,0,1,not present
ZS,2025nyro,qm,48,r3,8393,0,1,0,0,0,0,1,"63.4,9.2,7.6,11.3","tc2,tc3,tc3,tc3",0,3,1,0,0,0,1,1,0,1,0,0,0,0,0,0,0
eg,2025nyro,qm,48,b3,250,0,0,0,0,0,0,1,,{},0,0,0,0,0,0,0,0,0,1,1,0,0,0,0,0,0
RV,2025nyro,qm,49,b2,578,0,0,0,0,0,0,1,,{},0,0,0,0,0,0,0,0,0,1,1,0,0,0,0,0,0
DD,2025nyro,qm,49,r2,3838,0,0,0,0,0,0,1,,{},0,0,0,0,0,0,0,0,1,1,0,0,0,1,0,0,1,Intake got caught on coral
AC,2025nyro,qm,49,b1,5881,0,0,0,0,0,0,1,"12,10.6,33","tc2,tc2,tc2",0,0,3,0,0,0,0,0,1,2,0,0,0,0,0,0,0,coral kept getting in an under the robot
df,2025nyro,qm,49,r1,9622,0,0,0,0,0,0,0,,{},0,0,0,0,0,0,0,0,0,1,1,0,0,0,0,0,0
eg,2025nyro,qm,49,b3,2614,1,0,0,0,0,0,1,"19.1,17.9,13.3,24,29,7.5,19.6","tap,tap,tc4,tc4,tc4,tc4,tc3",4,1,0,0,2,0,2,0,1,1,0,0,0,0,0,0,0
np,2025nyro,qm,49,r3,1518,0,0,0,0,0,0,1,"5,16.9,33.8,38.4,14.7","tap,tap,tan,tan,tap",0,0,0,0,3,2,3,0,0,1,0,0,0,0,0,0,0
cc,2025nyro,qm,50,b3,1591,1,0,0,1,0,0,1,"18.7,8.2,8.7,13,21,16.3","tc4,tc4,tc4,tc4,tc3,tc3",4,2,0,0,0,0,1,0,1,3,0,0,0,0,0,0,0
ER,2025nyro,qm,50,b1,3799,0,0,0,0,0,0,1,,{},0,0,0,0,0,0,0,0,0,1,1,0,0,0,0,0,0
DD,2025nyro,qm,50,r2,695,2,0,0,0,0,0,1,"5.8,8.9,5.9,6.6,8.6,10.7,11.9,8.8,14.4,6.1,6.1,7.4,7.9,6.7,9.6,9.6","tc4,tc4,tc4,tc4,tc4,tc4,tc4,tc4,tc4,tc3,tc3,tc3,tc3,tc3,tc3,tc3",9,7,0,0,0,0,0,0,1,0,0,0,0,0,0,0,0
df,2025nyro,qm,50,r1,424,0,0,0,0,0,0,0,"40.2,7.9,10.7,25.3,22.7,15","tan,tan,tan,tan,tc3,tc3",0,2,0,0,0,4,6,0,0,1,0,0,0,1,0,0,0
np,2025nyro,qm,50,r3,533,0,0,0,0,0,0,1,,{},0,0,0,0,0,0,0,0,0,1,1,0,0,0,0,0,0
DD,2025nyro,qm,51,r2,1787,1,0,0,0,0,0,1,"8.2,33.1,6.3,12.2,23.1,15.9,9.6","tc4,tc4,tc4,tc4,tc4,tc4,tc4",7,0,0,0,0,0,0,1,0,3,0,0,0,0,0,0,0
RV,2025nyro,qm,51,b2,6868,0,0,0,0,0,0,1,"5.3,35,29.1,7.8,11.5,9.3,14.6,7.4,10.5","tc2,tc1,tc4,tc4,tc4,tc4,tc3,tc3,tc3",4,3,1,1,0,0,2,0,1,1,0,0,0,0,0,0,0
cc,2025nyro,qm,51,b3,10223,0,0,0,0,0,0,1,"1.2,29.3,23.5,12.2,9.7","tc1,tc1,tc1,tc1,tc1",0,0,0,5,0,0,0,0,1,3,0,0,0,0,0,0,0,kitbot
df,2025nyro,qm,51,r1,8243,0,0,0,1,0,0,1,,{},0,0,0,0,0,0,1,0,0,0,0,0,0,0,0,0,1,fell over womp womp
ER,2025nyro,qm,51,b1,3003,0,0,0,0,0,0,1,"0.1,20.6,21.9,9.7,22.9,13.4,11.3","tc4,tc4,tc4,tc4,tc4,tc4,tc4",7,0,0,0,0,0,0,0,0,3,0,0,0,0,0,0,0
np,2025nyro,qm,51,r3,9643,0,0,0,0,0,0,1,"6,10.9,9.5,18.6,63","tc1,tc1,tc1,tc1,tc1",0,0,0,5,0,0,0,0,1,1,0,0,0,0,0,0,0
cc,2025nyro,qm,52,b3,7165,0,0,0,0,0,0,1,"10.8,78,14.9,14.8,13.1","tc4,tc3,tc1,tc3,tc3",1,3,0,1,0,0,4,0,1,1,0,0,0,0,0,0,0
DD,2025nyro,qm,52,r2,1511,0,0,0,0,0,0,1,"4.5,52.3,3.1,9.1,20.2,9.1,11","tc4,tc3,tc3,tc3,tc3,tc2,tc4",2,4,1,0,0,0,1,0,1,2,0,0,0,0,0,0,0
RV,2025nyro,qm,52,b2,1585,0,0,0,0,0,0,1,72.9,tc2,0,0,1,0,0,0,1,0,0,1,0,0,0,0,0,0,1,Part of robot fell off still functioned and they did not move after getting coral from the station for a minute.
ER,2025nyro,qm,52,b1,3004,0,0,0,1,0,0,1,"0.1,15.2,12.1,13.3,18.7","tc1,tc1,tc1,tc1,tc1",0,0,0,5,0,0,0,0,1,0,0,0,0,0,0,0,0
df,2025nyro,qm,52,r1,191,1,0,0,0,0,0,1,"2.7,9.3,21.5,17.7,13.7,8.7,9.1,6.9,9.6,13.7,8.4","tc4,tc4,tc4,tc4,tc3,tc2,tc2,tc2,tc4,tc4,tc4",7,1,3,0,0,0,0,0,0,0,0,0,0,0,0,0,0
np,2025nyro,qm,52,r3,639,0,0,0,0,0,0,1,"1.3,90.7","tc1,tap",0,0,0,1,1,0,2,0,0,3,0,0,0,0,0,0,0
DD,2025nyro,qm,53,r2,1405,0,0,0,0,0,0,1,"3.3,12.8,10.6","tc4,tc4,tc4",3,0,0,0,0,0,0,0,1,0,0,0,1,1,0,0,0
cc,2025nyro,qm,53,b3,8140,0,0,0,1,0,0,1,"17.8,22.4,17.3,19.8,47.2","tc1,tc2,tc2,tc1,tc1",0,0,2,3,0,0,0,0,1,1,0,0,0,0,0,0,0
ER,2025nyro,qm,53,b1,3173,2,0,0,0,0,0,1,"0.1,8.8,4.2,5.9,5.7,6.4,14.8,8.7,9.7,10.1,12.9,4.2,12.5","tc4,tc1,tc4,tc1,tc1,tc4,tc4,tc4,tc4,tc3,tc3,tc3,tc3",6,4,0,3,0,0,1,0,1,3,0,0,0,0,0,0,0
df,2025nyro,qm,53,r1,1126,0,0,0,1,0,0,0,"37.6,47.3","tc4,tc4",2,0,0,0,0,0,0,0,0,1,0,0,0,0,0,0,0
np,2025nyro,qm,53,r3,3171,0,0,0,0,0,0,0,52.4,tc4,1,0,0,0,0,0,0,0,1,1,0,0,0,0,0,0,0
JS,2025nyro,qm,53,b2,2010,0,0,0,1,0,0,1,"5.9,12,11.2,14.9,16.8,23,17","tan,tan,tan,tan,tan,tc3,tc2",0,1,1,0,0,5,5,0,1,1,0,0,0,0,0,0,0,hitbarge of red team
AC,2025nyro,qm,54,b1,3044,2,0,0,0,0,0,1,"3.7,15,9.6,12.3,8.3,7.4,10.9,8.5,7.3,47.3","tc4,tc4,tc4,tc4,tc3,tc3,tc3,tc2,tc2,tc4",5,3,2,0,0,0,1,0,1,1,0,0,0,0,0,0,0
DD,2025nyro,qm,54,r2,1507,1,0,0,0,0,0,1,"8.5,10.8,40.6,57.6","tc4,tc4,tc4,tc2",3,0,1,0,0,0,0,0,1,3,0,0,0,0,0,0,1,Coral kept getting stuck in elevator end effector
JS,2025nyro,qm,54,b2,378,0,0,0,0,0,0,1,"6.7,21.5,42,15.7,37.5","tc3,tc2,tc2,tc3,tc2",0,2,3,0,0,0,0,0,1,2,0,1,0,0,0,0,0
df,2025nyro,qm,54,r1,229,0,0,0,0,0,0,1,,{},0,0,0,0,0,0,0,0,0,1,1,0,0,0,0,0,0
np,2025nyro,qm,54,r3,2228,1,0,0,0,0,0,1,"5.2,16.7,24.9,13.1,15.1,17.4,14.5","tc3,tap,tan,tan,tc3,tc4,tc4",2,2,0,0,1,2,2,0,1,3,0,0,0,0,0,0,0
AC,2025nyro,qm,55,b1,7903,0,0,0,0,0,0,1,,{},0,0,0,0,0,0,0,0,0,1,1,0,0,0,0,0,0,only a drivebase
DD,2025nyro,qm,55,r2,2252,1,0,0,0,0,0,1,"8.9,17.6,2.7,6.9,17,7.4,12.1","tc4,tc4,tc4,tc4,tc4,tc4,tc4",7,0,0,0,0,0,0,0,1,0,0,0,0,0,0,0,0
df,2025nyro,qm,55,r1,3181,0,0,1,0,0,0,1,29.4,tc1,0,0,0,1,0,0,0,0,0,1,1,0,0,0,0,0,0
JS,2025nyro,qm,55,b2,3951,0,0,1,0,0,0,1,"15.1,3.4,48.1","tan,tc2,tap",0,0,1,0,1,1,0,0,1,3,0,1,0,0,0,0,0
np,2025nyro,qm,55,r3,5590,0,0,0,0,0,0,1,"28,44.2,32.2,10.4,17","tc4,tc4,tc3,tc3,tc4",3,2,0,0,0,0,0,0,1,0,0,0,0,0,0,0,0
cc,2025nyro,qm,55,b3,1308,0,0,0,0,0,0,1,"13.9,11,26.5,28.8,9.1,28.6","tap,tap,tap,tap,tap,tap",0,0,0,0,6,0,5,0,0,1,0,0,0,0,0,0,0
DD,2025nyro,qm,56,r2,3838,0,0,0,1,0,0,1,60.7,tc4,1,0,0,0,0,0,0,0,1,1,0,0,0,1,0,0,0
cc,2025nyro,qm,56,b3,2791,0,0,0,0,0,0,1,"0.1,34.3,0.4,19.2","tc4,tc2,tc2,tc2",1,0,3,0,0,0,0,0,1,0,0,0,0,0,0,0,0
AC,2025nyro,qm,56,b1,424,0,0,0,1,0,0,1,"3,10,13.4,8.9,28.9,8.3,35","tan,tan,tc3,tc3,tc3,tc3,tc1",0,4,0,1,0,2,2,0,1,3,0,0,0,1,0,0,0,extremely fast but extremely tippy when stopping and lowering elevator
df,2025nyro,qm,56,r1,1559,0,0,0,0,0,0,1,"55.5,25.2,18.3","tc3,tc3,tc4",1,2,0,0,0,0,0,0,0,1,0,0,0,0,0,0,0
np,2025nyro,qm,56,r3,3799,0,0,0,2,0,0,1,"97.8,11.8","tc3,tc3",0,2,0,0,0,0,4,0,1,0,0,0,0,0,0,0,0
JS,2025nyro,qm,56,b2,1591,1,0,0,0,0,0,1,"10.4,13.8,12.4,14.1,15.6,30.5,20.9","tc4,tap,tap,tc4,tc4,tc2,tc1",3,0,1,1,2,0,2,0,1,1,0,0,0,0,0,0,0
DD,2025nyro,qm,57,r2,10223,0,0,0,1,0,0,1,"33.2,12.3,17.1,11.3,23.9","tc1,tc1,tc1,tc1,tc1",0,0,0,5,0,0,0,0,1,1,0,1,0,0,0,0,0
ER,2025nyro,qm,57,b1,533,0,0,0,0,0,0,1,,{},0,0,0,0,0,0,0,0,1,0,0,0,0,0,0,0,1,didn't work for first half of match
JS,2025nyro,qm,57,b2,250,0,0,0,0,0,0,1,,{},0,0,0,0,0,0,0,0,0,1,1,0,0,0,0,0,0
mw,2025nyro,qm,57,r3,5881,0,0,0,0,0,0,1,,{},0,0,0,0,0,0,0,0,1,1,1,0,0,0,0,0,0,"got a piece of coral stuck, couldn't do anything rest of game."
cc,2025nyro,qm,57,b3,3015,3,0,0,0,0,0,0,"0.1,6.2,6.4,6.5,6.2,34.6,0.4,4.4,4.9,13.7,5.2,61","tc4,tc4,tc4,tc4,tc4,tc4,tc4,tc3,tc3,tc3,tc3,tc4",8,4,0,0,0,0,3,0,1,3,0,0,0,1,0,0,0,got stuck on algae then got unstuck
df,2025nyro,qm,57,r1,695,2,0,0,0,0,0,0,"10.9,12.9,7.4,9.7,10.5,9.2,35.8,22.6,14.6","tc4,tc4,tc4,tc4,tc4,tc4,tc4,tc4,tc4",9,0,0,0,0,0,0,0,0,0,0,0,0,0,0,0,1,it started going in circle nd in the wrong direction
DD,2025nyro,qm,58,r2,3004,0,0,0,0,0,0,1,"1.8,66.3,16.6","tc1,tc1,tc1",0,0,0,3,0,0,0,0,1,1,0,0,0,0,0,0,0
mw,2025nyro,qm,58,r3,639,0,0,0,0,0,0,1,"23.4,11.2,12.4,15.7,11.6,17.5,11.3","tap,tc1,tc1,tc1,tc2,tc3,tc4",1,1,1,3,1,0,1,0,0,3,0,0,0,0,0,0,0
cc,2025nyro,qm,58,b3,2614,0,0,0,0,0,0,0,"13.6,13.2,22.3,19,28.1","tap,tap,tc3,tc3,tc4",1,2,0,0,2,0,3,0,1,1,0,0,0,0,0,0,0
df,2025nyro,qm,58,r1,340,3,0,0,0,0,0,1,"0.9,6,11.2,4.7,6.1,7.3,7.5,12,7.7,10.9,8.2,5.6,6,10.3","tc4,tc4,tc3,tc3,tc3,tc3,tc3,tc2,tc2,tc2,tc2,tc2,tc4,tc4",4,5,5,0,0,0,1,0,0,3,0,0,0,0,0,0,0,got stuck for a few seconds nerd the end but go unstuc
ER,2025nyro,qm,58,b1,4611,2,0,0,0,0,0,1,"0.1,15.2,22,7.2,21.5,6.5,5.8,9.6,7.9,14.6","tc4,tc4,tc3,tc3,tc4,tc2,tc2,tc4,tc4,tc4",6,2,2,0,0,0,2,0,1,3,0,0,0,1,0,0,0,tippy only when the elevator is fully extended
JS,2025nyro,qm,58,b2,3003,1,0,0,0,0,0,1,"9.6,29.1,15.5,12,21.8,27.9,8.5","tc4,tc4,tc3,tc3,tc2,tc2,tc2",2,2,3,0,0,0,0,0,1,0,0,0,0,0,0,0,0
cc,2025nyro,qm,59,b3,8393,0,0,1,0,0,0,1,"13.9,21.4,38.3,17.3,19.9,10.7,8.3","tc2,tc3,tc3,tc2,tc3,tc2,tc2",0,3,4,0,0,0,1,1,1,1,0,0,0,0,0,0,0
mw,2025nyro,qm,59,r3,1405,0,0,0,1,0,0,1,"11.9,12.6,11,9,11.2,27.9,16,15.3","tc4,tc4,tc4,tc4,tc4,tc4,tc4,tc3",7,1,0,0,0,0,0,0,1,3,0,0,0,0,0,0,0
JS,2025nyro,qm,59,b2,3171,1,0,0,0,0,0,1,"66,0.4,14.4,43.9","tc4,tc4,tc3,tc2",2,1,1,0,0,0,0,0,1,1,0,1,0,0,0,0,0
df,2025nyro,qm,59,r1,1511,0,0,0,0,0,0,1,"2.5,11.4,9.6,14.7,47.2,11,12","tc4,tan,tan,tan,tan,tc4,tc4",3,0,0,0,0,4,6,1,0,2,0,0,0,0,0,0,0
ER,2025nyro,qm,59,b1,1787,2,0,0,0,0,0,1,"0.1,9.5,6.6,13.1,10.4,7.9,9,41.1","tc4,tc4,tc4,tc4,tc4,tc4,tc4,tc2",7,0,1,0,0,0,0,1,0,3,0,0,0,0,0,0,0
DD,2025nyro,qm,59,r2,578,0,0,0,0,0,0,1,,{},0,0,0,0,0,0,0,0,0,1,1,0,0,0,0,0,0
" ""bo",2025nyro,qm,60,b3,6621,1,0,0,0,0,0,1,"45.5,9.6,22.7,15.9,4.8,11.6,6.6","tc3,tc3,tc3,tc4,tc4,tc4,tc4",4,3,0,0,0,0,0,0,1,3,0,0,0,0,0,0,0,inconsistent coral place
RV,2025nyro,qm,60,r1,378,0,0,1,0,0,0,1,"44.4,62.2,17","tc2,tc3,tc2",0,1,2,0,0,0,2,0,1,3,0,0,0,0,0,0,0
CD,2025nyro,qm,60,r2,9643,0,0,0,0,0,0,1,"23.3,18.5,26.2,18.3","tc1,tc1,tc1,tc1",0,0,0,4,0,0,0,0,1,0,0,0,1,0,0,0,0
AC,2025nyro,qm,60,b1,8140,0,0,0,0,0,0,1,16.1,tc1,0,0,0,1,0,0,0,0,1,0,0,0,0,0,0,0,0,got 2 coral stuck inside of itself
JS,2025nyro,qm,60,b2,191,0,0,0,0,0,0,1,,{},0,0,0,0,0,0,0,0,1,1,1,0,0,0,0,0,1,"got coral stuck in elevator ,could not climb within 30 seconds"
np,2025nyro,qm,60,r3,3173,3,0,0,0,0,0,1,"6,29.2,17.2,16.7,15.7,10.4,10.2,6.8,7.2","tc4,tc4,tc4,tc3,tc3,tc2,tc1,tc2,tc2",3,2,3,1,0,0,1,0,1,3,0,0,0,0,0,0,0
CD,2025nyro,qm,61,r2,7165,0,0,0,0,0,0,1,"6.3,20,8.5,11.8,7.2,32.7,14.3,15.5","tc4,tc3,tc3,tc2,tc2,tc2,tc3,tc2",1,3,4,0,0,0,1,0,1,1,0,0,0,0,0,0,0
bo,2025nyro,qm,61,b3,6911,0,0,0,0,0,0,1,"6.9,8.3,27.3,26,11.1,35.8,10.8","tc4,tc4,tc4,tc4,tc4,tc3,tc3",5,2,0,0,0,0,0,0,0,0,0,0,0,0,0,0,0,got a coral stuck in them but got it out
RV,2025nyro,qm,61,r1,1507,1,0,0,0,0,0,1,"17.1,10,14.5,13.1,36.3,9.7,12","tc4,tc4,tc4,tc4,tc2,tc3,tc4",5,1,1,0,0,0,1,0,1,3,0,0,0,0,0,0,0
np,2025nyro,qm,61,r3,20,0,0,0,0,0,0,1,"19.5,0.6,28.3,28.6,9.7,14.3,12.2","tap,tap,tc4,tc2,tc3,tc3,tc4",2,2,1,0,2,0,0,0,1,3,0,0,0,0,0,0,0
AC,2025nyro,qm,61,b1,6868,0,0,0,0,0,0,0,"0.1,13.4,9.8,11.5,11.4,24.9,12.5,13.6,14,13.2","tc4,tc4,tc4,tc4,tc3,tc4,tc3,tc3,tc4,tc4",7,3,0,0,0,0,1,0,1,1,0,0,0,1,0,0,0
JS,2025nyro,qm,61,b2,271,0,0,0,0,0,0,1,"33.9,31.7,15.6","tap,tap,tap",0,0,0,0,3,0,1,0,0,0,0,0,0,0,0,0,1,knocked into red cages trying to steal algae
bo,2025nyro,qm,62,b3,564,0,0,0,0,0,0,1,,{},0,0,0,0,0,0,0,0,0,1,0,0,0,0,0,0,1,"elevator didn't elevate for first half of game, then was really weak"
JS,2025nyro,qm,62,b2,2010,0,0,0,1,0,0,1,"24.6,16.7,24.3,15.1","tc4,tc4,tc4,tc4",4,0,0,0,0,0,1,0,1,1,0,0,0,0,0,0,0
CD,2025nyro,qm,62,r2,4930,0,0,0,0,0,0,1,"37.4,39.7,14.6","tc2,tc2,tc2",0,0,3,0,0,0,0,0,1,1,1,0,0,0,0,0,0
np,2025nyro,qm,62,r3,2228,1,0,0,0,0,0,1,"4.3,5.8,14.7,13.1,15.3,17.3,6,19.4,12","tc3,tap,tap,tan,tap,tc2,tan,tan,tc2",0,1,2,0,3,3,5,0,1,3,0,0,0,0,0,0,0
RV,2025nyro,qm,62,r1,3044,2,0,0,0,0,0,1,"8.7,11.9,10.4,5.1,7.9,7.1,7.8,11.6,7.3,23,19.3","tc4,tc4,tc3,tc3,tc3,tc3,tc4,tc1,tc2,tc2,tc4",4,4,2,1,0,0,0,0,1,0,0,0,0,0,0,0,0,looked consistent at first then seemed less at end
AC,2025nyro,qm,62,b1,1518,0,0,0,0,0,0,1,"0.1,16.5,70.6","tc4,tap,tap",1,0,0,0,2,0,4,0,1,0,0,0,0,1,0,0,0,can't pick alge from floor
bo,2025nyro,qm,63,b3,229,0,0,0,0,0,0,0,,{},0,0,0,0,0,0,0,0,0,1,0,0,0,0,0,0,1,"didn't ever move, possibly hit estop when meant to hit astop, got pushed into park"
JS,2025nyro,qm,63,b2,2340,0,0,0,0,0,0,1,"4.1,39.3,27.4,20.3","tc1,tc3,tc3,tc3",0,3,0,1,0,0,0,0,0,1,0,1,0,0,0,0,0
CD,2025nyro,qm,63,r2,9622,0,0,0,0,0,0,1,,{},0,0,0,0,0,0,0,0,0,0,1,0,0,0,0,0,0
RV,2025nyro,qm,63,r1,1585,0,0,0,0,0,0,1,"29.4,20.1,16.9,9.4,19,18.5","tc2,tc2,tc2,tc2,tc2,tc2",0,0,6,0,0,0,1,0,1,1,0,0,0,0,0,0,0,L2 potato
AC,2025nyro,qm,63,b1,8243,0,0,0,0,0,0,1,"7.8,14.3,0.5,6.1,7.2,47.6,27.1,14.6","tc1,tc1,tc1,tc1,tc1,tc1,tc2,tc1",0,0,1,7,0,0,0,0,1,1,0,0,0,0,0,0,0
np,2025nyro,qm,63,r3,1126,0,0,0,1,0,0,1,"16,20.1,21.8,11.6,15,11.5","tc4,tc4,tc4,tc4,tc4,tc4",6,0,0,0,0,0,0,0,1,1,0,0,0,0,0,0,0
RV,2025nyro,qm,64,r1,340,3,0,0,0,0,0,0,"28,7.8,18.8,9.2,6.5,3.9,29.9","tc1,tc1,tc1,tc1,tc2,tc2,tc4",1,0,2,4,0,0,3,0,1,3,0,0,0,0,0,0,0,driver not good at back of reef
bo,2025nyro,qm,64,b3,3004,0,0,0,0,0,0,1,"16.4,11,9.9,17.1,12.9","tc1,tc1,tc1,tc1,tc1",0,0,0,5,0,0,0,0,0,1,1,0,0,0,0,0,0,"kitbot, swapped out swerve drivebase as defence"
CD,2025nyro,qm,64,r2,695,2,0,0,0,0,0,1,"10.3,9.9,13.1,2.9,5.8,9,8.3,6.9,7.9,8.1,6.9,11.3,8.2,13.5,11.2","tc3,tc3,tc2,tc3,tc3,tc2,tc3,tc2,tc2,tc4,tc4,tc4,tc4,tc4,tc3",5,6,4,0,0,0,1,0,1,0,0,1,0,0,0,0,0
np,2025nyro,qm,64,r3,1559,0,0,0,0,0,0,1,,{},0,0,0,0,0,0,0,0,1,1,0,0,0,0,0,0,0
JS,2025nyro,qm,64,b2,10223,0,0,0,0,0,0,1,"6.6,32.5,0.8,1.9,18.3,1.1","tc1,tc1,tc1,tc1,tc1,tc1",0,0,0,6,0,0,0,0,1,3,0,0,0,0,0,0,0,"some days may be wrong, I started tracking the wrong kit bot"
AC,2025nyro,qm,64,b1,7903,0,0,0,0,0,0,1,,{},0,0,0,0,0,0,0,0,0,1,1,0,0,0,0,0,0,played defens but did not defend well
bo,2025nyro,qm,65,b3,250,0,0,0,0,0,0,1,,{},0,0,0,0,0,0,0,0,0,1,1,0,0,0,0,0,0,played good defence
DD,2025nyro,qm,65,r2,424,0,0,0,0,0,0,1,"14.4,36.7","tc4,tc4",2,0,0,0,0,0,1,0,1,3,0,0,0,1,0,0,0,"Way to heavy intake, robot tips on every action"
JS,2025nyro,qm,65,b2,2791,0,0,0,0,0,0,1,63.7,tc4,1,0,0,0,0,0,0,0,1,1,0,1,0,0,0,0,0
AC,2025nyro,qm,65,b1,639,0,0,0,0,0,0,1,"34.3,9.5,14.4,9.8,43.8","tc3,tc3,tc3,tc3,tc3",0,5,0,0,0,0,3,0,1,1,0,0,0,0,0,0,0
np,2025nyro,qm,65,r3,1511,0,0,0,0,0,0,1,"19.4,17.8,22,14.6,16.9,16","tan,tan,tc4,tc4,tc1,tan",2,0,0,1,0,3,3,0,1,3,0,0,0,0,0,0,0
RV,2025nyro,qm,65,r1,5590,0,0,0,0,0,0,1,"34.8,41.1,41.8","tc4,tc4,tc4",3,0,0,0,0,0,0,0,1,1,0,1,0,0,0,0,1,intake very bad at coral
DD,2025nyro,qm,66,r2,2614,1,0,0,0,0,0,1,"2.1,12.3,5.7,25.1,5.3,11.4,9.6,11,13.4,4.9,18.9","tc4,tc4,tc4,tc3,tc4,tc3,tc3,tc2,tc3,tc2,tc2",4,4,3,0,0,0,1,0,1,0,0,0,0,0,0,0,0
bo,2025nyro,qm,66,b3,4611,3,0,0,0,0,0,1,"18.7,10.5,15,5.5,15.4,14,11.8,12.7,17.4","tc4,tc3,tc4,tap,tc3,tc3,tc3,tc3,tc3",2,6,0,0,1,0,1,0,1,3,0,0,0,0,0,0,0
AC,2025nyro,qm,66,b1,3173,2,0,0,0,0,0,1,"6.6,8,5.2,10.3,8.1,11.5,4.7,6.9,6.6,6.8,12.2,5.5,12.4,6.4,9.5","tc2,tan,tc2,tc3,tan,tc2,tc2,tc2,tc1,tc1,tc1,tc1,tc1,tc3,tc3",0,3,5,5,0,2,2,0,1,3,0,0,0,0,0,0,0
RV,2025nyro,qm,66,r1,3181,0,0,0,0,0,0,1,,,0,0,0,0,0,0,0,0,0,1,1,0,0,0,0,0,0
JS,2025nyro,qm,66,b2,3015,1,0,0,0,0,0,1,"14.2,11.5,11.9,7.2,14.7,5.4,8.9,7,6.8,19.2,6.5,15.8","tc4,tc4,tc3,tc4,tc3,tc3,tc3,tc3,tc2,tc3,tc4,tc2",4,6,2,0,0,0,0,0,1,0,0,1,0,0,0,0,0
np,2025nyro,qm,66,r3,378,0,0,0,0,0,0,1,"26.6,8.6,17.4,15.5,6.9,8.3,11.4","tc3,tc3,tc4,tap,tap,tap,tap",1,2,0,0,4,0,2,0,1,1,0,0,0,0,0,0,0
JS,2025nyro,qm,67,b2,20,1,0,0,0,0,0,1,"44.8,23.6,4.6,9,11.1,14.2","tc4,tc4,tc4,tc4,tc4,tc3",5,1,0,0,0,0,0,0,1,3,0,1,0,0,0,0,0
eg,2025nyro,qm,67,b3,9643,0,0,0,0,0,0,1,"169.1,0.4,0.3","tc1,tc1,tc1",0,0,0,3,0,0,0,0,1,0,0,0,0,0,0,0,0,drivers kept hitting teammates
np,2025nyro,qm,67,r3,578,0,0,0,0,0,0,1,,{},0,0,0,0,0,0,0,0,0,1,1,0,0,0,0,0,0
DD,2025nyro,qm,67,r2,1787,1,0,0,0,0,0,1,"5.4,8.7,12,6,13.2,5.5,8.3","tc4,tc4,tc4,tc4,tc4,tc4,tc4",7,0,0,0,0,0,0,1,0,2,0,0,0,0,0,0,0
RV,2025nyro,qm,67,r1,3951,0,0,0,0,0,0,1,"11,43.2","tan,tan",0,0,0,0,0,2,4,0,0,1,0,0,0,0,0,0,0
AC,2025nyro,qm,67,b1,5881,0,0,0,0,0,0,1,"0.1,23.4,44.3","tc2,tc2,tc1",0,0,2,1,0,0,0,0,1,1,0,0,0,0,0,0,0,they have no way to hold the coral in their end effector so if the get taped it will fall out
DD,2025nyro,qm,68,r2,2010,0,0,0,0,0,0,1,"8.4,9.1,13.5,17.9,30.4,10.5","tan,tan,tan,tan,tan,tan",0,0,0,0,0,6,6,0,1,1,0,0,0,0,0,0,0
np,2025nyro,qm,68,r3,1308,0,0,0,0,0,0,1,"13.1,9.9","tap,tap",0,0,0,0,2,0,0,1,0,1,1,0,0,0,0,0,0
eg,2025nyro,qm,68,b3,1507,0,0,0,0,0,0,1,"48.7,13.3,11.6,8.6,15.6,15","tc4,tc4,tc4,tc4,tc4,tc4",6,0,0,0,0,0,0,0,1,1,0,0,0,0,0,0,0
RV,2025nyro,qm,68,r1,1591,2,0,0,0,0,0,1,"1,6.5,10.6,9.5,24.5,13.3,12.3,10.7,14.8,9.2,13.9","tc4,tc4,tc4,tc4,tc4,tc4,tc4,tc4,tc4,tc4,tc3",10,1,0,0,0,0,0,0,1,0,0,0,0,0,0,0,0
AC,2025nyro,qm,68,b1,6911,0,0,0,0,0,0,1,"11.6,10.7,9.2,8.4,8.4,32.7,10.8,8.5,30.4","tc4,tc4,tc4,tc4,tc4,tc4,tc3,tc3,tc3",6,3,0,0,0,0,0,0,1,0,0,0,0,0,0,0,0,wobbly
JS,2025nyro,qm,68,b2,1518,0,0,0,0,0,0,1,"112.4,0.3,0.9,1.9,22.5,1.2","tan,tan,tan,tan,tan,tan",0,0,0,0,0,6,0,0,0,1,0,1,0,0,0,0,0,got mixed up and tracked wrong robot but I think I fixed it times a bit off tho
RV,2025nyro,qm,69,r1,1126,0,0,0,0,0,0,1,"2,7.2,15.9,10.6,11.1,11.7,13.4,11.6,21.8","tc4,tc4,tc4,tc4,tc4,tc4,tc4,tc4,tc4",9,0,0,0,0,0,0,0,1,1,0,0,0,0,0,0,0
eg,2025nyro,qm,69,b3,4930,0,0,0,0,0,0,0,"23.7,9.5","tc2,tc2",0,0,2,0,0,0,0,0,1,1,0,0,0,0,0,0,0
AC,2025nyro,qm,69,b2,8393,1,0,0,0,0,0,1,"31.2,6.9,6.8,14.4","tap,tap,tap,tap",0,0,0,0,4,0,1,0,1,1,0,0,0,0,0,0,0,coral got stuck inside robot
AC,2025nyro,qm,69,b1,2252,2,0,0,1,0,0,0,"8.2,12.4,15.4,9.1,10.1,26.9,20.1,13.6","tc4,tc4,tc4,tc4,tc4,tc1,tc1,tc4",6,0,0,2,0,0,1,0,0,0,0,0,0,0,0,0,0,their blind womp womp
DD,2025nyro,qm,69,r2,229,0,0,0,0,0,0,1,,{},0,0,0,0,0,0,0,0,0,1,1,0,0,0,0,0,0
np,2025nyro,qm,69,r3,3003,0,0,0,0,0,0,1,"4.9,54.5","tc4,tc4",2,0,0,0,0,0,0,0,1,3,0,0,0,0,0,0,0,bro got cooed by some alge and then missed multiple times so cycle times are unreliable
CD,2025nyro,qm,70,r2,3799,0,0,0,0,0,0,1,35.8,tap,0,0,0,0,1,0,1,0,1,1,0,0,0,0,0,0,0
cc,2025nyro,qm,70,b3,2228,1,0,0,0,0,0,0,"7.7,0.5,0.4,12,40.8,12.8,16.9","tc4,tc4,tc4,tc4,tc1,tc1,tc2",4,0,1,2,0,0,0,0,1,1,0,1,0,0,0,0,0
np,2025nyro,qm,70,r3,1405,0,0,0,0,0,0,1,"10.7,9,23.1,9.1,9.8,13.7,12.6,16.2","tc4,tc4,tc4,tc4,tc4,tc4,tc4,tc4",8,0,0,0,0,0,0,0,1,3,0,0,0,0,0,0,0
RV,2025nyro,qm,70,r1,533,0,0,0,0,0,0,1,,{},0,0,0,0,0,0,0,0,0,1,1,0,0,0,0,0,0
AC,2025nyro,qm,70,b1,271,0,0,0,0,0,0,1,"38.5,69.8","tap,tap",0,0,0,0,2,0,5,0,0,1,0,0,0,0,0,0,0,attempted putting algae in processor but alga kept coming out
JS,2025nyro,qm,70,b2,1585,0,0,0,1,0,0,0,"18.6,29.8,13.1,50.6,11.5","tc1,tc2,tc2,tc1,tc2",0,0,3,2,0,0,0,0,1,0,0,1,0,0,0,0,0,glorified kit bot
RV,2025nyro,qm,71,r1,191,3,0,0,0,0,0,1,"14.5,8.7,8.8,14.2,6.7,6.8,7.4,6.9,33.9","tc4,tc4,tap,tc3,tc3,tc3,tc3,tc4,tc4",4,4,0,0,1,0,3,0,1,1,0,0,0,0,0,0,0
cc,2025nyro,qm,71,b3,3171,1,0,0,0,0,0,1,"13.1,15.4,41.8,0.4,15,16.2,14.4,15.2","tc4,tc4,tc4,tc4,tc4,tc4,tc2,tc4",7,0,1,0,0,0,0,0,1,0,0,0,0,0,0,0,0
JS,2025nyro,qm,71,b2,2340,0,0,1,0,0,0,1,"43,45","tc3,tc3",0,2,0,0,0,0,3,0,1,0,0,0,0,0,0,0,0
CD,2025nyro,qm,71,r2,8243,0,0,0,1,0,0,1,"4.7,2.2,1.1,10.3,13.5,15.9,9.7,13.6,21.6,13.8","tc1,tc1,tc1,tc1,tc1,tap,tc2,tc2,tc2,tc1",0,0,3,6,1,0,0,0,1,1,0,0,0,0,0,0,0
AC,2025nyro,qm,71,b1,564,0,0,0,0,0,0,0,,{},0,0,0,0,0,0,0,0,1,1,0,0,0,0,0,0,0,extremely slow elevator and autos seem to be bugged or unfinished(shook rapidly when attempting to leave the starting line)
np,2025nyro,qm,71,r3,6868,0,0,0,0,0,0,1,"45.5,42.9","tc3,tc3",0,2,0,0,0,0,1,0,1,1,0,0,0,0,0,0,0,incopentat drive team
CD,2025nyro,qm,72,r2,9622,0,0,0,0,0,0,1,82.5,tc1,0,0,0,1,0,0,0,0,1,1,0,0,0,0,0,0,0
cc,2025nyro,qm,72,b3,3044,1,0,0,0,0,0,0,"6,6.8,9.4,8.5,7.7,9.1,13.5,13.9,14.9,11.2,12.8,11.5","tc4,tc4,tc4,tc3,tc3,tc4,tc4,tc4,tc4,tc4,tc4,tc3",9,3,0,0,0,0,1,0,1,1,0,0,0,1,0,0,0
bo,2025nyro,qm,72,b2,3838,0,0,0,1,0,0,1,,{},0,0,0,0,0,0,0,0,0,3,0,0,0,0,0,0,0,"bad end effector, hard to intake, often trops"
RV,2025nyro,qm,72,r1,7165,0,0,0,0,0,0,1,"3.5,13.3,77.3","tc4,tap,tc1",1,0,0,1,1,0,4,0,1,1,0,0,0,1,0,0,0
AC,2025nyro,qm,72,b1,6621,0,0,0,0,0,0,1,0.1,tc2,0,0,1,0,0,0,0,0,0,1,1,0,0,0,0,0,1,coral got stuck in the bot arm seems to have
np,2025nyro,qm,72,r3,8140,0,0,0,1,0,0,1,"21.2,8.8","tc1,tc1",0,0,0,2,0,0,0,0,1,1,0,0,0,0,0,0,0
bo,2025nyro,qm,73,b2,250,0,0,0,0,0,0,1,,{},0,0,0,0,0,0,0,0,0,1,1,0,0,0,0,0,0,"defence bot, but a pretty good one, pinned3 plus at least twice"
cc,2025nyro,qm,73,b3,378,0,0,0,0,0,0,1,"21.3,11.8,11.2,43.6,8.1,19.8","tc2,tc3,tc3,tc3,tc3,tc3",0,5,1,0,0,0,0,0,1,2,0,0,0,0,0,0,0
CD,2025nyro,qm,73,r2,2614,2,0,1,0,0,0,0,"2.2,8,3.3,22.3,23.5,38.8","tc4,tc4,tc4,tc4,tc4,tc3",5,1,0,0,0,0,1,0,1,1,0,1,0,0,0,0,0
AC,2025nyro,qm,73,b1,1511,0,0,0,0,0,0,1,"5.2,12.2,22,15.6,11.1,13.2,20.9,14.3,11.6","tc4,tan,tan,tc4,tan,tc1,tan,tan,tc4",3,0,0,1,0,5,5,0,1,1,0,0,0,0,0,0,0,tried to grab an alge but got blocked out by  coral in stead of moving the coral they pivoted to an other alge
np,2025nyro,qm,73,r3,7903,0,0,0,0,0,0,0,,{},0,0,0,0,0,0,0,0,0,0,0,0,0,0,0,0,0
RV,2025nyro,qm,73,r1,20,1,0,0,0,0,0,1,"12.2,11.1,15.6,11.8,14.6,11.4,15.4,15.3,11.1","tc4,tc4,tc4,tc4,tc4,tc3,tc3,tc3,tc3",5,4,0,0,0,0,0,0,1,3,0,1,0,0,0,0,0
CD,2025nyro,qm,74,r2,2791,0,0,0,0,0,0,0,"19.2,24.2,58.2","tc4,tc4,tc4",3,0,0,0,0,0,0,0,0,0,0,0,0,1,0,0,0
bo,2025nyro,qm,74,b2,3173,2,0,0,0,0,0,1,"6.7,7.7,5.9,18.1,9.8,6.7,39.3,8.3,9.1","tc1,tc4,tc1,tc3,tc3,tc1,tc4,tc1,tc4",3,2,0,4,0,0,0,0,1,1,0,0,0,0,0,0,0,nice
AC,2025nyro,qm,74,b1,340,1,0,0,0,0,0,1,"0.1,13,2.6,17.5,4.4,8.8,7.4,8.7,3.9,6.9,7.3,7.6,9.3","tc4,tc3,tc3,tc2,tc2,tc3,tc2,tc2,tc2,tc4,tc4,tc4,tc4",5,3,5,0,0,0,2,0,0,3,0,0,0,0,0,0,0,played fine missed afew
cc,2025nyro,qm,74,b3,10223,0,0,0,1,0,0,1,"18.4,9.2,14.1,11,48.7","tc1,tc1,tc1,tc1,tc1",0,0,0,5,0,0,0,0,1,3,0,0,0,0,0,0,1,blocked our deep climb which means no ranking point. flip that robot
RV,2025nyro,qm,74,r1,1518,0,0,0,0,0,0,1,"0.3,16.1","tan,tan",0,0,0,0,0,2,2,0,0,1,0,0,0,0,0,0,0
np,2025nyro,qm,74,r3,3951,0,0,1,0,0,0,1,"6.3,36.6,52","tan,tan,tc3",0,1,0,0,0,2,1,0,1,1,0,0,0,0,0,0,0
bo,2025nyro,qm,75,b2,3004,0,0,0,1,0,0,1,"20.4,16.4,18.6,21.3,46.4","tc1,tc1,tc1,tc1,tc1",0,0,0,5,0,0,0,0,0,1,0,0,0,0,0,0,0,kitbot
DD,2025nyro,qm,75,r2,5881,0,0,0,0,0,0,1,11.8,tc2,0,0,1,0,0,0,1,0,1,1,0,0,0,0,0,0,0
eg,2025nyro,qm,75,b3,424,0,0,0,0,0,0,1,"15.8,30.1,10.6,19.7,15.7,22","tc4,tc4,tc4,tc4,tc4,tc4",6,0,0,0,0,0,2,0,1,1,0,0,0,1,0,0,0
RV,2025nyro,qm,75,r1,229,0,0,0,0,0,0,0,,{},0,0,0,0,0,0,0,0,0,1,1,0,0,0,0,0,0
AC,2025nyro,qm,75,b1,1308,0,0,0,0,0,0,1,"40.8,22","tap,tap",0,0,0,0,2,0,1,1,0,1,0,0,0,0,0,0,0
np,2025nyro,qm,75,r3,1787,1,0,0,0,0,0,1,"17.4,8,21.2","tc4,tc4,tc4",3,0,0,0,0,0,2,1,0,0,0,0,1,0,0,0,0,seems like they disconnected midway through the match
bo,2025nyro,qm,76,b2,1507,2,0,0,0,0,0,1,"16.1,12,18.8,16.9,15.3,13.1,12.2","tc4,tc4,tc4,tc4,tc4,tc2,tc4",6,0,1,0,0,0,0,0,1,3,0,0,0,0,0,0,0
eg,2025nyro,qm,76,b3,1559,0,0,0,0,0,0,1,"29.7,19.3,16.8,25.7","tc4,tc4,tc4,tc4",4,0,0,0,0,0,0,0,1,3,0,0,0,0,0,0,0,slow elevator
DD,2025nyro,qm,76,r2,3003,1,0,0,0,0,0,1,"17.3,13.3,13.8,32.6,15.7,14.4","tc1,tc4,tc4,tc4,tc4,tc4",5,0,0,1,0,0,0,0,1,3,0,0,0,0,0,0,0
RV,2025nyro,qm,76,r1,2228,0,0,0,0,0,0,1,"18.1,18.6,8.9,13.9,11.5,18.6,17.7,12.1","tan,tan,tan,tan,tan,tc4,tc4,tc4",3,0,0,0,0,5,3,0,1,1,0,0,0,0,0,0,0
AC,2025nyro,qm,76,b1,1585,0,0,0,0,0,0,1,,{},0,0,0,0,0,0,0,0,0,1,1,0,0,0,0,0,0,was okay at defense but often pushed away
np,2025nyro,qm,76,r3,3181,0,0,0,0,0,0,1,,{},0,0,0,0,0,0,0,0,0,1,1,0,0,0,0,0,0
DD,2025nyro,qm,77,r2,578,0,0,0,0,0,0,1,,{},0,0,0,0,0,0,0,0,0,1,1,0,0,0,0,0,0
bo,2025nyro,qm,77,b2,533,0,0,0,0,0,0,1,15.1,tc4,1,0,0,0,0,0,0,0,0,0,1,0,0,0,0,0,0,"neve even attempted I take, just scored L4 then defended"
eg,2025nyro,qm,77,b3,191,2,0,0,0,0,0,0,"8.9,8.5,12.3,5.1,19.7,4.4,4.5,6.6,7.8,15.5","tap,tap,tc3,tc3,tc2,tc2,tc3,tc3,tc4,tc4",2,4,2,0,2,0,3,0,1,3,0,0,0,0,0,0,0
RV,2025nyro,qm,77,r1,8393,0,0,0,0,0,0,1,"23.8,15,5.2,8.1,11.9,15.1,13.2","tap,tap,tap,tap,tap,tap,tap",0,0,0,0,7,0,2,0,0,0,0,0,0,0,0,0,1,coral stuck in robot
AC,2025nyro,qm,77,b1,4611,3,0,0,0,0,0,1,"5.8,15,9.3,7.5,5.6,29.7,10.7,12.6,9.2","tc4,tc4,tc3,tc3,tc3,tc2,tc4,tc4,tc3",4,4,1,0,0,0,2,0,1,3,0,0,0,1,0,0,0,ran into reef and almost tipped over
bo,2025nyro,qm,78,b2,6621,1,0,0,0,0,0,1,"16.4,1.9,3.2,7.8,10.8,30.9,5.1,10.8,11.2,8.5","tc3,tc3,tc3,tc3,tc3,tc2,tc3,tc3,tc2,tc2",0,7,3,0,0,0,0,0,0,3,0,0,0,0,0,0,0,pretty good
DD,2025nyro,qm,78,r2,1591,1,0,0,0,0,0,1,"0.3,4.9,7.2,10.8,10.8,8.6,9,16.8,24.9,9.5,12.1","tc4,tc4,tc4,tc1,tc4,tc4,tc4,tc4,tc4,tc4,tc4",10,0,0,1,0,0,0,0,1,1,0,0,0,0,0,0,0
eg,2025nyro,qm,78,b3,1405,0,0,0,0,0,0,1,"23.3,7.4,12,8.7,22.2","tc4,tc4,tc4,tc4,tc2",4,0,1,0,0,0,3,0,1,3,0,0,0,0,0,0,0
AC,2025nyro,qm,78,b1,2252,2,0,0,0,0,0,0,"7.7,9.8,11.7,11.4,19.8,13.9,11.9,14.1,40.1","tc4,tc4,tc4,tc4,tc3,tc3,tc3,tc4,tc3",5,4,0,0,0,0,0,0,1,0,0,0,0,0,0,0,0,no vision they blind
MW,2025nyro,qm,78,r3,6868,0,0,0,0,0,0,1,"9,28.8,20.6,21.2,14.5,17.9,20.4","tc4,tc3,tc3,tc3,tc3,tc3,tc1",1,5,0,1,0,0,3,0,1,1,0,0,0,0,0,0,0
RV,2025nyro,qm,78,r1,639,0,0,0,0,0,0,1,"51.6,19.4,30.3","tc3,tc3,tc3",0,3,0,0,0,0,3,0,1,1,0,0,0,0,0,0,0
DD,2025nyro,qm,79,r2,7165,0,0,0,0,0,0,1,"67.8,19.5,50.4","tc4,tc4,tc2",2,0,1,0,0,0,0,0,1,0,0,0,0,1,0,0,0
bo,2025nyro,qm,79,b3,5590,0,0,0,0,0,0,1,"115.3,16.4,2","tc3,tc3,tc3",0,3,0,0,0,0,0,0,0,1,0,0,0,0,0,0,0
eg,2025nyro,qm,79,b2,695,2,0,0,0,0,0,0,"0.1,5.3,6.6,13.6,9.3,6.9,5.6,7.7,9.2,6.3,5.3,6.8,7,8.9,3.1,6.2,8.6","tc4,tc4,tc4,tc4,tc4,tc4,tc4,tc4,tc4,tc3,tc3,tc3,tc3,tc3,tc3,tc3,tc3",9,8,0,0,0,0,0,0,1,1,0,0,0,0,0,0,0
JS,2025nyro,qm,79,r1,9643,0,0,0,0,0,0,1,"3.1,6.2,5.9,10.3,11.7,19.5,15","tc1,tc1,tc1,tc1,tc1,tc1,tc1",0,0,0,7,0,0,0,0,1,0,0,1,0,0,0,0,0,got caught on algae also had one coral haf in robot
AC,2025nyro,qm,79,b1,9622,0,0,0,0,0,0,1,,{},0,0,0,0,0,0,0,0,0,1,1,0,0,0,0,0,0,bad at defense
MW,2025nyro,qm,79,r3,2010,0,0,0,1,0,0,1,"17.5,50,13.9,23","tap,tan,tan,tc4",1,0,0,0,1,2,5,0,1,1,0,1,0,0,0,0,0
eg,2025nyro,qm,81,b2,3015,3,0,0,0,0,0,1,"4.6,9.9,19.2,11.8,10.2,15,6.4,7.8,17.7,4.1,7.5","tc4,tc4,tc3,tc4,tc3,tc4,tc4,tc4,tc3,tc3,tc3",6,5,0,0,0,0,3,0,1,3,0,1,0,0,0,0,0
bo,2025nyro,qm,81,b3,1126,0,0,0,0,0,0,1,48.3,tc2,0,0,1,0,0,0,0,0,0,3,1,0,0,0,0,0,0,bad intake
JS,2025nyro,qm,81,r1,564,0,0,0,0,0,0,0,37.8,tc2,0,0,1,0,0,0,0,0,0,1,0,0,0,0,0,0,0,very slow
RV,2025nyro,qm,81,r3,271,0,0,0,0,0,0,1,48.2,tan,0,0,0,0,0,1,6,0,0,1,0,0,0,0,0,0,0
CD,2025nyro,qm,81,r2,3044,2,0,0,0,0,0,1,"3.6,7.5,7.2,8.1,9.4,15,13.4,7.9,10.7,15.8,9.2,5.9,7.7,11.8","tc4,tc4,tc4,tc4,tc4,tc4,tc4,tc4,tc4,tc4,tc3,tc3,tc3,tc1",10,3,0,1,0,0,0,0,1,1,0,0,0,0,0,0,0
AC,2025nyro,qm,81,b1,3838,0,0,0,0,0,0,0,"59,20.8","tc4,tc4",2,0,0,0,0,0,0,0,1,1,0,0,0,1,0,0,0,elevator is extremely wobbly and is slow when descending
eg,2025nyro,qm,80,b2,8140,0,0,0,0,0,0,1,"10.3,64.4","tc1,tc1",0,0,0,2,0,0,0,0,1,1,0,0,0,0,0,0,0
MW,2025nyro,qm,80,r3,6911,0,0,0,0,0,0,1,"3.2,22.9,14.7,31.6,8.3,11.4,12.6,13.1,12.6","tc4,tc4,tc4,tc4,tc4,tc4,tc4,tc4,tc4",9,0,0,0,0,0,0,0,1,1,0,0,0,0,0,0,0
JS,2025nyro,qm,80,r1,3799,0,0,0,1,0,0,1,82.8,tc3,0,1,0,0,0,0,2,0,1,3,0,0,0,0,0,0,0,lots of coral misses
bo,2025nyro,qm,80,b3,4930,0,0,0,0,0,0,1,"44.4,5.1,18.6,14.3","tc2,tc2,tc2,tc2",0,0,4,0,0,0,0,0,1,0,0,0,1,0,0,0,1,drifted out of park after power had been cut
CD,2025nyro,qm,80,r2,2340,0,0,0,0,0,0,1,12.7,tc2,0,0,1,0,0,0,2,0,1,0,0,0,0,0,0,0,0
AC,2025nyro,qm,80,b1,3171,1,0,0,0,0,0,1,,{},0,0,0,0,0,0,0,0,0,0,0,0,1,0,0,0,1,stopped moving right after auto
jl,2025nyro,sf,82,r2,6911,1,0,0,0,0,0,0,"0.1,34.7,17,8.6,33.2","tan,tan,tan,tan,tan",0,0,0,0,0,5,0,1,0,1,0,0,0,0,0,0,0,they were stealing algae from the ops side some of the time
bo,2025nyro,qm,2,b3,6911,0,0,0,0,0,0,1,"9.1,9.4,11.8,52.7,18.7,10.5","tan,tan,tan,tan,tan,tan",0,0,0,0,0,6,3,1,0,1,1,0,0,0,0,0,0,opponent algae farm
bo,2025nyro,qm,83,b3,6911,0,0,0,0,0,0,1,"9.1,9.4,11.8,52.7,18.7,10.5","tan,tan,tan,tan,tan,tan",0,0,0,0,0,6,3,1,0,1,1,0,0,0,0,0,0,opponent algae farm
jl,2025nyro,qm,84,b1,6911,0,0,0,0,0,0,0,14.7,tan,0,0,0,0,0,1,1,0,0,1,1,0,0,0,0,0,0,:3
