Scouter Name,Event,Match Level,Match #,Robot,Team #,Cycle Time,Cycle Type
ER,2025nyro,qm,1,b1,8243,20.1,tc1
ER,2025nyro,qm,1,b1,8243,9.9,tc1
ER,2025nyro,qm,1,b1,8243,10.1,tc1
ER,2025nyro,qm,1,b1,8243,8.8,tc1
ER,2025nyro,qm,1,b1,8243,13.2,tc1
ER,2025nyro,qm,1,b1,8243,9,tc1
ER,2025nyro,qm,1,b1,8243,14.6,tc1
ER,2025nyro,qm,1,b1,8243,9.3,tc1
ER,2025nyro,qm,1,b1,8243,7.5,tc1
ER,2025nyro,qm,1,b1,8243,10.1,tc1
RV,2025nyro,qm,2,b2,20,13.4,tc4
RV,2025nyro,qm,2,b2,20,10.3,tc4
RV,2025nyro,qm,2,b2,20,10.4,tc4
RV,2025nyro,qm,2,b2,20,17.5,tc4
RV,2025nyro,qm,2,b2,20,10.5,tc4
RV,2025nyro,qm,2,b2,20,9.4,tc4
RV,2025nyro,qm,2,b2,20,13.9,tc4
RV,2025nyro,qm,2,b2,20,14.6,tc4
RV,2025nyro,qm,2,b2,20,14.7,tc4
RV,2025nyro,qm,1,b2,1518,25,tap
RV,2025nyro,qm,1,b2,1518,25.6,tap
np,2025nyro,qm,2,r3,6621,61.3,tc3
np,2025nyro,qm,2,r3,6621,20.5,tc3
np,2025nyro,qm,2,r3,6621,34.5,tc4
np,2025nyro,qm,1,r3,1559,,{}
er,2025nyro,qm,2,b1,3181,25.8,tc4
eg,2025nyro,qm,1,b3,340,4.1,tc4
eg,2025nyro,qm,1,b3,340,5.2,tc4
eg,2025nyro,qm,1,b3,340,13,tc3
eg,2025nyro,qm,1,b3,340,3.7,tc3
eg,2025nyro,qm,1,b3,340,5,tc3
eg,2025nyro,qm,1,b3,340,4.5,tc3
eg,2025nyro,qm,1,b3,340,8.6,tc3
eg,2025nyro,qm,1,b3,340,9.2,tc2
eg,2025nyro,qm,1,b3,340,5.1,tc2
eg,2025nyro,qm,1,b3,340,35.8,tc1
eg,2025nyro,qm,1,b3,340,0.3,tc1
eg,2025nyro,qm,1,b3,340,0.4,tc1
eg,2025nyro,qm,1,b3,340,7.4,tc4
eg,2025nyro,qm,2,b3,533,,{}
DD,2025nyro,qm,1,r2,1511,9.2,tap
DD,2025nyro,qm,1,r2,1511,37.7,tc4
DD,2025nyro,qm,1,r2,1511,9.8,tap
DD,2025nyro,qm,1,r2,1511,15.1,tc4
er,2025nyro,qm,3,b1,2340,,{}
DD,2025nyro,qm,3,r2,271,18.9,tap
jp,2025nyro,qm,3,r1,250,,{}
RV,2025nyro,qm,3,b2,3173,6.3,tc4
RV,2025nyro,qm,3,b2,3173,7.6,tc4
RV,2025nyro,qm,3,b2,3173,8.9,tc4
RV,2025nyro,qm,3,b2,3173,8,tap
RV,2025nyro,qm,3,b2,3173,6.2,tap
RV,2025nyro,qm,3,b2,3173,10,tc1
RV,2025nyro,qm,3,b2,3173,9.5,tc1
RV,2025nyro,qm,3,b2,3173,8.5,tc1
RV,2025nyro,qm,3,b2,3173,6.6,tc3
RV,2025nyro,qm,3,b2,3173,10.1,tc4
RV,2025nyro,qm,3,b2,3173,12.7,tc4
RV,2025nyro,qm,3,b2,3173,9.7,tc4
RV,2025nyro,qm,3,b2,3173,8.3,tc4
ZS,2025nyro,qm,3,r3,695,7.4,tc4
ZS,2025nyro,qm,3,r3,695,9.6,tc4
ZS,2025nyro,qm,3,r3,695,3.7,tc4
ZS,2025nyro,qm,3,r3,695,5.9,tc4
ZS,2025nyro,qm,3,r3,695,10.6,tc4
ZS,2025nyro,qm,3,r3,695,11.1,tc4
ZS,2025nyro,qm,3,r3,695,9.5,tc4
ZS,2025nyro,qm,3,r3,695,8.7,tc4
ZS,2025nyro,qm,3,r3,695,7.8,tc4
ZS,2025nyro,qm,3,r3,695,12,tc4
ZS,2025nyro,qm,3,r3,695,9.5,tc4
eg,2025nyro,qm,3,b3,9622,,{}
jp,2025nyro,qm,1,r1,8140,33.8,tc2
jp,2025nyro,qm,1,r1,8140,23.1,tc2
DD,2025nyro,qm,4,r2,5881,110.6,tc2
JS,2025nyro,qm,4,b2,7903,,{}
jp,2025nyro,qm,4,r1,3044,12.7,tc4
jp,2025nyro,qm,4,r1,3044,20.6,tc4
jp,2025nyro,qm,4,r1,3044,20.6,tc4
jp,2025nyro,qm,4,r1,3044,10.4,tc4
jp,2025nyro,qm,4,r1,3044,35.9,tc4
jp,2025nyro,qm,4,r1,3044,18.4,tc4
jp,2025nyro,qm,4,r1,3044,9.4,tc4
AC,2025nyro,qm,4,b1,2791,,{}
cc,2025nyro,qm,4,b3,3003,14.3,tc4
cc,2025nyro,qm,4,b3,3003,13.7,tc4
cc,2025nyro,qm,4,b3,3003,18.7,tc1
cc,2025nyro,qm,4,b3,3003,11,tc4
cc,2025nyro,qm,4,b3,3003,17.8,tc4
cc,2025nyro,qm,4,b3,3003,8.8,tc4
cc,2025nyro,qm,4,b3,3003,11.5,tan
cc,2025nyro,qm,4,b3,3003,23.6,tc3
ZS,2025nyro,qm,4,r3,3171,2.7,tc4
ZS,2025nyro,qm,4,r3,3171,17.1,tc4
ZS,2025nyro,qm,4,r3,3171,30.4,tc1
jp,2025nyro,qm,5,r1,1591,28,tc4
jp,2025nyro,qm,5,r1,1591,16.9,tc4
jp,2025nyro,qm,5,r1,1591,9.7,tc4
jp,2025nyro,qm,5,r1,1591,12.4,tc4
jp,2025nyro,qm,5,r1,1591,19.6,tc4
jp,2025nyro,qm,5,r1,1591,8.9,tc4
cc,2025nyro,qm,5,b3,1126,26.3,tc1
cc,2025nyro,qm,5,b3,1126,57.9,tc4
cc,2025nyro,qm,5,b3,1126,6.2,tc4
ZS,2025nyro,qm,5,r3,1585,84.2,tc3
ZS,2025nyro,qm,5,r3,1585,28.7,tc3
DD,2025nyro,qm,5,r2,6911,,{}
JS,2025nyro,qm,5,b2,2614,0.1,tc1
JS,2025nyro,qm,5,b2,2614,5.9,tc4
JS,2025nyro,qm,5,b2,2614,9.5,tc3
JS,2025nyro,qm,5,b2,2614,40.5,tc3
JS,2025nyro,qm,5,b2,2614,23.1,tc4
JS,2025nyro,qm,5,b2,2614,32.7,tc4
AC,2025nyro,qm,5,b1,3951,8.1,tap
AC,2025nyro,qm,5,b1,3951,47.8,tan
jp,2025nyro,qm,6,r1,2228,56.8,tap
jp,2025nyro,qm,6,r1,2228,11.9,tan
jp,2025nyro,qm,6,r1,2228,10.2,tan
jp,2025nyro,qm,6,r1,2228,15.2,tan
ZS,2025nyro,qm,6,r3,3015,5.9,tc4
ZS,2025nyro,qm,6,r3,3015,16.3,tc3
ZS,2025nyro,qm,6,r3,3015,23.1,tc3
ZS,2025nyro,qm,6,r3,3015,7.7,tc3
ZS,2025nyro,qm,6,r3,3015,10.9,tc3
ZS,2025nyro,qm,6,r3,3015,5.9,tc3
ZS,2025nyro,qm,6,r3,3015,12.5,tc2
ZS,2025nyro,qm,6,r3,3015,0.5,tc2
ZS,2025nyro,qm,6,r3,3015,3,tc2
ZS,2025nyro,qm,6,r3,3015,9.8,tc2
ZS,2025nyro,qm,6,r3,3015,11.4,tc4
ZS,2025nyro,qm,6,r3,3015,6.4,tc4
JS,2025nyro,qm,6,b2,191,0.1,tc1
JS,2025nyro,qm,6,b2,191,4.1,tc4
JS,2025nyro,qm,6,b2,191,9.3,tc4
JS,2025nyro,qm,6,b2,191,9.1,tap
JS,2025nyro,qm,6,b2,191,9.1,tap
JS,2025nyro,qm,6,b2,191,27.8,tc3
JS,2025nyro,qm,6,b2,191,10.2,tc3
AC,2025nyro,qm,6,b1,9643,9.8,tc1
AC,2025nyro,qm,6,b1,9643,23.8,tc1
cc,2025nyro,qm,6,b3,2252,13.8,tc4
cc,2025nyro,qm,6,b3,2252,5.9,tc4
cc,2025nyro,qm,6,b3,2252,14.9,tap
cc,2025nyro,qm,6,b3,2252,11.9,tc3
cc,2025nyro,qm,6,b3,2252,8.3,tc3
cc,2025nyro,qm,6,b3,2252,8.5,tc3
cc,2025nyro,qm,6,b3,2252,20.2,tc3
cc,2025nyro,qm,6,b3,2252,15.5,tc3
cc,2025nyro,qm,6,b3,2252,39.9,tc1
DD,2025nyro,qm,6,r2,424,0.1,tc2
DD,2025nyro,qm,6,r2,424,0.6,tc1
DD,2025nyro,qm,6,r2,424,2,tc1
DD,2025nyro,qm,6,r2,424,1.1,tan
jp,2025nyro,qm,7,r1,10223,16.8,tc1
jp,2025nyro,qm,7,r1,10223,10.7,tc1
jp,2025nyro,qm,7,r1,10223,14.2,tc1
jp,2025nyro,qm,7,r1,10223,17.8,tc1
jp,2025nyro,qm,7,r1,10223,12,tc1
jp,2025nyro,qm,7,r1,10223,25.8,tc1
CD,2025nyro,qm,7,r2,1787,,{}
ER,2025nyro,qm,7,b1,378,36,tap
ER,2025nyro,qm,7,b1,378,12.7,tc1
ER,2025nyro,qm,7,b1,378,33.9,tc3
ER,2025nyro,qm,7,b1,378,14,tap
ER,2025nyro,qm,7,b1,378,17.3,tc1
RV,2025nyro,qm,7,b2,639,27,tc4
RV,2025nyro,qm,7,b2,639,53.6,tc4
RV,2025nyro,qm,7,b2,639,29,tc4
eg,2025nyro,qm,7,b3,2010,23,tan
eg,2025nyro,qm,7,b3,2010,11.1,tan
eg,2025nyro,qm,7,b3,2010,16.3,tan
eg,2025nyro,qm,7,b3,2010,19.7,tan
eg,2025nyro,qm,7,b3,2010,16.8,tc4
ZS,2025nyro,qm,7,r3,3838,10.9,tc4
ZS,2025nyro,qm,7,r3,3838,13.8,tc4
ZS,2025nyro,qm,7,r3,3838,22.4,tc4
CD,2025nyro,qm,8,r2,3799,12.2,tc1
jp,2025nyro,qm,8,r1,229,,{}
eg,2025nyro,qm,8,b3,5590,101.9,tc4
RV,2025nyro,qm,8,b2,564,,{}
" ""ZS",2025nyro,qm,8,r3,8393,24.2,tc3
" ""ZS",2025nyro,qm,8,r3,8393,10.4,tc3
" ""ZS",2025nyro,qm,8,r3,8393,45.9,tap
" ""ZS",2025nyro,qm,8,r3,8393,8.2,tap
" ""ZS",2025nyro,qm,8,r3,8393,12.2,tc2
" ""ZS",2025nyro,qm,8,r3,8393,16.9,tap
ER,2025nyro,qm,8,b1,6868,0.1,tc4
ER,2025nyro,qm,8,b1,6868,34.9,tap
ER,2025nyro,qm,8,b1,6868,52.5,tc4
ER,2025nyro,qm,8,b1,6868,19.9,tc4
eg,2025nyro,qm,9,b3,7165,19,tc3
eg,2025nyro,qm,9,b3,7165,7.9,tc3
eg,2025nyro,qm,9,b3,7165,85.8,tc2
eg,2025nyro,qm,9,b3,7165,14.6,tc1
np,2025nyro,qm,9,r3,578,46.5,tc4
np,2025nyro,qm,9,r3,578,5.3,tc4
np,2025nyro,qm,9,r3,578,14.3,tc3
np,2025nyro,qm,9,r3,578,14.4,tc3
np,2025nyro,qm,9,r3,578,9.2,tc2
np,2025nyro,qm,9,r3,578,7,tc2
np,2025nyro,qm,9,r3,578,10.8,tc4
ER,2025nyro,qm,9,b1,1405,0.1,tc3
ER,2025nyro,qm,9,b1,1405,0.4,tc3
ER,2025nyro,qm,9,b1,1405,9.1,tc3
ER,2025nyro,qm,9,b1,1405,8.9,tc3
ER,2025nyro,qm,9,b1,1405,11.8,tc3
ER,2025nyro,qm,9,b1,1405,8.5,tc2
ER,2025nyro,qm,9,b1,1405,11.5,tc2
ER,2025nyro,qm,9,b1,1405,6.5,tc4
ER,2025nyro,qm,9,b1,1405,11.6,tc4
CD,2025nyro,qm,9,r2,1507,6.9,tc4
CD,2025nyro,qm,9,r2,1507,10,tc4
CD,2025nyro,qm,9,r2,1507,9.8,tc4
CD,2025nyro,qm,9,r2,1507,20.3,tc4
CD,2025nyro,qm,9,r2,1507,18.5,tc3
CD,2025nyro,qm,9,r2,1507,15.6,tc3
CD,2025nyro,qm,9,r2,1507,8,tc2
CD,2025nyro,qm,9,r2,1507,7.5,tc2
CD,2025nyro,qm,9,r2,1507,12.3,tc4
jp,2025nyro,qm,9,r1,1308,23.4,tap
jp,2025nyro,qm,9,r1,1308,53.9,tap
jp,2025nyro,qm,9,r1,1308,31.6,tap
jp,2025nyro,qm,9,r1,1308,16.9,tap
RV,2025nyro,qm,9,b2,4611,16.1,tc4
RV,2025nyro,qm,9,b2,4611,9.2,tc4
RV,2025nyro,qm,9,b2,4611,27.6,tc3
RV,2025nyro,qm,9,b2,4611,11.8,tc2
RV,2025nyro,qm,9,b2,4611,7.8,tc2
RV,2025nyro,qm,9,b2,4611,13.5,tc4
RV,2025nyro,qm,9,b2,4611,9.6,tap
RV,2025nyro,qm,9,b2,4611,16.6,tc2
JS,2025nyro,qm,10,b2,1518,0.1,tc4
JS,2025nyro,qm,10,b2,1518,55.5,tan
DD,2025nyro,qm,10,r2,3171,8.3,tc4
DD,2025nyro,qm,10,r2,3171,20.8,tc4
DD,2025nyro,qm,10,r2,3171,15.1,tc4
DD,2025nyro,qm,10,r2,3171,28.5,tc1
DD,2025nyro,qm,10,r2,3171,13.6,tc3
DD,2025nyro,qm,10,r2,3171,17,tc3
eg,2025nyro,qm,10,b3,3181,,{}
df,2025nyro,qm,10,r1,3003,14.2,tc4
df,2025nyro,qm,10,r1,3003,50.3,tc4
df,2025nyro,qm,10,r1,3003,16.1,tc4
np,2025nyro,qm,10,r3,271,,{}
AC,2025nyro,qm,10,b1,6621,28.1,tc4
AC,2025nyro,qm,10,b1,6621,9.5,tc4
AC,2025nyro,qm,10,b1,6621,38.7,tc3
AC,2025nyro,qm,10,b1,6621,9.4,tc3
AC,2025nyro,qm,10,b1,6621,15.9,tc3
AC,2025nyro,qm,10,b1,6621,10.3,tc4
bo,2025nyro,qm,11,r2,7903,,{}
df,2025nyro,qm,11,r1,4930,52.6,tc2
df,2025nyro,qm,11,r1,4930,17,tc3
df,2025nyro,qm,11,r1,4930,15.6,tc3
df,2025nyro,qm,11,r1,4930,11.4,tc1
df,2025nyro,qm,11,r1,4930,14.5,tc2
cc,2025nyro,qm,11,b3,3173,0.9,tc4
cc,2025nyro,qm,11,b3,3173,10.9,tc1
cc,2025nyro,qm,11,b3,3173,15.3,tc3
cc,2025nyro,qm,11,b3,3173,19.4,tc3
cc,2025nyro,qm,11,b3,3173,16.1,tc1
cc,2025nyro,qm,11,b3,3173,7.8,tc3
cc,2025nyro,qm,11,b3,3173,20.9,tc1
cc,2025nyro,qm,11,b3,3173,10.3,tc2
JS,2025nyro,qm,11,b2,1591,0.1,tc4
JS,2025nyro,qm,11,b2,1591,10.6,tc4
JS,2025nyro,qm,11,b2,1591,13,tc4
JS,2025nyro,qm,11,b2,1591,11.5,tap
JS,2025nyro,qm,11,b2,1591,32.8,tc3
JS,2025nyro,qm,11,b2,1591,12.2,tc3
JS,2025nyro,qm,11,b2,1591,20,tc2
AC,2025nyro,qm,11,b1,3004,2.5,tc1
ZS,2025nyro,qm,11,r3,8243,32,tc3
ZS,2025nyro,qm,11,r3,8243,35.6,tc2
ZS,2025nyro,qm,11,r3,8243,23.8,tc2
ZS,2025nyro,qm,11,r3,8243,15,tc2
ZS,2025nyro,qm,11,r3,8243,13.2,tc1
ZS,2025nyro,qm,11,r3,8243,8.3,tc1
JS,2025nyro,qm,12,b2,1559,0.1,tc3
JS,2025nyro,qm,12,b2,1559,18.7,tc3
bo,2025nyro,qm,12,r2,533,21.2,tc4
AC,2025nyro,qm,12,b1,2614,20.1,tap
AC,2025nyro,qm,12,b1,2614,10.8,tap
AC,2025nyro,qm,12,b1,2614,13,tc4
AC,2025nyro,qm,12,b1,2614,12.6,tc3
AC,2025nyro,qm,12,b1,2614,9.9,tc3
AC,2025nyro,qm,12,b1,2614,12,tc4
AC,2025nyro,qm,12,b1,2614,19.4,tc4
cc,2025nyro,qm,12,b3,3044,0.5,tc4
cc,2025nyro,qm,12,b3,3044,54,tc3
cc,2025nyro,qm,12,b3,3044,14.3,tc3
cc,2025nyro,qm,12,b3,3044,24.9,tc4
cc,2025nyro,qm,12,b3,3044,18.1,tc4
df,2025nyro,qm,12,r1,9643,33.7,tc1
df,2025nyro,qm,12,r1,9643,40.3,tc1
df,2025nyro,qm,12,r1,9643,0.6,tc1
ZS,2025nyro,qm,12,r3,3951,26.8,tap
ZS,2025nyro,qm,12,r3,3951,8.4,tap
np,2025nyro,qm,13,r3,1585,64,tc1
ER,2025nyro,qm,13,b1,424,0.1,tc1
ER,2025nyro,qm,13,b1,424,8.6,tc4
ER,2025nyro,qm,13,b1,424,15.5,tc3
ER,2025nyro,qm,13,b1,424,10.6,tc4
ER,2025nyro,qm,13,b1,424,15.7,tc1
ER,2025nyro,qm,13,b1,424,16.5,tc3
ER,2025nyro,qm,13,b1,424,7.8,tc4
RV,2025nyro,qm,13,b2,20,28,tc4
RV,2025nyro,qm,13,b2,20,17,tc4
RV,2025nyro,qm,13,b2,20,11.6,tc4
RV,2025nyro,qm,13,b2,20,30.5,tc4
RV,2025nyro,qm,13,b2,20,21,tc4
bo,2025nyro,qm,13,r2,3015,4.6,tc4
bo,2025nyro,qm,13,r2,3015,7.2,tc4
bo,2025nyro,qm,13,r2,3015,5.2,tc4
bo,2025nyro,qm,13,r2,3015,13.4,tc4
bo,2025nyro,qm,13,r2,3015,12.6,tc4
bo,2025nyro,qm,13,r2,3015,21,tc4
bo,2025nyro,qm,13,r2,3015,0.5,tc4
bo,2025nyro,qm,13,r2,3015,24.5,tc4
bo,2025nyro,qm,13,r2,3015,6.6,tc4
bo,2025nyro,qm,13,r2,3015,10.5,tc3
bo,2025nyro,qm,13,r2,3015,8.7,tc3
df,2025nyro,qm,13,r1,2340,49.6,tc2
df,2025nyro,qm,13,r1,2340,33.1,tc2
cc,2025nyro,qm,13,b3,2010,11.9,tan
cc,2025nyro,qm,13,b3,2010,30.9,tan
cc,2025nyro,qm,13,b3,2010,32.6,tan
bo,2025nyro,qm,14,r2,639,11.9,tc4
bo,2025nyro,qm,14,r2,639,25.8,tap
bo,2025nyro,qm,14,r2,639,23.8,tc1
bo,2025nyro,qm,14,r2,639,33.4,tc1
bo,2025nyro,qm,14,r2,639,26.8,tc1
ER,2025nyro,qm,14,b1,695,0.1,tc4
ER,2025nyro,qm,14,b1,695,6.5,tc4
ER,2025nyro,qm,14,b1,695,7,tc4
ER,2025nyro,qm,14,b1,695,7.5,tc4
ER,2025nyro,qm,14,b1,695,8.9,tc4
ER,2025nyro,qm,14,b1,695,13.5,tc4
ER,2025nyro,qm,14,b1,695,9.9,tc4
ER,2025nyro,qm,14,b1,695,11.6,tc4
ER,2025nyro,qm,14,b1,695,8,tc4
ER,2025nyro,qm,14,b1,695,11.1,tc4
ER,2025nyro,qm,14,b1,695,14.2,tc3
ER,2025nyro,qm,14,b1,695,8.1,tc3
ER,2025nyro,qm,14,b1,695,16.7,tc3
np,2025nyro,qm,14,r3,1787,35.9,tc3
np,2025nyro,qm,14,r3,1787,0.4,tc3
np,2025nyro,qm,14,r3,1787,0.3,tc3
np,2025nyro,qm,14,r3,1787,1.9,tc3
np,2025nyro,qm,14,r3,1787,0.9,tc2
np,2025nyro,qm,14,r3,1787,0.5,tc2
np,2025nyro,qm,14,r3,1787,11.9,tc3
np,2025nyro,qm,14,r3,1787,5.7,tc2
np,2025nyro,qm,14,r3,1787,5.6,tc2
df,2025nyro,qm,14,r1,2228,10.8,tc4
df,2025nyro,qm,14,r1,2228,18.2,tan
df,2025nyro,qm,14,r1,2228,12.2,tc3
df,2025nyro,qm,14,r1,2228,9.2,tan
df,2025nyro,qm,14,r1,2228,15,tan
df,2025nyro,qm,14,r1,2228,23.7,tc3
df,2025nyro,qm,14,r1,2228,8.9,tan
df,2025nyro,qm,14,r1,2228,17.9,tc3
df,2025nyro,qm,14,r1,2228,8.1,tan
RV,2025nyro,qm,14,b2,229,,{}
eg,2025nyro,qm,14,b3,8140,19.1,tc1
eg,2025nyro,qm,14,b3,8140,18.7,tc1
eg,2025nyro,qm,14,b3,8140,60.7,tc1
RV,2025nyro,qm,15,b2,8393,6.2,tc2
bo,2025nyro,qm,15,r2,9622,,{}
ZS,2025nyro,qm,15,r3,6911,10.4,tc4
ZS,2025nyro,qm,15,r3,6911,28.6,tc4
ZS,2025nyro,qm,15,r3,6911,13.7,tc4
ZS,2025nyro,qm,15,r3,6911,43.5,tc4
ER,2025nyro,qm,15,b1,10223,17.9,tc1
ER,2025nyro,qm,15,b1,10223,24.1,tc1
eg,2025nyro,qm,15,b3,191,6.6,tc4
eg,2025nyro,qm,15,b3,191,11,tc4
eg,2025nyro,qm,15,b3,191,41,tc2
eg,2025nyro,qm,15,b3,191,9.2,tc3
eg,2025nyro,qm,15,b3,191,6.5,tc3
eg,2025nyro,qm,15,b3,191,7.1,tc3
eg,2025nyro,qm,15,b3,191,11.2,tc3
eg,2025nyro,qm,15,b3,191,17.9,tc1
df,2025nyro,qm,15,r1,1308,17.2,tap
df,2025nyro,qm,15,r1,1308,38.5,tap
df,2025nyro,qm,15,r1,1308,14.7,tap
df,2025nyro,qm,15,r1,1308,11.2,tap
bo,2025nyro,qm,16,r2,4611,18,tap
bo,2025nyro,qm,16,r2,4611,7.6,tc4
bo,2025nyro,qm,16,r2,4611,8.5,tc4
bo,2025nyro,qm,16,r2,4611,12.2,tc3
bo,2025nyro,qm,16,r2,4611,6.4,tap
bo,2025nyro,qm,16,r2,4611,15.7,tc3
bo,2025nyro,qm,16,r2,4611,9.7,tc3
bo,2025nyro,qm,16,r2,4611,8.5,tc3
bo,2025nyro,qm,16,r2,4611,19.2,tc2
bo,2025nyro,qm,16,r2,4611,8,tc2
JS,2025nyro,qm,16,b2,7165,0.1,tc3
JS,2025nyro,qm,16,b2,7165,13.3,tc4
JS,2025nyro,qm,16,b2,7165,48.8,tc4
JS,2025nyro,qm,16,b2,7165,34.7,tc4
JS,2025nyro,qm,16,b2,7165,12.5,tc4
AC,2025nyro,qm,16,b1,1511,24.6,tap
AC,2025nyro,qm,16,b1,1511,12.1,tap
AC,2025nyro,qm,16,b1,1511,13.1,tc1
AC,2025nyro,qm,16,b1,1511,10.7,tan
AC,2025nyro,qm,16,b1,1511,20.8,tan
AC,2025nyro,qm,16,b1,1511,23.2,tan
jp,2025nyro,qm,16,r1,3799,1.3,tc2
jp,2025nyro,qm,16,r1,3799,53.8,tc2
ZS,2025nyro,qm,16,r3,564,15.4,tc2
ZS,2025nyro,qm,16,r3,564,46.9,tc2
eg,2025nyro,qm,16,b3,5881,36.2,tc2
eg,2025nyro,qm,16,b3,5881,12.9,tc2
eg,2025nyro,qm,16,b3,5881,19.6,tc2
eg,2025nyro,qm,16,b3,5881,17.2,tc2
JS,2025nyro,qm,17,b2,1405,0.1,tc4
JS,2025nyro,qm,17,b2,1405,0.2,tc4
JS,2025nyro,qm,17,b2,1405,5,tc4
JS,2025nyro,qm,17,b2,1405,9.6,tc4
JS,2025nyro,qm,17,b2,1405,10.8,tc4
JS,2025nyro,qm,17,b2,1405,7.1,tc4
JS,2025nyro,qm,17,b2,1405,29.5,tc4
JS,2025nyro,qm,17,b2,1405,7.9,tc3
JS,2025nyro,qm,17,b2,1405,10.7,tc3
CD,2025nyro,qm,17,r2,2252,13.2,tc4
CD,2025nyro,qm,17,r2,2252,18.8,tc4
CD,2025nyro,qm,17,r2,2252,44.3,tc3
CD,2025nyro,qm,17,r2,2252,42.5,tc1
CD,2025nyro,qm,17,r2,2252,5,tc2
CD,2025nyro,qm,17,r2,2252,6.9,tc1
ZS,2025nyro,qm,17,r3,340,34.7,tc3
ZS,2025nyro,qm,17,r3,340,11.7,tc2
ZS,2025nyro,qm,17,r3,340,4.9,tc2
ZS,2025nyro,qm,17,r3,340,12.5,tc2
ZS,2025nyro,qm,17,r3,340,17.9,tc2
ZS,2025nyro,qm,17,r3,340,11.5,tc3
ZS,2025nyro,qm,17,r3,340,14.5,tc2
df,2025nyro,qm,17,r1,250,,{}
eg,2025nyro,qm,17,b3,1507,18.4,tc4
eg,2025nyro,qm,17,b3,1507,33.4,tc4
eg,2025nyro,qm,17,b3,1507,7.8,tc4
eg,2025nyro,qm,17,b3,1507,10.2,tc4
eg,2025nyro,qm,17,b3,1507,12.7,tc4
eg,2025nyro,qm,17,b3,1507,13.3,tc3
eg,2025nyro,qm,17,b3,1507,10.6,tc3
AC,2025nyro,qm,17,b1,3838,,{}
JS,2025nyro,qm,18,b2,1126,0.1,tc4
JS,2025nyro,qm,18,b2,1126,14.3,tc4
JS,2025nyro,qm,18,b2,1126,11.5,tc4
JS,2025nyro,qm,18,b2,1126,15.9,tc4
JS,2025nyro,qm,18,b2,1126,11.7,tc4
JS,2025nyro,qm,18,b2,1126,14.8,tc4
AC,2025nyro,qm,18,b1,6868,1.2,tc4
AC,2025nyro,qm,18,b1,6868,9.2,tc4
AC,2025nyro,qm,18,b1,6868,26.5,tc4
AC,2025nyro,qm,18,b1,6868,21.9,tc4
AC,2025nyro,qm,18,b1,6868,27.4,tc4
AC,2025nyro,qm,18,b1,6868,24.6,tc4
ZS,2025nyro,qm,18,r3,2791,65.5,tc3
ZS,2025nyro,qm,18,r3,2791,54.1,tc2
df,2025nyro,qm,18,r1,378,31.3,tc2
df,2025nyro,qm,18,r1,378,15.9,tc3
df,2025nyro,qm,18,r1,378,13.7,tc3
df,2025nyro,qm,18,r1,378,8.3,tc3
df,2025nyro,qm,18,r1,378,37.5,tc3
eg,2025nyro,qm,18,b3,578,,{}
ZS,2025nyro,qm,19,r3,7903,,{}
CD,2025nyro,qm,19,r2,271,0.1,tap
ER,2025nyro,qm,19,b1,3003,0.1,tc4
ER,2025nyro,qm,19,b1,3003,10.4,tc4
ER,2025nyro,qm,19,b1,3003,11.6,tc4
ER,2025nyro,qm,19,b1,3003,41.3,tc3
ER,2025nyro,qm,19,b1,3003,9.6,tc3
ER,2025nyro,qm,19,b1,3003,19.2,tc3
df,2025nyro,qm,19,r1,2010,5.3,tan
df,2025nyro,qm,19,r1,2010,29.3,tan
RV,2025nyro,qm,19,b2,3951,7.7,tap
RV,2025nyro,qm,19,b2,3951,41,tap
RV,2025nyro,qm,20,b2,639,0.1,tap
RV,2025nyro,qm,20,b2,639,0.3,tap
RV,2025nyro,qm,20,b2,639,12.7,tap
RV,2025nyro,qm,20,b2,639,19.8,tc2
RV,2025nyro,qm,20,b2,639,3.8,tc2
RV,2025nyro,qm,20,b2,639,17.6,tc1
RV,2025nyro,qm,20,b2,639,14.2,tc4
RV,2025nyro,qm,20,b2,639,27.2,tc1
jp,2025nyro,qm,20,r1,1559,12.5,tc4
jp,2025nyro,qm,20,r1,1559,34.9,tc3
jp,2025nyro,qm,20,r1,1559,62.2,tc3
ER,2025nyro,qm,20,b1,3015,0.1,tc4
ER,2025nyro,qm,20,b1,3015,7,tc4
ER,2025nyro,qm,20,b1,3015,5.1,tc4
ER,2025nyro,qm,20,b1,3015,11.4,tc4
ER,2025nyro,qm,20,b1,3015,8.4,tc4
ER,2025nyro,qm,20,b1,3015,6.3,tc4
ER,2025nyro,qm,20,b1,3015,8.4,tc4
ER,2025nyro,qm,20,b1,3015,6.4,tc4
ER,2025nyro,qm,20,b1,3015,7.6,tc4
ER,2025nyro,qm,20,b1,3015,11.7,tc4
ER,2025nyro,qm,20,b1,3015,9.6,tc4
ER,2025nyro,qm,20,b1,3015,8.6,tc3
ER,2025nyro,qm,20,b1,3015,5.7,tc3
ER,2025nyro,qm,20,b1,3015,4,tc3
ER,2025nyro,qm,20,b1,3015,6.9,tc3
ER,2025nyro,qm,20,b1,3015,5.2,tc3
ER,2025nyro,qm,20,b1,3015,5.5,tc3
CD,2025nyro,qm,20,r2,3171,,{}
ZS,2025nyro,qm,20,r3,3173,2.2,tc1
ZS,2025nyro,qm,20,r3,3173,3.9,tan
ZS,2025nyro,qm,20,r3,3173,4.9,tc4
ZS,2025nyro,qm,20,r3,3173,6.4,tc1
ZS,2025nyro,qm,20,r3,3173,6.3,tc4
ZS,2025nyro,qm,20,r3,3173,29.5,tc4
ZS,2025nyro,qm,20,r3,3173,10.9,tc4
ZS,2025nyro,qm,20,r3,3173,8.6,tc4
ZS,2025nyro,qm,20,r3,3173,10,tc4
ZS,2025nyro,qm,20,r3,3173,17.1,tc4
ZS,2025nyro,qm,20,r3,3173,67.1,tap
eg,2025nyro,qm,20,b3,229,,{}
jp,2025nyro,qm,21,r1,1787,16.7,tc4
jp,2025nyro,qm,21,r1,1787,13.7,tc4
jp,2025nyro,qm,21,r1,1787,6.3,tc4
jp,2025nyro,qm,21,r1,1787,7.9,tc4
jp,2025nyro,qm,21,r1,1787,8.4,tc4
jp,2025nyro,qm,21,r1,1787,12.1,tc4
jp,2025nyro,qm,21,r1,1787,15.6,tc3
jp,2025nyro,qm,21,r1,1787,3.5,tc3
jp,2025nyro,qm,21,r1,1787,16.3,tc4
jp,2025nyro,qm,21,r1,1787,11.7,tc4
CD,2025nyro,qm,21,r2,6621,,{}
eg,2025nyro,qm,21,b3,2614,10.6,tc4
eg,2025nyro,qm,21,b3,2614,28.3,tc3
eg,2025nyro,qm,21,b3,2614,8,tc3
eg,2025nyro,qm,21,b3,2614,26.2,tc3
eg,2025nyro,qm,21,b3,2614,27.3,tc2
eg,2025nyro,qm,21,b3,2614,19.7,tc2
ER,2025nyro,qm,21,b1,8393,0.1,tap
ER,2025nyro,qm,21,b1,8393,14.4,tap
ER,2025nyro,qm,21,b1,8393,14.7,tap
ER,2025nyro,qm,21,b1,8393,13.2,tap
ER,2025nyro,qm,21,b1,8393,57.4,tap
np,2025nyro,qm,21,r3,2340,,{}
JS,2025nyro,qm,21,b2,2228,19.4,tc3
JS,2025nyro,qm,21,b2,2228,12.4,tan
JS,2025nyro,qm,21,b2,2228,0.4,tan
JS,2025nyro,qm,21,b2,2228,4.8,tc4
JS,2025nyro,qm,21,b2,2228,10.2,tc3
JS,2025nyro,qm,21,b2,2228,10.4,tc4
JS,2025nyro,qm,21,b2,2228,10.7,tc3
JS,2025nyro,qm,21,b2,2228,18.2,tan
JS,2025nyro,qm,21,b2,2228,9.7,tc2
JS,2025nyro,qm,21,b2,2228,10,tc2
jp,2025nyro,qm,22,r1,4611,10.4,tc4
jp,2025nyro,qm,22,r1,4611,20.2,tc4
jp,2025nyro,qm,22,r1,4611,7.7,tc3
jp,2025nyro,qm,22,r1,4611,27.2,tap
jp,2025nyro,qm,22,r1,4611,4.5,tc4
jp,2025nyro,qm,22,r1,4611,21,tc4
jp,2025nyro,qm,22,r1,4611,6.4,tc4
jp,2025nyro,qm,22,r1,4611,8.3,tc4
CD,2025nyro,qm,22,r2,3181,,{}
eg,2025nyro,qm,22,b3,9622,,{}
AC,2025nyro,qm,22,b1,1591,16.8,tc4
AC,2025nyro,qm,22,b1,1591,26.1,tc4
AC,2025nyro,qm,22,b1,1591,19.1,tc4
AC,2025nyro,qm,22,b1,1591,9.8,tc4
AC,2025nyro,qm,22,b1,1591,14.8,tc4
AC,2025nyro,qm,22,b1,1591,27.6,tc4
LW,2025nyro,qm,22,b2,9643,55.7,tc1
LW,2025nyro,qm,22,b2,9643,28.5,tc1
LW,2025nyro,qm,22,b2,9643,38.9,tc1
ZS,2025nyro,qm,22,r3,1511,,
LW,2025nyro,qm,23,b2,1308,30.5,tap
LW,2025nyro,qm,23,b2,1308,12.6,tap
LW,2025nyro,qm,23,b2,1308,16.2,tap
ZS,2025nyro,qm,23,r3,20,12.8,tc4
ZS,2025nyro,qm,23,r3,20,10.3,tc4
ZS,2025nyro,qm,23,r3,20,30.9,tc4
ZS,2025nyro,qm,23,r3,20,7.2,tc3
ZS,2025nyro,qm,23,r3,20,13,tc3
ZS,2025nyro,qm,23,r3,20,9.4,tc3
ZS,2025nyro,qm,23,r3,20,12.4,tc2
ZS,2025nyro,qm,23,r3,20,9.8,tc2
ZS,2025nyro,qm,23,r3,20,7,tc2
CD,2025nyro,qm,23,r2,564,9.7,tc2
CD,2025nyro,qm,23,r2,564,24.1,tc3
AC,2025nyro,qm,23,b1,695,6,tc4
AC,2025nyro,qm,23,b1,695,6.3,tc4
AC,2025nyro,qm,23,b1,695,7.3,tc4
AC,2025nyro,qm,23,b1,695,7.9,tc4
AC,2025nyro,qm,23,b1,695,7.7,tc4
AC,2025nyro,qm,23,b1,695,7.1,tc4
AC,2025nyro,qm,23,b1,695,9.8,tc4
AC,2025nyro,qm,23,b1,695,9,tc4
AC,2025nyro,qm,23,b1,695,9.9,tc4
AC,2025nyro,qm,23,b1,695,8.7,tc3
AC,2025nyro,qm,23,b1,695,5.5,tc3
AC,2025nyro,qm,23,b1,695,6,tc3
AC,2025nyro,qm,23,b1,695,6.6,tc3
AC,2025nyro,qm,23,b1,695,7,tc3
AC,2025nyro,qm,23,b1,695,8.5,tc3
AC,2025nyro,qm,23,b1,695,8,tc3
AC,2025nyro,qm,23,b1,695,8.4,tc3
eg,2025nyro,qm,23,b3,1518,12.7,tc4
eg,2025nyro,qm,23,b3,1518,23.1,tan
eg,2025nyro,qm,23,b3,1518,30,tan
jp,2025nyro,qm,23,r1,3838,28.9,tc4
jp,2025nyro,qm,23,r1,3838,90.5,tc4
AC,2025nyro,qm,24,b1,5590,45.5,tc4
AC,2025nyro,qm,24,b1,5590,55.5,tc1
AC,2025nyro,qm,24,b1,5590,15.8,tc4
jp,2025nyro,qm,24,r1,1405,29.8,tc4
jp,2025nyro,qm,24,r1,1405,10,tc4
jp,2025nyro,qm,24,r1,1405,49.6,tc3
CD,2025nyro,qm,24,r2,3004,32.1,tc1
CD,2025nyro,qm,24,r2,3004,6.1,tc1
ZS,2025nyro,qm,24,r3,3044,7.3,tc4
ZS,2025nyro,qm,24,r3,3044,15.2,tc4
ZS,2025nyro,qm,24,r3,3044,8.8,tc4
ZS,2025nyro,qm,24,r3,3044,22.3,tc4
ZS,2025nyro,qm,24,r3,3044,14,tc4
ZS,2025nyro,qm,24,r3,3044,14,tc4
ZS,2025nyro,qm,24,r3,3044,10.2,tc4
ZS,2025nyro,qm,24,r3,3044,16.9,tc3
ZS,2025nyro,qm,24,r3,3044,22.9,tc1
LW,2025nyro,qm,24,b2,6911,,{}
np,2025nyro,qm,25,r3,2252,,{}
Er,2025nyro,qm,25,b1,533,0.1,tc4
CD,2025nyro,qm,25,r2,378,63,tc2
CD,2025nyro,qm,25,r2,378,0.5,tc3
CD,2025nyro,qm,25,r2,378,5.3,tc2
CD,2025nyro,qm,25,r2,378,9.6,tc3
CD,2025nyro,qm,25,r2,378,17.8,tc3
CD,2025nyro,qm,25,r2,378,12.3,tc3
jp,2025nyro,qm,25,r1,7165,45.7,tc4
jp,2025nyro,qm,25,r1,7165,2.6,tc4
jp,2025nyro,qm,25,r1,7165,tc3
jp,2025nyro,qm,25,r1,7165,tc3
jp,2025nyro,qm,25,r1,7165,tc3
LW,2025nyro,qm,25,b2,8243,51.4,tc1
LW,2025nyro,qm,25,b2,8243,9.1,tc3
LW,2025nyro,qm,25,b2,8243,26.8,tc2
LW,2025nyro,qm,26,b2,4930,15,tc2
LW,2025nyro,qm,26,b2,4930,6,tc2
LW,2025nyro,qm,26,b2,4930,43.3,tc2
LW,2025nyro,qm,26,b2,4930,15.2,tc1
LW,2025nyro,qm,26,b2,4930,15.1,tc1
LW,2025nyro,qm,26,b2,4930,13.8,tc1
LW,2025nyro,qm,26,b2,4930,9.2,tc2
LW,2025nyro,qm,26,b2,4930,9.1,tc2
CD,2025nyro,qm,26,r2,1585,,{}
Er,2025nyro,qm,26,b1,578,,{}
df,2025nyro,qm,26,r1,8140,14.3,tc2
df,2025nyro,qm,26,r1,8140,45.5,tc2
eg,2025nyro,qm,26,b3,250,118.3,tc1
np,2025nyro,qm,26,r3,6868,1.3,tc4
np,2025nyro,qm,26,r3,6868,14.5,tc4
np,2025nyro,qm,26,r3,6868,19.2,tc4
np,2025nyro,qm,26,r3,6868,83,tc4
JS,2025nyro,qm,27,b2,1126,0.1,tc4
JS,2025nyro,qm,27,b2,1126,24.9,tc4
JS,2025nyro,qm,27,b2,1126,17,tc4
JS,2025nyro,qm,27,b2,1126,12.5,tc4
JS,2025nyro,qm,27,b2,1126,8.9,tc4
JS,2025nyro,qm,27,b2,1126,20.7,tc4
DD,2025nyro,qm,27,r2,340,0.1,tc1
DD,2025nyro,qm,27,r2,340,2,tc1
DD,2025nyro,qm,27,r2,340,8,tc1
DD,2025nyro,qm,27,r2,340,5.1,tc1
DD,2025nyro,qm,27,r2,340,13.9,tc1
DD,2025nyro,qm,27,r2,340,16.3,tc2
DD,2025nyro,qm,27,r2,340,4.1,tc2
DD,2025nyro,qm,27,r2,340,9.1,tc2
DD,2025nyro,qm,27,r2,340,11.6,tc4
DD,2025nyro,qm,27,r2,340,9,tc4
DD,2025nyro,qm,27,r2,340,8.5,tc3
DD,2025nyro,qm,27,r2,340,10,tc3
DD,2025nyro,qm,27,r2,340,17.7,tc2
DD,2025nyro,qm,27,r2,340,10.6,tc2
df,2025nyro,qm,27,r1,1507,4.9,tap
df,2025nyro,qm,27,r1,1507,12.5,tap
df,2025nyro,qm,27,r1,1507,10.8,tap
df,2025nyro,qm,27,r1,1507,34.1,tc2
df,2025nyro,qm,27,r1,1507,9.3,tc4
df,2025nyro,qm,27,r1,1507,8.5,tc4
df,2025nyro,qm,27,r1,1507,9.5,tc3
Er,2025nyro,qm,27,b1,5881,10.7,tc2
Er,2025nyro,qm,27,b1,5881,15.1,tc1
Er,2025nyro,qm,27,b1,5881,12.9,tc1
Er,2025nyro,qm,27,b1,5881,25.8,tc1
Er,2025nyro,qm,27,b1,5881,11.8,tc1
eg,2025nyro,qm,27,b3,3799,0.1,tc4
eg,2025nyro,qm,27,b3,3799,0.4,tc4
eg,2025nyro,qm,27,b3,3799,2.2,tc1
eg,2025nyro,qm,27,b3,3799,61.4,tc1
np,2025nyro,qm,27,r3,191,12.3,tc3
np,2025nyro,qm,27,r3,191,8.5,tc3
np,2025nyro,qm,27,r3,191,7.3,tc3
np,2025nyro,qm,27,r3,191,6.5,tc3
np,2025nyro,qm,27,r3,191,13.4,tc3
np,2025nyro,qm,27,r3,191,7.5,tc2
np,2025nyro,qm,27,r3,191,9,tc2
np,2025nyro,qm,27,r3,191,5.7,tc2
np,2025nyro,qm,27,r3,191,11.7,tc4
np,2025nyro,qm,27,r3,191,7.4,tc4
np,2025nyro,qm,27,r3,191,10.1,tc2
cc,2025nyro,qm,28,b3,7903,,{}
DD,2025nyro,qm,28,r2,6621,3.1,tc3
DD,2025nyro,qm,28,r2,6621,2.6,tc3
DD,2025nyro,qm,28,r2,6621,8.7,tc3
DD,2025nyro,qm,28,r2,6621,7.7,tc3
DD,2025nyro,qm,28,r2,6621,13.3,tc3
DD,2025nyro,qm,28,r2,6621,17.7,tc3
DD,2025nyro,qm,28,r2,6621,12.4,tc2
AC,2025nyro,qm,28,b1,1559,76.8,tc4
df,2025nyro,qm,28,r1,2010,8.1,tan
df,2025nyro,qm,28,r1,2010,12.7,tan
df,2025nyro,qm,28,r1,2010,15.8,tan
JS,2025nyro,qm,28,b2,229,,{}
np,2025nyro,qm,28,r3,4611,11.1,tc4
np,2025nyro,qm,28,r3,4611,5.3,tc4
np,2025nyro,qm,28,r3,4611,17.5,tc4
np,2025nyro,qm,28,r3,4611,10.4,tc4
np,2025nyro,qm,28,r3,4611,21.6,tc3
np,2025nyro,qm,28,r3,4611,15.4,tc3
np,2025nyro,qm,28,r3,4611,10.3,tc2
np,2025nyro,qm,28,r3,4611,8.4,tc2
np,2025nyro,qm,28,r3,4611,9.4,tc2
np,2025nyro,qm,28,r3,4611,14.4,tc2
bo,2025nyro,qm,29,r2,3173,1.6,tc4
bo,2025nyro,qm,29,r2,3173,0.7,tc3
bo,2025nyro,qm,29,r2,3173,4.2,tc4
bo,2025nyro,qm,29,r2,3173,6.8,tc3
bo,2025nyro,qm,29,r2,3173,7,tc1
bo,2025nyro,qm,29,r2,3173,6.7,tc3
bo,2025nyro,qm,29,r2,3173,8.4,tc3
bo,2025nyro,qm,29,r2,3173,8.1,tc2
bo,2025nyro,qm,29,r2,3173,6.4,tc2
bo,2025nyro,qm,29,r2,3173,5.5,tc2
bo,2025nyro,qm,29,r2,3173,7.9,tc1
bo,2025nyro,qm,29,r2,3173,11.3,tc1
bo,2025nyro,qm,29,r2,3173,7.2,tc1
ZS,2025nyro,qm,29,r3,639,7.2,tc4
ZS,2025nyro,qm,29,r3,639,12.5,tc4
ZS,2025nyro,qm,29,r3,639,19,tc3
ZS,2025nyro,qm,29,r3,639,27.6,tc2
ZS,2025nyro,qm,29,r3,639,16.9,tc2
ZS,2025nyro,qm,29,r3,639,15.1,tc2
cc,2025nyro,qm,29,b3,9643,10.1,tc1
cc,2025nyro,qm,29,b3,9643,11.1,tc1
cc,2025nyro,qm,29,b3,9643,44.8,tc1
cc,2025nyro,qm,29,b3,9643,0.2,tc1
cc,2025nyro,qm,29,b3,9643,0.4,tc1
cc,2025nyro,qm,29,b3,9643,12.3,tc1
cc,2025nyro,qm,29,b3,9643,16.4,tc1
cc,2025nyro,qm,29,b3,9643,19.4,tc1
df,2025nyro,qm,29,r1,271,17.1,tap
JS,2025nyro,qm,29,b2,1308,,{}
AC,2025nyro,qm,29,b1,8393,3.6,tap
AC,2025nyro,qm,29,b1,8393,10.5,tap
AC,2025nyro,qm,29,b1,8393,11,tap
cc,2025nyro,qm,30,b3,3838,106.9,tc3
bo,2025nyro,qm,30,r2,1511,6,tc4
bo,2025nyro,qm,30,r2,1511,31.6,tc4
bo,2025nyro,qm,30,r2,1511,32.2,tc4
bo,2025nyro,qm,30,r2,1511,11.9,tc4
bo,2025nyro,qm,30,r2,1511,22.8,tc4
bo,2025nyro,qm,30,r2,1511,14.3,tc4
df,2025nyro,qm,30,r1,3951,5.3,tap
df,2025nyro,qm,30,r1,3951,56.4,tap
JS,2025nyro,qm,30,b2,2228,10.7,tc3
JS,2025nyro,qm,30,b2,2228,15.1,tc3
JS,2025nyro,qm,30,b2,2228,4.7,tap
JS,2025nyro,qm,30,b2,2228,26.8,tan
JS,2025nyro,qm,30,b2,2228,26,tc4
JS,2025nyro,qm,30,b2,2228,20.8,tc4
JS,2025nyro,qm,30,b2,2228,13.5,tc4
AC,2025nyro,qm,30,b1,2340,8.9,tc2
AC,2025nyro,qm,30,b1,2340,25.7,tc2
ZS,2025nyro,qm,30,r3,3004,32.2,tc1
ZS,2025nyro,qm,30,r3,3004,12.3,tc1
bo,2025nyro,qm,31,r2,5590,16.8,tc4
bo,2025nyro,qm,31,r2,5590,36.3,tc3
bo,2025nyro,qm,31,r2,5590,38.7,tc4
bo,2025nyro,qm,31,r2,5590,25.3,tc4
cc,2025nyro,qm,31,b3,1787,27.7,tc4
cc,2025nyro,qm,31,b3,1787,37.4,tc4
cc,2025nyro,qm,31,b3,1787,11.9,tc3
cc,2025nyro,qm,31,b3,1787,9.2,tc3
cc,2025nyro,qm,31,b3,1787,6.6,tc1
RV,2025nyro,qm,31,b2,533,14.5,tc4
RV,2025nyro,qm,31,b2,533,58.3,tc4
ZS,2025nyro,qm,31,r3,1518,39.5,tan
ZS,2025nyro,qm,31,r3,1518,17.9,tan
ZS,2025nyro,qm,31,r3,1518,24.5,tan
ZS,2025nyro,qm,31,r3,1518,31.7,tap
ER,2025nyro,qm,31,b1,6911,0.1,tc4
ER,2025nyro,qm,31,b1,6911,6.3,tc4
ER,2025nyro,qm,31,b1,6911,9.1,tc4
ER,2025nyro,qm,31,b1,6911,23.7,tc4
ER,2025nyro,qm,31,b1,6911,9.2,tc4
ER,2025nyro,qm,31,b1,6911,10.8,tc4
ER,2025nyro,qm,31,b1,6911,21.7,tc4
ER,2025nyro,qm,31,b1,6911,10.6,tc3
df,2025nyro,qm,31,r1,3015,9.9,tc4
df,2025nyro,qm,31,r1,3015,4.2,tc4
df,2025nyro,qm,31,r1,3015,5.8,tc4
df,2025nyro,qm,31,r1,3015,5.5,tc4
df,2025nyro,qm,31,r1,3015,8.6,tc3
df,2025nyro,qm,31,r1,3015,7.4,tc3
df,2025nyro,qm,31,r1,3015,7,tc3
df,2025nyro,qm,31,r1,3015,5.6,tc3
df,2025nyro,qm,31,r1,3015,16.5,tc3
df,2025nyro,qm,31,r1,3015,9.1,tc3
df,2025nyro,qm,31,r1,3015,9,tc2
df,2025nyro,qm,31,r1,3015,7.4,tc2
df,2025nyro,qm,31,r1,3015,4.3,tc3
cc,2025nyro,qm,32,b3,2252,14.4,tc4
cc,2025nyro,qm,32,b3,2252,57.3,tc4
cc,2025nyro,qm,32,b3,2252,38.6,tc4
cc,2025nyro,qm,32,b3,2252,22.4,tc4
bo,2025nyro,qm,32,r2,250,,{}
RV,2025nyro,qm,32,b2,8243,5.5,tc1
RV,2025nyro,qm,32,b2,8243,6.3,tc1
RV,2025nyro,qm,32,b2,8243,6.5,tc1
RV,2025nyro,qm,32,b2,8243,8.6,tc1
RV,2025nyro,qm,32,b2,8243,9.4,tc1
RV,2025nyro,qm,32,b2,8243,6,tc1
RV,2025nyro,qm,32,b2,8243,6.4,tc1
RV,2025nyro,qm,32,b2,8243,6.3,tc1
df,2025nyro,qm,32,r1,20,2.4,tc4
df,2025nyro,qm,32,r1,20,20.9,tc4
df,2025nyro,qm,32,r1,20,6.8,tc4
df,2025nyro,qm,32,r1,20,10.9,tc4
df,2025nyro,qm,32,r1,20,9.8,tc4
df,2025nyro,qm,32,r1,20,43.9,tc4
df,2025nyro,qm,32,r1,20,1.2,tc4
df,2025nyro,qm,32,r1,20,11.4,tc4
ZS,2025nyro,qm,32,r3,1585,93.1,tc2
ZS,2025nyro,qm,32,r3,1585,31.4,tc1
ER,2025nyro,qm,32,b1,3171,,{}
RV,2025nyro,qm,33,b2,5881,16.1,tc2
RV,2025nyro,qm,33,b2,5881,61.2,tc2
bo,2025nyro,qm,33,r2,6868,8.5,tc4
bo,2025nyro,qm,33,r2,6868,16.3,tc4
bo,2025nyro,qm,33,r2,6868,16.5,tc4
bo,2025nyro,qm,33,r2,6868,16.1,tc4
bo,2025nyro,qm,33,r2,6868,15.9,tc4
bo,2025nyro,qm,33,r2,6868,9.7,tc4
bo,2025nyro,qm,33,r2,6868,19.5,tc3
bo,2025nyro,qm,33,r2,6868,33.9,tc4
cc,2025nyro,qm,33,b3,340,8.4,tc4
cc,2025nyro,qm,33,b3,340,17,tc3
cc,2025nyro,qm,33,b3,340,13.8,tc3
cc,2025nyro,qm,33,b3,340,14.8,tc3
cc,2025nyro,qm,33,b3,340,10,tc3
cc,2025nyro,qm,33,b3,340,8.1,tc3
cc,2025nyro,qm,33,b3,340,6.7,tc3
cc,2025nyro,qm,33,b3,340,13.6,tc4
cc,2025nyro,qm,33,b3,340,4.3,tc4
cc,2025nyro,qm,33,b3,340,8.7,tc4
df,2025nyro,qm,33,r1,4930,18.4,tc2
df,2025nyro,qm,33,r1,4930,7,tc3
df,2025nyro,qm,33,r1,4930,29.8,tc2
df,2025nyro,qm,33,r1,4930,38.1,tc2
df,2025nyro,qm,33,r1,4930,13.3,tc2
ER,2025nyro,qm,33,b1,9622,,{}
ZS,2025nyro,qm,33,r3,378,27.6,tc3
ZS,2025nyro,qm,33,r3,378,9.5,tap
ZS,2025nyro,qm,33,r3,378,20.3,tc3
ZS,2025nyro,qm,33,r3,378,11.2,tc3
ZS,2025nyro,qm,33,r3,378,13.8,tc2
ZS,2025nyro,qm,33,r3,378,16.8,tc3
bo,2025nyro,qm,34,r2,8140,52.2,tc1
bo,2025nyro,qm,34,r2,8140,47.5,tc1
bo,2025nyro,qm,34,r2,8140,0.4,tc2
RV,2025nyro,qm,34,b2,3003,13.8,tc4
RV,2025nyro,qm,34,b2,3003,14.3,tc4
RV,2025nyro,qm,34,b2,3003,16.8,tc1
RV,2025nyro,qm,34,b2,3003,11.1,tc4
RV,2025nyro,qm,34,b2,3003,14.2,tc4
RV,2025nyro,qm,34,b2,3003,13.3,tc4
RV,2025nyro,qm,34,b2,3003,15.1,tc4
cc,2025nyro,qm,34,b3,564,,{}
df,2025nyro,qm,34,r1,10223,40.4,tc1
df,2025nyro,qm,34,r1,10223,23.4,tc1
df,2025nyro,qm,34,r1,10223,11.4,tc1
df,2025nyro,qm,34,r1,10223,6.3,tc1
df,2025nyro,qm,34,r1,10223,16.3,tc1
AC,2025nyro,qm,34,b1,7165,,{}
ZS,2025nyro,qm,34,r3,1591,4,tc4
ZS,2025nyro,qm,34,r3,1591,8.8,tc4
ZS,2025nyro,qm,34,r3,1591,8.5,tc4
ZS,2025nyro,qm,34,r3,1591,11,tap
ZS,2025nyro,qm,34,r3,1591,14.9,tc3
ZS,2025nyro,qm,34,r3,1591,12.1,tc3
ZS,2025nyro,qm,34,r3,1591,40.1,tc3
ZS,2025nyro,qm,34,r3,1591,8,tc3
ZS,2025nyro,qm,34,r3,1591,18.4,tc3
ZS,2025nyro,qm,34,r3,1591,13.3,tc1
bo,2025nyro,qm,35,r2,2791,41,tc3
JS,2025nyro,qm,35,b2,191,5.4,tap
JS,2025nyro,qm,35,b2,191,9.8,tap
JS,2025nyro,qm,35,b2,191,10.1,tc3
JS,2025nyro,qm,35,b2,191,22,tap
JS,2025nyro,qm,35,b2,191,7.7,tc3
JS,2025nyro,qm,35,b2,191,7.3,tc2
JS,2025nyro,qm,35,b2,191,9.5,tc2
JS,2025nyro,qm,35,b2,191,8.4,tc2
JS,2025nyro,qm,35,b2,191,9.8,tc3
df,2025nyro,qm,35,r1,2614,18.3,tc4
df,2025nyro,qm,35,r1,2614,7.9,tc4
df,2025nyro,qm,35,r1,2614,12.8,tc4
df,2025nyro,qm,35,r1,2614,15.2,tc4
df,2025nyro,qm,35,r1,2614,36.4,tc4
df,2025nyro,qm,35,r1,2614,9.2,tc4
df,2025nyro,qm,35,r1,2614,12.7,tc2
AC,2025nyro,qm,35,b1,1405,19.4,tc3
AC,2025nyro,qm,35,b1,1405,16.9,tc3
AC,2025nyro,qm,35,b1,1405,8.5,tc4
AC,2025nyro,qm,35,b1,1405,64.3,tc2
eg,2025nyro,qm,35,b3,695,4.9,tc4
eg,2025nyro,qm,35,b3,695,8.1,tc4
eg,2025nyro,qm,35,b3,695,11.1,tc4
eg,2025nyro,qm,35,b3,695,11.6,tc4
eg,2025nyro,qm,35,b3,695,9.1,tc4
eg,2025nyro,qm,35,b3,695,10.8,tc4
eg,2025nyro,qm,35,b3,695,9,tc3
eg,2025nyro,qm,35,b3,695,7.2,tc2
eg,2025nyro,qm,35,b3,695,13.6,tc2
eg,2025nyro,qm,35,b3,695,9.6,tc3
eg,2025nyro,qm,35,b3,695,8.6,tc3
eg,2025nyro,qm,35,b3,695,6.2,tc3
eg,2025nyro,qm,35,b3,695,18.7,tc3
np,2025nyro,qm,35,r3,1507,6.3,tc4
np,2025nyro,qm,35,r3,1507,9.8,tap
np,2025nyro,qm,35,r3,1507,11.9,tc3
np,2025nyro,qm,35,r3,1507,9.2,tap
np,2025nyro,qm,35,r3,1507,12.9,tc4
np,2025nyro,qm,35,r3,1507,9.5,tc3
np,2025nyro,qm,35,r3,1507,9.7,tc3
np,2025nyro,qm,35,r3,1507,10.3,tc3
np,2025nyro,qm,35,r3,1507,5.5,tc2
np,2025nyro,qm,35,r3,1507,5.9,tc2
np,2025nyro,qm,35,r3,1507,7.2,tc2
np,2025nyro,qm,35,r3,1507,9.4,tc2
DD,2025nyro,qm,36,r2,3044,4,tc4
DD,2025nyro,qm,36,r2,3044,63.2,tc3
DD,2025nyro,qm,36,r2,3044,2,tc3
DD,2025nyro,qm,36,r2,3044,3.7,tc2
DD,2025nyro,qm,36,r2,3044,5.5,tc4
DD,2025nyro,qm,36,r2,3044,10.1,tc4
DD,2025nyro,qm,36,r2,3044,12.5,tc1
DD,2025nyro,qm,36,r2,3044,11.4,tc4
JS,2025nyro,qm,36,b2,3799,63.1,tc2
JS,2025nyro,qm,36,b2,3799,28,tc1
JS,2025nyro,qm,36,b2,3799,7,tc2
JS,2025nyro,qm,36,b2,3799,16.6,tc3
AC,2025nyro,qm,36,b1,578,,{}
eg,2025nyro,qm,36,b3,3181,58.7,tc4
eg,2025nyro,qm,36,b3,3181,16.1,tc1
ZS,2025nyro,qm,36,r3,424,6.7,tan
ZS,2025nyro,qm,36,r3,424,11.7,tan
ZS,2025nyro,qm,36,r3,424,19.8,tc2
ZS,2025nyro,qm,36,r3,424,15.7,tan
ZS,2025nyro,qm,36,r3,424,11.6,tan
ZS,2025nyro,qm,36,r3,424,14.3,tc3
ZS,2025nyro,qm,36,r3,424,19.6,tc3
df,2025nyro,qm,36,r1,1126,4.6,tc4
df,2025nyro,qm,36,r1,1126,17.3,tc4
df,2025nyro,qm,36,r1,1126,57.6,tc4
eg,2025nyro,qm,37,b3,2340,,{}
DD,2025nyro,qm,37,r2,7903,,{}
JS,2025nyro,qm,37,b2,9643,37,tc1
JS,2025nyro,qm,37,b2,9643,7.3,tc1
JS,2025nyro,qm,37,b2,9643,10.9,tc1
JS,2025nyro,qm,37,b2,9643,36.4,tc1
JS,2025nyro,qm,37,b2,9643,20.7,tc1
ZS,2025nyro,qm,37,r3,533,76.5,tc4
AC,2025nyro,qm,37,b1,639,0.1,tc4
AC,2025nyro,qm,37,b1,639,13.3,tc4
AC,2025nyro,qm,37,b1,639,19.7,tc4
AC,2025nyro,qm,37,b1,639,19.7,tc4
df,2025nyro,qm,37,r1,1518,3.7,tc4
df,2025nyro,qm,37,r1,1518,7.5,tan
df,2025nyro,qm,37,r1,1518,66.6,tan
df,2025nyro,qm,37,r1,1518,1.4,tc4
df,2025nyro,qm,37,r1,1518,19.5,tap
DD,2025nyro,qm,38,r2,4611,1.3,tc4
DD,2025nyro,qm,38,r2,4611,6.8,tc4
DD,2025nyro,qm,38,r2,4611,7.7,tc4
DD,2025nyro,qm,38,r2,4611,7.1,tc4
DD,2025nyro,qm,38,r2,4611,8.1,tc4
DD,2025nyro,qm,38,r2,4611,7.5,tc4
DD,2025nyro,qm,38,r2,4611,11.5,tc4
DD,2025nyro,qm,38,r2,4611,8.7,tc4
DD,2025nyro,qm,38,r2,4611,14.4,tc4
DD,2025nyro,qm,38,r2,4611,12.8,tc3
DD,2025nyro,qm,38,r2,4611,12,tc3
DD,2025nyro,qm,38,r2,4611,7.3,tc3
DD,2025nyro,qm,38,r2,4611,6,tc3
DD,2025nyro,qm,38,r2,4611,7.8,tc3
ZS,2025nyro,qm,38,r3,1308,35.8,tap
ZS,2025nyro,qm,38,r3,1308,22.3,tap
ZS,2025nyro,qm,38,r3,1308,13.9,tap
ZS,2025nyro,qm,38,r3,1308,39.2,tap
AC,2025nyro,qm,38,b1,2010,0.1,tc4
AC,2025nyro,qm,38,b1,2010,33.6,tc3
AC,2025nyro,qm,38,b1,2010,20.2,tc2
AC,2025nyro,qm,38,b1,2010,15.4,tc2
JS,2025nyro,qm,38,b2,2228,28,tc4
JS,2025nyro,qm,38,b2,2228,12.2,tc4
JS,2025nyro,qm,38,b2,2228,26,tc3
JS,2025nyro,qm,38,b2,2228,21.9,tc3
JS,2025nyro,qm,38,b2,2228,0.2,tc3
JS,2025nyro,qm,38,b2,2228,4.4,tc3
JS,2025nyro,qm,38,b2,2228,15.8,tc2
eg,2025nyro,qm,38,b3,3951,8.6,tap
eg,2025nyro,qm,38,b3,3951,81.1,tan
eg,2025nyro,qm,38,b3,3951,2.4,tap
df,2025nyro,qm,38,r1,250,,{}
cc,2025nyro,qm,39,b3,8243,33.1,tc1
cc,2025nyro,qm,39,b3,8243,52.2,tc1
cc,2025nyro,qm,39,b3,8243,11.1,tc1
cc,2025nyro,qm,39,b3,8243,5.3,tc1
cc,2025nyro,qm,39,b3,8243,17.9,tc1
cc,2025nyro,qm,39,b3,8243,4.7,tc1
cc,2025nyro,qm,39,b3,8243,9.4,tc1
DD,2025nyro,qm,39,r2,5590,48.9,tc4
DD,2025nyro,qm,39,r2,5590,20.5,tc4
DD,2025nyro,qm,39,r2,5590,24.9,tc4
DD,2025nyro,qm,39,r2,5590,29.3,tc4
AC,2025nyro,qm,39,b1,6621,0.1,tc3
AC,2025nyro,qm,39,b1,6621,35.7,tc4
AC,2025nyro,qm,39,b1,6621,5.6,tc4
AC,2025nyro,qm,39,b1,6621,6.4,tc4
AC,2025nyro,qm,39,b1,6621,14.7,tc3
AC,2025nyro,qm,39,b1,6621,3,tc3
AC,2025nyro,qm,39,b1,6621,5.1,tc3
AC,2025nyro,qm,39,b1,6621,9.2,tc3
AC,2025nyro,qm,39,b1,6621,16,tc3
df,2025nyro,qm,39,r1,4930,1.6,tc2
df,2025nyro,qm,39,r1,4930,47.3,tc2
df,2025nyro,qm,39,r1,4930,9.9,tc2
df,2025nyro,qm,39,r1,4930,6.6,tc2
df,2025nyro,qm,39,r1,4930,7.1,tc2
df,2025nyro,qm,39,r1,4930,13.5,tc3
JS,2025nyro,qm,39,b2,1559,0.1,tc4
np,2025nyro,qm,39,r3,5881,,{}
JS,2025nyro,qm,40,b2,378,19.2,tc4
JS,2025nyro,qm,40,b2,378,13.8,tc3
JS,2025nyro,qm,40,b2,378,37.7,tc3
JS,2025nyro,qm,40,b2,378,14.7,tc3
DD,2025nyro,qm,40,r2,564,,{}
cc,2025nyro,qm,40,b3,271,11.4,tc1
cc,2025nyro,qm,40,b3,271,42.4,tap
cc,2025nyro,qm,40,b3,271,23.4,tc1
cc,2025nyro,qm,40,b3,271,9.5,tap
cc,2025nyro,qm,40,b3,271,20.1,tap
np,2025nyro,qm,40,r3,1591,3.1,tc4
np,2025nyro,qm,40,r3,1591,16.9,tc4
np,2025nyro,qm,40,r3,1591,6.3,tc4
np,2025nyro,qm,40,r3,1591,10.4,tc4
np,2025nyro,qm,40,r3,1591,10.1,tc4
np,2025nyro,qm,40,r3,1591,28.2,tc4
np,2025nyro,qm,40,r3,1591,8,tc4
AC,2025nyro,qm,40,b1,1787,2.5,tc4
AC,2025nyro,qm,40,b1,1787,7.9,tc4
AC,2025nyro,qm,40,b1,1787,9.8,tc4
AC,2025nyro,qm,40,b1,1787,13.7,tc4
AC,2025nyro,qm,40,b1,1787,17.1,tc4
AC,2025nyro,qm,40,b1,1787,9.7,tc4
AC,2025nyro,qm,40,b1,1787,12.9,tc4
AC,2025nyro,qm,40,b1,1787,21.6,tc4
AC,2025nyro,qm,40,b1,1787,9.5,tc4
df,2025nyro,qm,40,r1,2252,1.3,tc4
df,2025nyro,qm,40,r1,2252,40.4,tc4
df,2025nyro,qm,40,r1,2252,14.7,tc3
df,2025nyro,qm,40,r1,2252,23.8,tc3
CD,2025nyro,qm,41,r2,8393,12.2,tc2
CD,2025nyro,qm,41,r2,8393,24.2,tc2
CD,2025nyro,qm,41,r2,8393,19.2,tap
CD,2025nyro,qm,41,r2,8393,8.4,tap
CD,2025nyro,qm,41,r2,8393,28,tc1
CD,2025nyro,qm,41,r2,8393,14.4,tc1
RV,2025nyro,qm,41,b2,8140,106.7,tc1
RV,2025nyro,qm,41,b2,8140,42,tc1
RV,2025nyro,qm,41,b2,8140,0.2,tc1
AC,2025nyro,qm,41,b1,1507,5.9,tc4
AC,2025nyro,qm,41,b1,1507,13.4,tc4
AC,2025nyro,qm,41,b1,1507,8.6,tap
AC,2025nyro,qm,41,b1,1507,26.1,tc4
AC,2025nyro,qm,41,b1,1507,26.7,tap
AC,2025nyro,qm,41,b1,1507,15.3,tc4
cc,2025nyro,qm,41,b3,3004,33.7,tc1
cc,2025nyro,qm,41,b3,3004,9.5,tc1
cc,2025nyro,qm,41,b3,3004,38.5,tc1
cc,2025nyro,qm,41,b3,3004,49.7,tc1
df,2025nyro,qm,41,r1,2791,39.5,tc3
df,2025nyro,qm,41,r1,2791,24.9,tc2
df,2025nyro,qm,41,r1,2791,34.3,tc2
df,2025nyro,qm,41,r1,2791,31.7,tc1
np,2025nyro,qm,41,r3,3015,1.4,tc4
np,2025nyro,qm,41,r3,3015,3.3,tc4
np,2025nyro,qm,41,r3,3015,6.5,tc4
np,2025nyro,qm,41,r3,3015,9.4,tc4
np,2025nyro,qm,41,r3,3015,10.9,tc4
np,2025nyro,qm,41,r3,3015,9.8,tc4
np,2025nyro,qm,41,r3,3015,6.6,tc4
np,2025nyro,qm,41,r3,3015,5.5,tc4
np,2025nyro,qm,41,r3,3015,9.7,tc3
np,2025nyro,qm,41,r3,3015,5,tc3
np,2025nyro,qm,41,r3,3015,9.6,tc3
np,2025nyro,qm,41,r3,3015,8.4,tc3
CD,2025nyro,qm,42,r2,340,13.9,tc4
CD,2025nyro,qm,42,r2,340,0.3,tc4
CD,2025nyro,qm,42,r2,340,11.7,tc4
CD,2025nyro,qm,42,r2,340,9,tc4
CD,2025nyro,qm,42,r2,340,13.6,tc1
CD,2025nyro,qm,42,r2,340,6.7,tc4
CD,2025nyro,qm,42,r2,340,10.5,tc4
CD,2025nyro,qm,42,r2,340,11.3,tc4
CD,2025nyro,qm,42,r2,340,36.7,tc3
RV,2025nyro,qm,42,b2,3181,,
np,2025nyro,qm,42,r3,3838,,{}
AC,2025nyro,qm,42,b1,6911,3.8,tc4
AC,2025nyro,qm,42,b1,6911,16.2,tan
AC,2025nyro,qm,42,b1,6911,10.1,tc4
AC,2025nyro,qm,42,b1,6911,6.7,tc4
AC,2025nyro,qm,42,b1,6911,8.5,tan
AC,2025nyro,qm,42,b1,6911,35.9,tc4
AC,2025nyro,qm,42,b1,6911,15.9,tan
AC,2025nyro,qm,42,b1,6911,32.8,tc4
df,2025nyro,qm,42,r1,578,,{}
eg,2025nyro,qm,42,b3,229,,{}
ZS,2025nyro,qm,43,r3,9622,,{}
JS,2025nyro,qm,43,r1,2614,0.1,tc4
JS,2025nyro,qm,43,r1,2614,6.9,tc4
JS,2025nyro,qm,43,r1,2614,11,tc4
JS,2025nyro,qm,43,r1,2614,10,tc4
JS,2025nyro,qm,43,r1,2614,10.8,tc4
JS,2025nyro,qm,43,r1,2614,15.9,tc4
JS,2025nyro,qm,43,r1,2614,8.2,tc4
JS,2025nyro,qm,43,r1,2614,15.3,tc1
JS,2025nyro,qm,43,r1,2614,9.8,tc4
JS,2025nyro,qm,43,r1,2614,14.9,tc4
eg,2025nyro,qm,43,b3,3799,57.6,tc1
eg,2025nyro,qm,43,b3,3799,19.9,tc1
eg,2025nyro,qm,43,b3,3799,47,tc1
RV,2025nyro,qm,43,b2,424,3,tan
RV,2025nyro,qm,43,b2,424,20.2,tan
RV,2025nyro,qm,43,b2,424,9.1,tan
RV,2025nyro,qm,43,b2,424,15.2,tan
RV,2025nyro,qm,43,b2,424,12.1,tan
RV,2025nyro,qm,43,b2,424,25,tc3
RV,2025nyro,qm,43,b2,424,11.9,tc3
CD,2025nyro,qm,43,r2,10223,5.3,tc1
CD,2025nyro,qm,43,r2,10223,10.5,tc1
CD,2025nyro,qm,43,r2,10223,16.6,tc1
CD,2025nyro,qm,43,r2,10223,18.1,tc1
AC,2025nyro,qm,43,b1,3171,33.8,tc4
AC,2025nyro,qm,43,b1,3171,33.7,tc4
AC,2025nyro,qm,43,b1,3171,16.3,tc4
AC,2025nyro,qm,43,b1,3171,14.6,tc4
AC,2025nyro,qm,43,b1,3171,25.4,tc3
AC,2025nyro,qm,43,b1,3171,15.6,tc3
CD,2025nyro,qm,44,r2,6868,0.1,tc3
CD,2025nyro,qm,44,r2,6868,15.2,tc3
CD,2025nyro,qm,44,r2,6868,16.6,tc3
CD,2025nyro,qm,44,r2,6868,10.9,tc2
CD,2025nyro,qm,44,r2,6868,10.7,tc3
CD,2025nyro,qm,44,r2,6868,16.4,tc4
CD,2025nyro,qm,44,r2,6868,32.1,tc2
RV,2025nyro,qm,44,b2,3044,15.2,tc4
RV,2025nyro,qm,44,b2,3044,8.2,tc4
RV,2025nyro,qm,44,b2,3044,22.9,tc4
RV,2025nyro,qm,44,b2,3044,10.9,tc3
RV,2025nyro,qm,44,b2,3044,19.5,tc3
RV,2025nyro,qm,44,b2,3044,9.3,tc2
RV,2025nyro,qm,44,b2,3044,19.7,tc1
RV,2025nyro,qm,44,b2,3044,10.7,tc4
RV,2025nyro,qm,44,b2,3044,8.7,tc4
eg,2025nyro,qm,44,b3,1511,2,tc4
eg,2025nyro,qm,44,b3,1511,22.9,tap
eg,2025nyro,qm,44,b3,1511,7.3,tap
eg,2025nyro,qm,44,b3,1511,12,tc3
eg,2025nyro,qm,44,b3,1511,16,tc3
eg,2025nyro,qm,44,b3,1511,23.8,tc4
eg,2025nyro,qm,44,b3,1511,13.3,tc3
df,2025nyro,qm,44,r1,3173,13,tap
df,2025nyro,qm,44,r1,3173,31.1,tc1
df,2025nyro,qm,44,r1,3173,7,tc1
df,2025nyro,qm,44,r1,3173,7,tc1
df,2025nyro,qm,44,r1,3173,8.2,tc1
df,2025nyro,qm,44,r1,3173,12.7,tap
df,2025nyro,qm,44,r1,3173,8.9,tc1
df,2025nyro,qm,44,r1,3173,8.6,tc1
ZS,2025nyro,qm,44,r3,695,20.5,tc4
ZS,2025nyro,qm,44,r3,695,6.2,tc4
ZS,2025nyro,qm,44,r3,695,5.8,tc4
ZS,2025nyro,qm,44,r3,695,11.2,tc4
ZS,2025nyro,qm,44,r3,695,7.3,tc4
ZS,2025nyro,qm,44,r3,695,9.3,tc4
ZS,2025nyro,qm,44,r3,695,9.3,tc4
ZS,2025nyro,qm,44,r3,695,9.5,tc3
ZS,2025nyro,qm,44,r3,695,7.2,tc3
ZS,2025nyro,qm,44,r3,695,8.4,tc2
ZS,2025nyro,qm,44,r3,695,7.3,tc3
ZS,2025nyro,qm,44,r3,695,14,tc3
ZS,2025nyro,qm,44,r3,695,10.5,tc3
ZS,2025nyro,qm,44,r3,695,6.9,tc2
ER,2025nyro,qm,44,b1,1585,0.1,tc2
ER,2025nyro,qm,44,b1,1585,0.4,tc2
ER,2025nyro,qm,44,b1,1585,2.2,tc2
DD,2025nyro,qm,45,r2,1405,26.4,tc4
DD,2025nyro,qm,45,r2,1405,13,tc1
DD,2025nyro,qm,45,r2,1405,70.5,tc3
ZS,2025nyro,qm,45,r3,3003,15.4,tc4
ZS,2025nyro,qm,45,r3,3003,23.4,tc4
ZS,2025nyro,qm,45,r3,3003,10.7,tc4
ZS,2025nyro,qm,45,r3,3003,9.4,tc4
ZS,2025nyro,qm,45,r3,3003,14.1,tc3
ZS,2025nyro,qm,45,r3,3003,18.9,tc3
ZS,2025nyro,qm,45,r3,3003,11.1,tc4
JS,2025nyro,qm,45,b2,1126,38.4,tc1
JS,2025nyro,qm,45,b2,1126,14.2,tc1
JS,2025nyro,qm,45,b2,1126,16,tc1
JS,2025nyro,qm,45,b2,1126,12.6,tc1
df,2025nyro,qm,45,r1,20,5.9,tc4
df,2025nyro,qm,45,r1,20,10.3,tc4
df,2025nyro,qm,45,r1,20,16.3,tc4
df,2025nyro,qm,45,r1,20,9.5,tc3
df,2025nyro,qm,45,r1,20,18.8,tc3
df,2025nyro,qm,45,r1,20,8.6,tc3
df,2025nyro,qm,45,r1,20,19.8,tc4
df,2025nyro,qm,45,r1,20,11.2,tc2
eg,2025nyro,qm,45,b3,7165,0.1,tc4
eg,2025nyro,qm,45,b3,7165,50.5,tc4
eg,2025nyro,qm,45,b3,7165,22.1,tc2
eg,2025nyro,qm,45,b3,7165,24.6,tc3
eg,2025nyro,qm,45,b3,7165,18.2,tc2
ER,2025nyro,qm,45,b1,191,0.1,tc4
ER,2025nyro,qm,45,b1,191,7.4,tc4
ER,2025nyro,qm,45,b1,191,13.3,tap
ER,2025nyro,qm,45,b1,191,5.6,tap
ER,2025nyro,qm,45,b1,191,10.9,tc3
ER,2025nyro,qm,45,b1,191,10.6,tc3
ER,2025nyro,qm,45,b1,191,6.8,tc3
ER,2025nyro,qm,45,b1,191,4.7,tc4
ER,2025nyro,qm,45,b1,191,2.4,tc3
ER,2025nyro,qm,45,b1,191,8.8,tc3
ER,2025nyro,qm,45,b1,191,4.6,tc2
ER,2025nyro,qm,45,b1,191,5.4,tap
ER,2025nyro,qm,45,b1,191,5.8,tc2
ER,2025nyro,qm,45,b1,191,12.4,tc4
ER,2025nyro,qm,45,b1,191,3.4,tc4
JS,2025nyro,qm,46,b2,1559,20.7,tc3
JS,2025nyro,qm,46,b2,1559,44.8,tc3
DD,2025nyro,qm,46,r2,2252,10.2,tc4
DD,2025nyro,qm,46,r2,2252,7.4,tc4
DD,2025nyro,qm,46,r2,2252,23.9,tc4
DD,2025nyro,qm,46,r2,2252,12.6,tc4
DD,2025nyro,qm,46,r2,2252,12.4,tc4
DD,2025nyro,qm,46,r2,2252,18.1,tc4
DD,2025nyro,qm,46,r2,2252,9.7,tc4
DD,2025nyro,qm,46,r2,2252,15.2,tc4
DD,2025nyro,qm,46,r2,2252,15.5,tc4
DD,2025nyro,qm,46,r2,2252,19.8,tc4
df,2025nyro,qm,46,r1,271,0.1,tc1
df,2025nyro,qm,46,r1,271,8.4,tap
ER,2025nyro,qm,46,b1,5590,0.1,tc3
ER,2025nyro,qm,46,b1,5590,17.6,tc3
ER,2025nyro,qm,46,b1,5590,40.4,tc2
eg,2025nyro,qm,46,b3,4611,0.5,tc4
eg,2025nyro,qm,46,b3,4611,9.3,tap
eg,2025nyro,qm,46,b3,4611,12.1,tc4
eg,2025nyro,qm,46,b3,4611,4.3,tap
eg,2025nyro,qm,46,b3,4611,8.2,tc4
eg,2025nyro,qm,46,b3,4611,7.8,tc3
eg,2025nyro,qm,46,b3,4611,19.5,tc3
eg,2025nyro,qm,46,b3,4611,22.8,tc2
eg,2025nyro,qm,46,b3,4611,12.6,tc2
eg,2025nyro,qm,46,b3,4611,9,tc2
eg,2025nyro,qm,46,b3,4611,7.1,tc4
eg,2025nyro,qm,46,b3,4611,9.4,tc4
ZS,2025nyro,qm,46,r3,2340,6.5,tc2
ZS,2025nyro,qm,46,r3,2340,38.9,tc2
ZS,2025nyro,qm,46,r3,2340,23.3,tc2
ZS,2025nyro,qm,46,r3,2340,31.8,tc2
ZS,2025nyro,qm,46,r3,2340,10.6,tc2
DD,2025nyro,qm,47,r2,1308,16.8,tap
eg,2025nyro,qm,47,b3,4930,5.8,tc3
eg,2025nyro,qm,47,b3,4930,36.5,tc2
eg,2025nyro,qm,47,b3,4930,12.4,tc3
eg,2025nyro,qm,47,b3,4930,9.9,tc2
eg,2025nyro,qm,47,b3,4930,19.8,tc2
eg,2025nyro,qm,47,b3,4930,10.7,tc3
eg,2025nyro,qm,47,b3,4930,7.9,tc3
df,2025nyro,qm,47,r1,2791,11.7,tc4
df,2025nyro,qm,47,r1,2791,12.8,tc4
df,2025nyro,qm,47,r1,2791,42,tc4
df,2025nyro,qm,47,r1,2791,37.9,tc4
AC,2025nyro,qm,47,b1,3015,2.9,tc4
AC,2025nyro,qm,47,b1,3015,5.7,tc4
AC,2025nyro,qm,47,b1,3015,6.9,tc4
AC,2025nyro,qm,47,b1,3015,18.5,tc3
AC,2025nyro,qm,47,b1,3015,7.6,tc3
AC,2025nyro,qm,47,b1,3015,9.2,tc3
AC,2025nyro,qm,47,b1,3015,5.4,tc3
AC,2025nyro,qm,47,b1,3015,10.9,tc2
AC,2025nyro,qm,47,b1,3015,11.4,tc2
JS,2025nyro,qm,47,b2,3951,26.7,tap
JS,2025nyro,qm,47,b2,3951,26.2,tap
ZS,2025nyro,qm,47,r3,6621,8.5,tc3
ZS,2025nyro,qm,47,r3,6621,7.1,tc3
ZS,2025nyro,qm,47,r3,6621,7.7,tc3
ZS,2025nyro,qm,47,r3,6621,13.9,tc3
ZS,2025nyro,qm,47,r3,6621,19.4,tc3
ZS,2025nyro,qm,47,r3,6621,12.5,tc3
ZS,2025nyro,qm,47,r3,6621,22.7,tc2
ZS,2025nyro,qm,47,r3,6621,8,tc2
ZS,2025nyro,qm,47,r3,6621,7.9,tc3
ZS,2025nyro,qm,47,r3,6621,6.7,tc3
JS,2025nyro,qm,48,b2,3181,,{}
DD,2025nyro,qm,48,r2,6911,1.9,tc4
DD,2025nyro,qm,48,r2,6911,8.8,tan
DD,2025nyro,qm,48,r2,6911,55.5,tc4
DD,2025nyro,qm,48,r2,6911,5.9,tan
AC,2025nyro,qm,48,b1,7903,,{}
df,2025nyro,qm,48,r1,564,,{}
ZS,2025nyro,qm,48,r3,8393,63.4,tc2
ZS,2025nyro,qm,48,r3,8393,9.2,tc3
ZS,2025nyro,qm,48,r3,8393,7.6,tc3
ZS,2025nyro,qm,48,r3,8393,11.3,tc3
eg,2025nyro,qm,48,b3,250,,{}
RV,2025nyro,qm,49,b2,578,,{}
DD,2025nyro,qm,49,r2,3838,,{}
AC,2025nyro,qm,49,b1,5881,12,tc2
AC,2025nyro,qm,49,b1,5881,10.6,tc2
AC,2025nyro,qm,49,b1,5881,33,tc2
df,2025nyro,qm,49,r1,9622,,{}
eg,2025nyro,qm,49,b3,2614,19.1,tap
eg,2025nyro,qm,49,b3,2614,17.9,tap
eg,2025nyro,qm,49,b3,2614,13.3,tc4
eg,2025nyro,qm,49,b3,2614,24,tc4
eg,2025nyro,qm,49,b3,2614,29,tc4
eg,2025nyro,qm,49,b3,2614,7.5,tc4
eg,2025nyro,qm,49,b3,2614,19.6,tc3
np,2025nyro,qm,49,r3,1518,5,tap
np,2025nyro,qm,49,r3,1518,16.9,tap
np,2025nyro,qm,49,r3,1518,33.8,tan
np,2025nyro,qm,49,r3,1518,38.4,tan
np,2025nyro,qm,49,r3,1518,14.7,tap
cc,2025nyro,qm,50,b3,1591,18.7,tc4
cc,2025nyro,qm,50,b3,1591,8.2,tc4
cc,2025nyro,qm,50,b3,1591,8.7,tc4
cc,2025nyro,qm,50,b3,1591,13,tc4
cc,2025nyro,qm,50,b3,1591,21,tc3
cc,2025nyro,qm,50,b3,1591,16.3,tc3
ER,2025nyro,qm,50,b1,3799,,{}
DD,2025nyro,qm,50,r2,695,5.8,tc4
DD,2025nyro,qm,50,r2,695,8.9,tc4
DD,2025nyro,qm,50,r2,695,5.9,tc4
DD,2025nyro,qm,50,r2,695,6.6,tc4
DD,2025nyro,qm,50,r2,695,8.6,tc4
DD,2025nyro,qm,50,r2,695,10.7,tc4
DD,2025nyro,qm,50,r2,695,11.9,tc4
DD,2025nyro,qm,50,r2,695,8.8,tc4
DD,2025nyro,qm,50,r2,695,14.4,tc4
DD,2025nyro,qm,50,r2,695,6.1,tc3
DD,2025nyro,qm,50,r2,695,6.1,tc3
DD,2025nyro,qm,50,r2,695,7.4,tc3
DD,2025nyro,qm,50,r2,695,7.9,tc3
DD,2025nyro,qm,50,r2,695,6.7,tc3
DD,2025nyro,qm,50,r2,695,9.6,tc3
DD,2025nyro,qm,50,r2,695,9.6,tc3
df,2025nyro,qm,50,r1,424,40.2,tan
df,2025nyro,qm,50,r1,424,7.9,tan
df,2025nyro,qm,50,r1,424,10.7,tan
df,2025nyro,qm,50,r1,424,25.3,tan
df,2025nyro,qm,50,r1,424,22.7,tc3
df,2025nyro,qm,50,r1,424,15,tc3
np,2025nyro,qm,50,r3,533,,{}
DD,2025nyro,qm,51,r2,1787,8.2,tc4
DD,2025nyro,qm,51,r2,1787,33.1,tc4
DD,2025nyro,qm,51,r2,1787,6.3,tc4
DD,2025nyro,qm,51,r2,1787,12.2,tc4
DD,2025nyro,qm,51,r2,1787,23.1,tc4
DD,2025nyro,qm,51,r2,1787,15.9,tc4
DD,2025nyro,qm,51,r2,1787,9.6,tc4
RV,2025nyro,qm,51,b2,6868,5.3,tc2
RV,2025nyro,qm,51,b2,6868,35,tc1
RV,2025nyro,qm,51,b2,6868,29.1,tc4
RV,2025nyro,qm,51,b2,6868,7.8,tc4
RV,2025nyro,qm,51,b2,6868,11.5,tc4
RV,2025nyro,qm,51,b2,6868,9.3,tc4
RV,2025nyro,qm,51,b2,6868,14.6,tc3
RV,2025nyro,qm,51,b2,6868,7.4,tc3
RV,2025nyro,qm,51,b2,6868,10.5,tc3
cc,2025nyro,qm,51,b3,10223,1.2,tc1
cc,2025nyro,qm,51,b3,10223,29.3,tc1
cc,2025nyro,qm,51,b3,10223,23.5,tc1
cc,2025nyro,qm,51,b3,10223,12.2,tc1
cc,2025nyro,qm,51,b3,10223,9.7,tc1
df,2025nyro,qm,51,r1,8243,,{}
ER,2025nyro,qm,51,b1,3003,0.1,tc4
ER,2025nyro,qm,51,b1,3003,20.6,tc4
ER,2025nyro,qm,51,b1,3003,21.9,tc4
ER,2025nyro,qm,51,b1,3003,9.7,tc4
ER,2025nyro,qm,51,b1,3003,22.9,tc4
ER,2025nyro,qm,51,b1,3003,13.4,tc4
ER,2025nyro,qm,51,b1,3003,11.3,tc4
np,2025nyro,qm,51,r3,9643,6,tc1
np,2025nyro,qm,51,r3,9643,10.9,tc1
np,2025nyro,qm,51,r3,9643,9.5,tc1
np,2025nyro,qm,51,r3,9643,18.6,tc1
np,2025nyro,qm,51,r3,9643,63,tc1
cc,2025nyro,qm,52,b3,7165,10.8,tc4
cc,2025nyro,qm,52,b3,7165,78,tc3
cc,2025nyro,qm,52,b3,7165,14.9,tc1
cc,2025nyro,qm,52,b3,7165,14.8,tc3
cc,2025nyro,qm,52,b3,7165,13.1,tc3
DD,2025nyro,qm,52,r2,1511,4.5,tc4
DD,2025nyro,qm,52,r2,1511,52.3,tc3
DD,2025nyro,qm,52,r2,1511,3.1,tc3
DD,2025nyro,qm,52,r2,1511,9.1,tc3
DD,2025nyro,qm,52,r2,1511,20.2,tc3
DD,2025nyro,qm,52,r2,1511,9.1,tc2
DD,2025nyro,qm,52,r2,1511,11,tc4
RV,2025nyro,qm,52,b2,1585,72.9,tc2
ER,2025nyro,qm,52,b1,3004,0.1,tc1
ER,2025nyro,qm,52,b1,3004,15.2,tc1
ER,2025nyro,qm,52,b1,3004,12.1,tc1
ER,2025nyro,qm,52,b1,3004,13.3,tc1
ER,2025nyro,qm,52,b1,3004,18.7,tc1
df,2025nyro,qm,52,r1,191,2.7,tc4
df,2025nyro,qm,52,r1,191,9.3,tc4
df,2025nyro,qm,52,r1,191,21.5,tc4
df,2025nyro,qm,52,r1,191,17.7,tc4
df,2025nyro,qm,52,r1,191,13.7,tc3
df,2025nyro,qm,52,r1,191,8.7,tc2
df,2025nyro,qm,52,r1,191,9.1,tc2
df,2025nyro,qm,52,r1,191,6.9,tc2
df,2025nyro,qm,52,r1,191,9.6,tc4
df,2025nyro,qm,52,r1,191,13.7,tc4
df,2025nyro,qm,52,r1,191,8.4,tc4
np,2025nyro,qm,52,r3,639,1.3,tc1
np,2025nyro,qm,52,r3,639,90.7,tap
DD,2025nyro,qm,53,r2,1405,3.3,tc4
DD,2025nyro,qm,53,r2,1405,12.8,tc4
DD,2025nyro,qm,53,r2,1405,10.6,tc4
cc,2025nyro,qm,53,b3,8140,17.8,tc1
cc,2025nyro,qm,53,b3,8140,22.4,tc2
cc,2025nyro,qm,53,b3,8140,17.3,tc2
cc,2025nyro,qm,53,b3,8140,19.8,tc1
cc,2025nyro,qm,53,b3,8140,47.2,tc1
ER,2025nyro,qm,53,b1,3173,0.1,tc4
ER,2025nyro,qm,53,b1,3173,8.8,tc1
ER,2025nyro,qm,53,b1,3173,4.2,tc4
ER,2025nyro,qm,53,b1,3173,5.9,tc1
ER,2025nyro,qm,53,b1,3173,5.7,tc1
ER,2025nyro,qm,53,b1,3173,6.4,tc4
ER,2025nyro,qm,53,b1,3173,14.8,tc4
ER,2025nyro,qm,53,b1,3173,8.7,tc4
ER,2025nyro,qm,53,b1,3173,9.7,tc4
ER,2025nyro,qm,53,b1,3173,10.1,tc3
ER,2025nyro,qm,53,b1,3173,12.9,tc3
ER,2025nyro,qm,53,b1,3173,4.2,tc3
ER,2025nyro,qm,53,b1,3173,12.5,tc3
df,2025nyro,qm,53,r1,1126,37.6,tc4
df,2025nyro,qm,53,r1,1126,47.3,tc4
np,2025nyro,qm,53,r3,3171,52.4,tc4
JS,2025nyro,qm,53,b2,2010,5.9,tan
JS,2025nyro,qm,53,b2,2010,12,tan
JS,2025nyro,qm,53,b2,2010,11.2,tan
JS,2025nyro,qm,53,b2,2010,14.9,tan
JS,2025nyro,qm,53,b2,2010,16.8,tan
JS,2025nyro,qm,53,b2,2010,23,tc3
JS,2025nyro,qm,53,b2,2010,17,tc2
AC,2025nyro,qm,54,b1,3044,3.7,tc4
AC,2025nyro,qm,54,b1,3044,15,tc4
AC,2025nyro,qm,54,b1,3044,9.6,tc4
AC,2025nyro,qm,54,b1,3044,12.3,tc4
AC,2025nyro,qm,54,b1,3044,8.3,tc3
AC,2025nyro,qm,54,b1,3044,7.4,tc3
AC,2025nyro,qm,54,b1,3044,10.9,tc3
AC,2025nyro,qm,54,b1,3044,8.5,tc2
AC,2025nyro,qm,54,b1,3044,7.3,tc2
AC,2025nyro,qm,54,b1,3044,47.3,tc4
DD,2025nyro,qm,54,r2,1507,8.5,tc4
DD,2025nyro,qm,54,r2,1507,10.8,tc4
DD,2025nyro,qm,54,r2,1507,40.6,tc4
DD,2025nyro,qm,54,r2,1507,57.6,tc2
JS,2025nyro,qm,54,b2,378,6.7,tc3
JS,2025nyro,qm,54,b2,378,21.5,tc2
JS,2025nyro,qm,54,b2,378,42,tc2
JS,2025nyro,qm,54,b2,378,15.7,tc3
JS,2025nyro,qm,54,b2,378,37.5,tc2
df,2025nyro,qm,54,r1,229,,{}
np,2025nyro,qm,54,r3,2228,5.2,tc3
np,2025nyro,qm,54,r3,2228,16.7,tap
np,2025nyro,qm,54,r3,2228,24.9,tan
np,2025nyro,qm,54,r3,2228,13.1,tan
np,2025nyro,qm,54,r3,2228,15.1,tc3
np,2025nyro,qm,54,r3,2228,17.4,tc4
np,2025nyro,qm,54,r3,2228,14.5,tc4
AC,2025nyro,qm,55,b1,7903,,{}
DD,2025nyro,qm,55,r2,2252,8.9,tc4
DD,2025nyro,qm,55,r2,2252,17.6,tc4
DD,2025nyro,qm,55,r2,2252,2.7,tc4
DD,2025nyro,qm,55,r2,2252,6.9,tc4
DD,2025nyro,qm,55,r2,2252,17,tc4
DD,2025nyro,qm,55,r2,2252,7.4,tc4
DD,2025nyro,qm,55,r2,2252,12.1,tc4
df,2025nyro,qm,55,r1,3181,29.4,tc1
JS,2025nyro,qm,55,b2,3951,15.1,tan
JS,2025nyro,qm,55,b2,3951,3.4,tc2
JS,2025nyro,qm,55,b2,3951,48.1,tap
np,2025nyro,qm,55,r3,5590,28,tc4
np,2025nyro,qm,55,r3,5590,44.2,tc4
np,2025nyro,qm,55,r3,5590,32.2,tc3
np,2025nyro,qm,55,r3,5590,10.4,tc3
np,2025nyro,qm,55,r3,5590,17,tc4
cc,2025nyro,qm,55,b3,1308,13.9,tap
cc,2025nyro,qm,55,b3,1308,11,tap
cc,2025nyro,qm,55,b3,1308,26.5,tap
cc,2025nyro,qm,55,b3,1308,28.8,tap
cc,2025nyro,qm,55,b3,1308,9.1,tap
cc,2025nyro,qm,55,b3,1308,28.6,tap
DD,2025nyro,qm,56,r2,3838,60.7,tc4
cc,2025nyro,qm,56,b3,2791,0.1,tc4
cc,2025nyro,qm,56,b3,2791,34.3,tc2
cc,2025nyro,qm,56,b3,2791,0.4,tc2
cc,2025nyro,qm,56,b3,2791,19.2,tc2
AC,2025nyro,qm,56,b1,424,3,tan
AC,2025nyro,qm,56,b1,424,10,tan
AC,2025nyro,qm,56,b1,424,13.4,tc3
AC,2025nyro,qm,56,b1,424,8.9,tc3
AC,2025nyro,qm,56,b1,424,28.9,tc3
AC,2025nyro,qm,56,b1,424,8.3,tc3
AC,2025nyro,qm,56,b1,424,35,tc1
df,2025nyro,qm,56,r1,1559,55.5,tc3
df,2025nyro,qm,56,r1,1559,25.2,tc3
df,2025nyro,qm,56,r1,1559,18.3,tc4
np,2025nyro,qm,56,r3,3799,97.8,tc3
np,2025nyro,qm,56,r3,3799,11.8,tc3
JS,2025nyro,qm,56,b2,1591,10.4,tc4
JS,2025nyro,qm,56,b2,1591,13.8,tap
JS,2025nyro,qm,56,b2,1591,12.4,tap
JS,2025nyro,qm,56,b2,1591,14.1,tc4
JS,2025nyro,qm,56,b2,1591,15.6,tc4
JS,2025nyro,qm,56,b2,1591,30.5,tc2
JS,2025nyro,qm,56,b2,1591,20.9,tc1
DD,2025nyro,qm,57,r2,10223,33.2,tc1
DD,2025nyro,qm,57,r2,10223,12.3,tc1
DD,2025nyro,qm,57,r2,10223,17.1,tc1
DD,2025nyro,qm,57,r2,10223,11.3,tc1
DD,2025nyro,qm,57,r2,10223,23.9,tc1
ER,2025nyro,qm,57,b1,533,,{}
JS,2025nyro,qm,57,b2,250,,{}
mw,2025nyro,qm,57,r3,5881,,{}
cc,2025nyro,qm,57,b3,3015,0.1,tc4
cc,2025nyro,qm,57,b3,3015,6.2,tc4
cc,2025nyro,qm,57,b3,3015,6.4,tc4
cc,2025nyro,qm,57,b3,3015,6.5,tc4
cc,2025nyro,qm,57,b3,3015,6.2,tc4
cc,2025nyro,qm,57,b3,3015,34.6,tc4
cc,2025nyro,qm,57,b3,3015,0.4,tc4
cc,2025nyro,qm,57,b3,3015,4.4,tc3
cc,2025nyro,qm,57,b3,3015,4.9,tc3
cc,2025nyro,qm,57,b3,3015,13.7,tc3
cc,2025nyro,qm,57,b3,3015,5.2,tc3
cc,2025nyro,qm,57,b3,3015,61,tc4
df,2025nyro,qm,57,r1,695,10.9,tc4
df,2025nyro,qm,57,r1,695,12.9,tc4
df,2025nyro,qm,57,r1,695,7.4,tc4
df,2025nyro,qm,57,r1,695,9.7,tc4
df,2025nyro,qm,57,r1,695,10.5,tc4
df,2025nyro,qm,57,r1,695,9.2,tc4
df,2025nyro,qm,57,r1,695,35.8,tc4
df,2025nyro,qm,57,r1,695,22.6,tc4
df,2025nyro,qm,57,r1,695,14.6,tc4
DD,2025nyro,qm,58,r2,3004,1.8,tc1
DD,2025nyro,qm,58,r2,3004,66.3,tc1
DD,2025nyro,qm,58,r2,3004,16.6,tc1
mw,2025nyro,qm,58,r3,639,23.4,tap
mw,2025nyro,qm,58,r3,639,11.2,tc1
mw,2025nyro,qm,58,r3,639,12.4,tc1
mw,2025nyro,qm,58,r3,639,15.7,tc1
mw,2025nyro,qm,58,r3,639,11.6,tc2
mw,2025nyro,qm,58,r3,639,17.5,tc3
mw,2025nyro,qm,58,r3,639,11.3,tc4
cc,2025nyro,qm,58,b3,2614,13.6,tap
cc,2025nyro,qm,58,b3,2614,13.2,tap
cc,2025nyro,qm,58,b3,2614,22.3,tc3
cc,2025nyro,qm,58,b3,2614,19,tc3
cc,2025nyro,qm,58,b3,2614,28.1,tc4
df,2025nyro,qm,58,r1,340,0.9,tc4
df,2025nyro,qm,58,r1,340,6,tc4
df,2025nyro,qm,58,r1,340,11.2,tc3
df,2025nyro,qm,58,r1,340,4.7,tc3
df,2025nyro,qm,58,r1,340,6.1,tc3
df,2025nyro,qm,58,r1,340,7.3,tc3
df,2025nyro,qm,58,r1,340,7.5,tc3
df,2025nyro,qm,58,r1,340,12,tc2
df,2025nyro,qm,58,r1,340,7.7,tc2
df,2025nyro,qm,58,r1,340,10.9,tc2
df,2025nyro,qm,58,r1,340,8.2,tc2
df,2025nyro,qm,58,r1,340,5.6,tc2
df,2025nyro,qm,58,r1,340,6,tc4
df,2025nyro,qm,58,r1,340,10.3,tc4
ER,2025nyro,qm,58,b1,4611,0.1,tc4
ER,2025nyro,qm,58,b1,4611,15.2,tc4
ER,2025nyro,qm,58,b1,4611,22,tc3
ER,2025nyro,qm,58,b1,4611,7.2,tc3
ER,2025nyro,qm,58,b1,4611,21.5,tc4
ER,2025nyro,qm,58,b1,4611,6.5,tc2
ER,2025nyro,qm,58,b1,4611,5.8,tc2
ER,2025nyro,qm,58,b1,4611,9.6,tc4
ER,2025nyro,qm,58,b1,4611,7.9,tc4
ER,2025nyro,qm,58,b1,4611,14.6,tc4
JS,2025nyro,qm,58,b2,3003,9.6,tc4
JS,2025nyro,qm,58,b2,3003,29.1,tc4
JS,2025nyro,qm,58,b2,3003,15.5,tc3
JS,2025nyro,qm,58,b2,3003,12,tc3
JS,2025nyro,qm,58,b2,3003,21.8,tc2
JS,2025nyro,qm,58,b2,3003,27.9,tc2
JS,2025nyro,qm,58,b2,3003,8.5,tc2
cc,2025nyro,qm,59,b3,8393,13.9,tc2
cc,2025nyro,qm,59,b3,8393,21.4,tc3
cc,2025nyro,qm,59,b3,8393,38.3,tc3
cc,2025nyro,qm,59,b3,8393,17.3,tc2
cc,2025nyro,qm,59,b3,8393,19.9,tc3
cc,2025nyro,qm,59,b3,8393,10.7,tc2
cc,2025nyro,qm,59,b3,8393,8.3,tc2
mw,2025nyro,qm,59,r3,1405,11.9,tc4
mw,2025nyro,qm,59,r3,1405,12.6,tc4
mw,2025nyro,qm,59,r3,1405,11,tc4
mw,2025nyro,qm,59,r3,1405,9,tc4
mw,2025nyro,qm,59,r3,1405,11.2,tc4
mw,2025nyro,qm,59,r3,1405,27.9,tc4
mw,2025nyro,qm,59,r3,1405,16,tc4
mw,2025nyro,qm,59,r3,1405,15.3,tc3
JS,2025nyro,qm,59,b2,3171,66,tc4
JS,2025nyro,qm,59,b2,3171,0.4,tc4
JS,2025nyro,qm,59,b2,3171,14.4,tc3
JS,2025nyro,qm,59,b2,3171,43.9,tc2
df,2025nyro,qm,59,r1,1511,2.5,tc4
df,2025nyro,qm,59,r1,1511,11.4,tan
df,2025nyro,qm,59,r1,1511,9.6,tan
df,2025nyro,qm,59,r1,1511,14.7,tan
df,2025nyro,qm,59,r1,1511,47.2,tan
df,2025nyro,qm,59,r1,1511,11,tc4
df,2025nyro,qm,59,r1,1511,12,tc4
ER,2025nyro,qm,59,b1,1787,0.1,tc4
ER,2025nyro,qm,59,b1,1787,9.5,tc4
ER,2025nyro,qm,59,b1,1787,6.6,tc4
ER,2025nyro,qm,59,b1,1787,13.1,tc4
ER,2025nyro,qm,59,b1,1787,10.4,tc4
ER,2025nyro,qm,59,b1,1787,7.9,tc4
ER,2025nyro,qm,59,b1,1787,9,tc4
ER,2025nyro,qm,59,b1,1787,41.1,tc2
DD,2025nyro,qm,59,r2,578,,{}
" ""bo",2025nyro,qm,60,b3,6621,45.5,tc3
" ""bo",2025nyro,qm,60,b3,6621,9.6,tc3
" ""bo",2025nyro,qm,60,b3,6621,22.7,tc3
" ""bo",2025nyro,qm,60,b3,6621,15.9,tc4
" ""bo",2025nyro,qm,60,b3,6621,4.8,tc4
" ""bo",2025nyro,qm,60,b3,6621,11.6,tc4
" ""bo",2025nyro,qm,60,b3,6621,6.6,tc4
RV,2025nyro,qm,60,r1,378,44.4,tc2
RV,2025nyro,qm,60,r1,378,62.2,tc3
RV,2025nyro,qm,60,r1,378,17,tc2
CD,2025nyro,qm,60,r2,9643,23.3,tc1
CD,2025nyro,qm,60,r2,9643,18.5,tc1
CD,2025nyro,qm,60,r2,9643,26.2,tc1
CD,2025nyro,qm,60,r2,9643,18.3,tc1
AC,2025nyro,qm,60,b1,8140,16.1,tc1
JS,2025nyro,qm,60,b2,191,,{}
np,2025nyro,qm,60,r3,3173,6,tc4
np,2025nyro,qm,60,r3,3173,29.2,tc4
np,2025nyro,qm,60,r3,3173,17.2,tc4
np,2025nyro,qm,60,r3,3173,16.7,tc3
np,2025nyro,qm,60,r3,3173,15.7,tc3
np,2025nyro,qm,60,r3,3173,10.4,tc2
np,2025nyro,qm,60,r3,3173,10.2,tc1
np,2025nyro,qm,60,r3,3173,6.8,tc2
np,2025nyro,qm,60,r3,3173,7.2,tc2
CD,2025nyro,qm,61,r2,7165,6.3,tc4
CD,2025nyro,qm,61,r2,7165,20,tc3
CD,2025nyro,qm,61,r2,7165,8.5,tc3
CD,2025nyro,qm,61,r2,7165,11.8,tc2
CD,2025nyro,qm,61,r2,7165,7.2,tc2
CD,2025nyro,qm,61,r2,7165,32.7,tc2
CD,2025nyro,qm,61,r2,7165,14.3,tc3
CD,2025nyro,qm,61,r2,7165,15.5,tc2
bo,2025nyro,qm,61,b3,6911,6.9,tc4
bo,2025nyro,qm,61,b3,6911,8.3,tc4
bo,2025nyro,qm,61,b3,6911,27.3,tc4
bo,2025nyro,qm,61,b3,6911,26,tc4
bo,2025nyro,qm,61,b3,6911,11.1,tc4
bo,2025nyro,qm,61,b3,6911,35.8,tc3
bo,2025nyro,qm,61,b3,6911,10.8,tc3
RV,2025nyro,qm,61,r1,1507,17.1,tc4
RV,2025nyro,qm,61,r1,1507,10,tc4
RV,2025nyro,qm,61,r1,1507,14.5,tc4
RV,2025nyro,qm,61,r1,1507,13.1,tc4
RV,2025nyro,qm,61,r1,1507,36.3,tc2
RV,2025nyro,qm,61,r1,1507,9.7,tc3
RV,2025nyro,qm,61,r1,1507,12,tc4
np,2025nyro,qm,61,r3,20,19.5,tap
np,2025nyro,qm,61,r3,20,0.6,tap
np,2025nyro,qm,61,r3,20,28.3,tc4
np,2025nyro,qm,61,r3,20,28.6,tc2
np,2025nyro,qm,61,r3,20,9.7,tc3
np,2025nyro,qm,61,r3,20,14.3,tc3
np,2025nyro,qm,61,r3,20,12.2,tc4
AC,2025nyro,qm,61,b1,6868,0.1,tc4
AC,2025nyro,qm,61,b1,6868,13.4,tc4
AC,2025nyro,qm,61,b1,6868,9.8,tc4
AC,2025nyro,qm,61,b1,6868,11.5,tc4
AC,2025nyro,qm,61,b1,6868,11.4,tc3
AC,2025nyro,qm,61,b1,6868,24.9,tc4
AC,2025nyro,qm,61,b1,6868,12.5,tc3
AC,2025nyro,qm,61,b1,6868,13.6,tc3
AC,2025nyro,qm,61,b1,6868,14,tc4
AC,2025nyro,qm,61,b1,6868,13.2,tc4
JS,2025nyro,qm,61,b2,271,33.9,tap
JS,2025nyro,qm,61,b2,271,31.7,tap
JS,2025nyro,qm,61,b2,271,15.6,tap
bo,2025nyro,qm,62,b3,564,,{}
JS,2025nyro,qm,62,b2,2010,24.6,tc4
JS,2025nyro,qm,62,b2,2010,16.7,tc4
JS,2025nyro,qm,62,b2,2010,24.3,tc4
JS,2025nyro,qm,62,b2,2010,15.1,tc4
CD,2025nyro,qm,62,r2,4930,37.4,tc2
CD,2025nyro,qm,62,r2,4930,39.7,tc2
CD,2025nyro,qm,62,r2,4930,14.6,tc2
np,2025nyro,qm,62,r3,2228,4.3,tc3
np,2025nyro,qm,62,r3,2228,5.8,tap
np,2025nyro,qm,62,r3,2228,14.7,tap
np,2025nyro,qm,62,r3,2228,13.1,tan
np,2025nyro,qm,62,r3,2228,15.3,tap
np,2025nyro,qm,62,r3,2228,17.3,tc2
np,2025nyro,qm,62,r3,2228,6,tan
np,2025nyro,qm,62,r3,2228,19.4,tan
np,2025nyro,qm,62,r3,2228,12,tc2
RV,2025nyro,qm,62,r1,3044,8.7,tc4
RV,2025nyro,qm,62,r1,3044,11.9,tc4
RV,2025nyro,qm,62,r1,3044,10.4,tc3
RV,2025nyro,qm,62,r1,3044,5.1,tc3
RV,2025nyro,qm,62,r1,3044,7.9,tc3
RV,2025nyro,qm,62,r1,3044,7.1,tc3
RV,2025nyro,qm,62,r1,3044,7.8,tc4
RV,2025nyro,qm,62,r1,3044,11.6,tc1
RV,2025nyro,qm,62,r1,3044,7.3,tc2
RV,2025nyro,qm,62,r1,3044,23,tc2
RV,2025nyro,qm,62,r1,3044,19.3,tc4
AC,2025nyro,qm,62,b1,1518,0.1,tc4
AC,2025nyro,qm,62,b1,1518,16.5,tap
AC,2025nyro,qm,62,b1,1518,70.6,tap
bo,2025nyro,qm,63,b3,229,,{}
JS,2025nyro,qm,63,b2,2340,4.1,tc1
JS,2025nyro,qm,63,b2,2340,39.3,tc3
JS,2025nyro,qm,63,b2,2340,27.4,tc3
JS,2025nyro,qm,63,b2,2340,20.3,tc3
CD,2025nyro,qm,63,r2,9622,,{}
RV,2025nyro,qm,63,r1,1585,29.4,tc2
RV,2025nyro,qm,63,r1,1585,20.1,tc2
RV,2025nyro,qm,63,r1,1585,16.9,tc2
RV,2025nyro,qm,63,r1,1585,9.4,tc2
RV,2025nyro,qm,63,r1,1585,19,tc2
RV,2025nyro,qm,63,r1,1585,18.5,tc2
AC,2025nyro,qm,63,b1,8243,7.8,tc1
AC,2025nyro,qm,63,b1,8243,14.3,tc1
AC,2025nyro,qm,63,b1,8243,0.5,tc1
AC,2025nyro,qm,63,b1,8243,6.1,tc1
AC,2025nyro,qm,63,b1,8243,7.2,tc1
AC,2025nyro,qm,63,b1,8243,47.6,tc1
AC,2025nyro,qm,63,b1,8243,27.1,tc2
AC,2025nyro,qm,63,b1,8243,14.6,tc1
np,2025nyro,qm,63,r3,1126,16,tc4
np,2025nyro,qm,63,r3,1126,20.1,tc4
np,2025nyro,qm,63,r3,1126,21.8,tc4
np,2025nyro,qm,63,r3,1126,11.6,tc4
np,2025nyro,qm,63,r3,1126,15,tc4
np,2025nyro,qm,63,r3,1126,11.5,tc4
RV,2025nyro,qm,64,r1,340,28,tc1
RV,2025nyro,qm,64,r1,340,7.8,tc1
RV,2025nyro,qm,64,r1,340,18.8,tc1
RV,2025nyro,qm,64,r1,340,9.2,tc1
RV,2025nyro,qm,64,r1,340,6.5,tc2
RV,2025nyro,qm,64,r1,340,3.9,tc2
RV,2025nyro,qm,64,r1,340,29.9,tc4
bo,2025nyro,qm,64,b3,3004,16.4,tc1
bo,2025nyro,qm,64,b3,3004,11,tc1
bo,2025nyro,qm,64,b3,3004,9.9,tc1
bo,2025nyro,qm,64,b3,3004,17.1,tc1
bo,2025nyro,qm,64,b3,3004,12.9,tc1
CD,2025nyro,qm,64,r2,695,10.3,tc3
CD,2025nyro,qm,64,r2,695,9.9,tc3
CD,2025nyro,qm,64,r2,695,13.1,tc2
CD,2025nyro,qm,64,r2,695,2.9,tc3
CD,2025nyro,qm,64,r2,695,5.8,tc3
CD,2025nyro,qm,64,r2,695,9,tc2
CD,2025nyro,qm,64,r2,695,8.3,tc3
CD,2025nyro,qm,64,r2,695,6.9,tc2
CD,2025nyro,qm,64,r2,695,7.9,tc2
CD,2025nyro,qm,64,r2,695,8.1,tc4
CD,2025nyro,qm,64,r2,695,6.9,tc4
CD,2025nyro,qm,64,r2,695,11.3,tc4
CD,2025nyro,qm,64,r2,695,8.2,tc4
CD,2025nyro,qm,64,r2,695,13.5,tc4
CD,2025nyro,qm,64,r2,695,11.2,tc3
np,2025nyro,qm,64,r3,1559,,{}
JS,2025nyro,qm,64,b2,10223,6.6,tc1
JS,2025nyro,qm,64,b2,10223,32.5,tc1
JS,2025nyro,qm,64,b2,10223,0.8,tc1
JS,2025nyro,qm,64,b2,10223,1.9,tc1
JS,2025nyro,qm,64,b2,10223,18.3,tc1
JS,2025nyro,qm,64,b2,10223,1.1,tc1
AC,2025nyro,qm,64,b1,7903,,{}
bo,2025nyro,qm,65,b3,250,,{}
DD,2025nyro,qm,65,r2,424,14.4,tc4
DD,2025nyro,qm,65,r2,424,36.7,tc4
JS,2025nyro,qm,65,b2,2791,63.7,tc4
AC,2025nyro,qm,65,b1,639,34.3,tc3
AC,2025nyro,qm,65,b1,639,9.5,tc3
AC,2025nyro,qm,65,b1,639,14.4,tc3
AC,2025nyro,qm,65,b1,639,9.8,tc3
AC,2025nyro,qm,65,b1,639,43.8,tc3
np,2025nyro,qm,65,r3,1511,19.4,tan
np,2025nyro,qm,65,r3,1511,17.8,tan
np,2025nyro,qm,65,r3,1511,22,tc4
np,2025nyro,qm,65,r3,1511,14.6,tc4
np,2025nyro,qm,65,r3,1511,16.9,tc1
np,2025nyro,qm,65,r3,1511,16,tan
RV,2025nyro,qm,65,r1,5590,34.8,tc4
RV,2025nyro,qm,65,r1,5590,41.1,tc4
RV,2025nyro,qm,65,r1,5590,41.8,tc4
DD,2025nyro,qm,66,r2,2614,2.1,tc4
DD,2025nyro,qm,66,r2,2614,12.3,tc4
DD,2025nyro,qm,66,r2,2614,5.7,tc4
DD,2025nyro,qm,66,r2,2614,25.1,tc3
DD,2025nyro,qm,66,r2,2614,5.3,tc4
DD,2025nyro,qm,66,r2,2614,11.4,tc3
DD,2025nyro,qm,66,r2,2614,9.6,tc3
DD,2025nyro,qm,66,r2,2614,11,tc2
DD,2025nyro,qm,66,r2,2614,13.4,tc3
DD,2025nyro,qm,66,r2,2614,4.9,tc2
DD,2025nyro,qm,66,r2,2614,18.9,tc2
bo,2025nyro,qm,66,b3,4611,18.7,tc4
bo,2025nyro,qm,66,b3,4611,10.5,tc3
bo,2025nyro,qm,66,b3,4611,15,tc4
bo,2025nyro,qm,66,b3,4611,5.5,tap
bo,2025nyro,qm,66,b3,4611,15.4,tc3
bo,2025nyro,qm,66,b3,4611,14,tc3
bo,2025nyro,qm,66,b3,4611,11.8,tc3
bo,2025nyro,qm,66,b3,4611,12.7,tc3
bo,2025nyro,qm,66,b3,4611,17.4,tc3
AC,2025nyro,qm,66,b1,3173,6.6,tc2
AC,2025nyro,qm,66,b1,3173,8,tan
AC,2025nyro,qm,66,b1,3173,5.2,tc2
AC,2025nyro,qm,66,b1,3173,10.3,tc3
AC,2025nyro,qm,66,b1,3173,8.1,tan
AC,2025nyro,qm,66,b1,3173,11.5,tc2
AC,2025nyro,qm,66,b1,3173,4.7,tc2
AC,2025nyro,qm,66,b1,3173,6.9,tc2
AC,2025nyro,qm,66,b1,3173,6.6,tc1
AC,2025nyro,qm,66,b1,3173,6.8,tc1
AC,2025nyro,qm,66,b1,3173,12.2,tc1
AC,2025nyro,qm,66,b1,3173,5.5,tc1
AC,2025nyro,qm,66,b1,3173,12.4,tc1
AC,2025nyro,qm,66,b1,3173,6.4,tc3
AC,2025nyro,qm,66,b1,3173,9.5,tc3
RV,2025nyro,qm,66,r1,3181,,
JS,2025nyro,qm,66,b2,3015,14.2,tc4
JS,2025nyro,qm,66,b2,3015,11.5,tc4
JS,2025nyro,qm,66,b2,3015,11.9,tc3
JS,2025nyro,qm,66,b2,3015,7.2,tc4
JS,2025nyro,qm,66,b2,3015,14.7,tc3
JS,2025nyro,qm,66,b2,3015,5.4,tc3
JS,2025nyro,qm,66,b2,3015,8.9,tc3
JS,2025nyro,qm,66,b2,3015,7,tc3
JS,2025nyro,qm,66,b2,3015,6.8,tc2
JS,2025nyro,qm,66,b2,3015,19.2,tc3
JS,2025nyro,qm,66,b2,3015,6.5,tc4
JS,2025nyro,qm,66,b2,3015,15.8,tc2
np,2025nyro,qm,66,r3,378,26.6,tc3
np,2025nyro,qm,66,r3,378,8.6,tc3
np,2025nyro,qm,66,r3,378,17.4,tc4
np,2025nyro,qm,66,r3,378,15.5,tap
np,2025nyro,qm,66,r3,378,6.9,tap
np,2025nyro,qm,66,r3,378,8.3,tap
np,2025nyro,qm,66,r3,378,11.4,tap
JS,2025nyro,qm,67,b2,20,44.8,tc4
JS,2025nyro,qm,67,b2,20,23.6,tc4
JS,2025nyro,qm,67,b2,20,4.6,tc4
JS,2025nyro,qm,67,b2,20,9,tc4
JS,2025nyro,qm,67,b2,20,11.1,tc4
JS,2025nyro,qm,67,b2,20,14.2,tc3
eg,2025nyro,qm,67,b3,9643,169.1,tc1
eg,2025nyro,qm,67,b3,9643,0.4,tc1
eg,2025nyro,qm,67,b3,9643,0.3,tc1
np,2025nyro,qm,67,r3,578,,{}
DD,2025nyro,qm,67,r2,1787,5.4,tc4
DD,2025nyro,qm,67,r2,1787,8.7,tc4
DD,2025nyro,qm,67,r2,1787,12,tc4
DD,2025nyro,qm,67,r2,1787,6,tc4
DD,2025nyro,qm,67,r2,1787,13.2,tc4
DD,2025nyro,qm,67,r2,1787,5.5,tc4
DD,2025nyro,qm,67,r2,1787,8.3,tc4
RV,2025nyro,qm,67,r1,3951,11,tan
RV,2025nyro,qm,67,r1,3951,43.2,tan
AC,2025nyro,qm,67,b1,5881,0.1,tc2
AC,2025nyro,qm,67,b1,5881,23.4,tc2
AC,2025nyro,qm,67,b1,5881,44.3,tc1
DD,2025nyro,qm,68,r2,2010,8.4,tan
DD,2025nyro,qm,68,r2,2010,9.1,tan
DD,2025nyro,qm,68,r2,2010,13.5,tan
DD,2025nyro,qm,68,r2,2010,17.9,tan
DD,2025nyro,qm,68,r2,2010,30.4,tan
DD,2025nyro,qm,68,r2,2010,10.5,tan
np,2025nyro,qm,68,r3,1308,13.1,tap
np,2025nyro,qm,68,r3,1308,9.9,tap
eg,2025nyro,qm,68,b3,1507,48.7,tc4
eg,2025nyro,qm,68,b3,1507,13.3,tc4
eg,2025nyro,qm,68,b3,1507,11.6,tc4
eg,2025nyro,qm,68,b3,1507,8.6,tc4
eg,2025nyro,qm,68,b3,1507,15.6,tc4
eg,2025nyro,qm,68,b3,1507,15,tc4
RV,2025nyro,qm,68,r1,1591,1,tc4
RV,2025nyro,qm,68,r1,1591,6.5,tc4
RV,2025nyro,qm,68,r1,1591,10.6,tc4
RV,2025nyro,qm,68,r1,1591,9.5,tc4
RV,2025nyro,qm,68,r1,1591,24.5,tc4
RV,2025nyro,qm,68,r1,1591,13.3,tc4
RV,2025nyro,qm,68,r1,1591,12.3,tc4
RV,2025nyro,qm,68,r1,1591,10.7,tc4
RV,2025nyro,qm,68,r1,1591,14.8,tc4
RV,2025nyro,qm,68,r1,1591,9.2,tc4
RV,2025nyro,qm,68,r1,1591,13.9,tc3
AC,2025nyro,qm,68,b1,6911,11.6,tc4
AC,2025nyro,qm,68,b1,6911,10.7,tc4
AC,2025nyro,qm,68,b1,6911,9.2,tc4
AC,2025nyro,qm,68,b1,6911,8.4,tc4
AC,2025nyro,qm,68,b1,6911,8.4,tc4
AC,2025nyro,qm,68,b1,6911,32.7,tc4
AC,2025nyro,qm,68,b1,6911,10.8,tc3
AC,2025nyro,qm,68,b1,6911,8.5,tc3
AC,2025nyro,qm,68,b1,6911,30.4,tc3
JS,2025nyro,qm,68,b2,1518,112.4,tan
JS,2025nyro,qm,68,b2,1518,0.3,tan
JS,2025nyro,qm,68,b2,1518,0.9,tan
JS,2025nyro,qm,68,b2,1518,1.9,tan
JS,2025nyro,qm,68,b2,1518,22.5,tan
JS,2025nyro,qm,68,b2,1518,1.2,tan
RV,2025nyro,qm,69,r1,1126,2,tc4
RV,2025nyro,qm,69,r1,1126,7.2,tc4
RV,2025nyro,qm,69,r1,1126,15.9,tc4
RV,2025nyro,qm,69,r1,1126,10.6,tc4
RV,2025nyro,qm,69,r1,1126,11.1,tc4
RV,2025nyro,qm,69,r1,1126,11.7,tc4
RV,2025nyro,qm,69,r1,1126,13.4,tc4
RV,2025nyro,qm,69,r1,1126,11.6,tc4
RV,2025nyro,qm,69,r1,1126,21.8,tc4
eg,2025nyro,qm,69,b3,4930,23.7,tc2
eg,2025nyro,qm,69,b3,4930,9.5,tc2
AC,2025nyro,qm,69,b2,8393,31.2,tap
AC,2025nyro,qm,69,b2,8393,6.9,tap
AC,2025nyro,qm,69,b2,8393,6.8,tap
AC,2025nyro,qm,69,b2,8393,14.4,tap
AC,2025nyro,qm,69,b1,2252,8.2,tc4
AC,2025nyro,qm,69,b1,2252,12.4,tc4
AC,2025nyro,qm,69,b1,2252,15.4,tc4
AC,2025nyro,qm,69,b1,2252,9.1,tc4
AC,2025nyro,qm,69,b1,2252,10.1,tc4
AC,2025nyro,qm,69,b1,2252,26.9,tc1
AC,2025nyro,qm,69,b1,2252,20.1,tc1
AC,2025nyro,qm,69,b1,2252,13.6,tc4
DD,2025nyro,qm,69,r2,229,,{}
np,2025nyro,qm,69,r3,3003,4.9,tc4
np,2025nyro,qm,69,r3,3003,54.5,tc4
CD,2025nyro,qm,70,r2,3799,35.8,tap
cc,2025nyro,qm,70,b3,2228,7.7,tc4
cc,2025nyro,qm,70,b3,2228,0.5,tc4
cc,2025nyro,qm,70,b3,2228,0.4,tc4
cc,2025nyro,qm,70,b3,2228,12,tc4
cc,2025nyro,qm,70,b3,2228,40.8,tc1
cc,2025nyro,qm,70,b3,2228,12.8,tc1
cc,2025nyro,qm,70,b3,2228,16.9,tc2
np,2025nyro,qm,70,r3,1405,10.7,tc4
np,2025nyro,qm,70,r3,1405,9,tc4
np,2025nyro,qm,70,r3,1405,23.1,tc4
np,2025nyro,qm,70,r3,1405,9.1,tc4
np,2025nyro,qm,70,r3,1405,9.8,tc4
np,2025nyro,qm,70,r3,1405,13.7,tc4
np,2025nyro,qm,70,r3,1405,12.6,tc4
np,2025nyro,qm,70,r3,1405,16.2,tc4
RV,2025nyro,qm,70,r1,533,,{}
AC,2025nyro,qm,70,b1,271,38.5,tap
AC,2025nyro,qm,70,b1,271,69.8,tap
JS,2025nyro,qm,70,b2,1585,18.6,tc1
JS,2025nyro,qm,70,b2,1585,29.8,tc2
JS,2025nyro,qm,70,b2,1585,13.1,tc2
JS,2025nyro,qm,70,b2,1585,50.6,tc1
JS,2025nyro,qm,70,b2,1585,11.5,tc2
RV,2025nyro,qm,71,r1,191,14.5,tc4
RV,2025nyro,qm,71,r1,191,8.7,tc4
RV,2025nyro,qm,71,r1,191,8.8,tap
RV,2025nyro,qm,71,r1,191,14.2,tc3
RV,2025nyro,qm,71,r1,191,6.7,tc3
RV,2025nyro,qm,71,r1,191,6.8,tc3
RV,2025nyro,qm,71,r1,191,7.4,tc3
RV,2025nyro,qm,71,r1,191,6.9,tc4
RV,2025nyro,qm,71,r1,191,33.9,tc4
cc,2025nyro,qm,71,b3,3171,13.1,tc4
cc,2025nyro,qm,71,b3,3171,15.4,tc4
cc,2025nyro,qm,71,b3,3171,41.8,tc4
cc,2025nyro,qm,71,b3,3171,0.4,tc4
cc,2025nyro,qm,71,b3,3171,15,tc4
cc,2025nyro,qm,71,b3,3171,16.2,tc4
cc,2025nyro,qm,71,b3,3171,14.4,tc2
cc,2025nyro,qm,71,b3,3171,15.2,tc4
JS,2025nyro,qm,71,b2,2340,43,tc3
JS,2025nyro,qm,71,b2,2340,45,tc3
CD,2025nyro,qm,71,r2,8243,4.7,tc1
CD,2025nyro,qm,71,r2,8243,2.2,tc1
CD,2025nyro,qm,71,r2,8243,1.1,tc1
CD,2025nyro,qm,71,r2,8243,10.3,tc1
CD,2025nyro,qm,71,r2,8243,13.5,tc1
CD,2025nyro,qm,71,r2,8243,15.9,tap
CD,2025nyro,qm,71,r2,8243,9.7,tc2
CD,2025nyro,qm,71,r2,8243,13.6,tc2
CD,2025nyro,qm,71,r2,8243,21.6,tc2
CD,2025nyro,qm,71,r2,8243,13.8,tc1
AC,2025nyro,qm,71,b1,564,,{}
np,2025nyro,qm,71,r3,6868,45.5,tc3
np,2025nyro,qm,71,r3,6868,42.9,tc3
CD,2025nyro,qm,72,r2,9622,82.5,tc1
cc,2025nyro,qm,72,b3,3044,6,tc4
cc,2025nyro,qm,72,b3,3044,6.8,tc4
cc,2025nyro,qm,72,b3,3044,9.4,tc4
cc,2025nyro,qm,72,b3,3044,8.5,tc3
cc,2025nyro,qm,72,b3,3044,7.7,tc3
cc,2025nyro,qm,72,b3,3044,9.1,tc4
cc,2025nyro,qm,72,b3,3044,13.5,tc4
cc,2025nyro,qm,72,b3,3044,13.9,tc4
cc,2025nyro,qm,72,b3,3044,14.9,tc4
cc,2025nyro,qm,72,b3,3044,11.2,tc4
cc,2025nyro,qm,72,b3,3044,12.8,tc4
cc,2025nyro,qm,72,b3,3044,11.5,tc3
bo,2025nyro,qm,72,b2,3838,,{}
RV,2025nyro,qm,72,r1,7165,3.5,tc4
RV,2025nyro,qm,72,r1,7165,13.3,tap
RV,2025nyro,qm,72,r1,7165,77.3,tc1
AC,2025nyro,qm,72,b1,6621,0.1,tc2
np,2025nyro,qm,72,r3,8140,21.2,tc1
np,2025nyro,qm,72,r3,8140,8.8,tc1
bo,2025nyro,qm,73,b2,250,,{}
cc,2025nyro,qm,73,b3,378,21.3,tc2
cc,2025nyro,qm,73,b3,378,11.8,tc3
cc,2025nyro,qm,73,b3,378,11.2,tc3
cc,2025nyro,qm,73,b3,378,43.6,tc3
cc,2025nyro,qm,73,b3,378,8.1,tc3
cc,2025nyro,qm,73,b3,378,19.8,tc3
CD,2025nyro,qm,73,r2,2614,2.2,tc4
CD,2025nyro,qm,73,r2,2614,8,tc4
CD,2025nyro,qm,73,r2,2614,3.3,tc4
CD,2025nyro,qm,73,r2,2614,22.3,tc4
CD,2025nyro,qm,73,r2,2614,23.5,tc4
CD,2025nyro,qm,73,r2,2614,38.8,tc3
AC,2025nyro,qm,73,b1,1511,5.2,tc4
AC,2025nyro,qm,73,b1,1511,12.2,tan
AC,2025nyro,qm,73,b1,1511,22,tan
AC,2025nyro,qm,73,b1,1511,15.6,tc4
AC,2025nyro,qm,73,b1,1511,11.1,tan
AC,2025nyro,qm,73,b1,1511,13.2,tc1
AC,2025nyro,qm,73,b1,1511,20.9,tan
AC,2025nyro,qm,73,b1,1511,14.3,tan
AC,2025nyro,qm,73,b1,1511,11.6,tc4
np,2025nyro,qm,73,r3,7903,,{}
RV,2025nyro,qm,73,r1,20,12.2,tc4
RV,2025nyro,qm,73,r1,20,11.1,tc4
RV,2025nyro,qm,73,r1,20,15.6,tc4
RV,2025nyro,qm,73,r1,20,11.8,tc4
RV,2025nyro,qm,73,r1,20,14.6,tc4
RV,2025nyro,qm,73,r1,20,11.4,tc3
RV,2025nyro,qm,73,r1,20,15.4,tc3
RV,2025nyro,qm,73,r1,20,15.3,tc3
RV,2025nyro,qm,73,r1,20,11.1,tc3
CD,2025nyro,qm,74,r2,2791,19.2,tc4
CD,2025nyro,qm,74,r2,2791,24.2,tc4
CD,2025nyro,qm,74,r2,2791,58.2,tc4
bo,2025nyro,qm,74,b2,3173,6.7,tc1
bo,2025nyro,qm,74,b2,3173,7.7,tc4
bo,2025nyro,qm,74,b2,3173,5.9,tc1
bo,2025nyro,qm,74,b2,3173,18.1,tc3
bo,2025nyro,qm,74,b2,3173,9.8,tc3
bo,2025nyro,qm,74,b2,3173,6.7,tc1
bo,2025nyro,qm,74,b2,3173,39.3,tc4
bo,2025nyro,qm,74,b2,3173,8.3,tc1
bo,2025nyro,qm,74,b2,3173,9.1,tc4
AC,2025nyro,qm,74,b1,340,0.1,tc4
AC,2025nyro,qm,74,b1,340,13,tc3
AC,2025nyro,qm,74,b1,340,2.6,tc3
AC,2025nyro,qm,74,b1,340,17.5,tc2
AC,2025nyro,qm,74,b1,340,4.4,tc2
AC,2025nyro,qm,74,b1,340,8.8,tc3
AC,2025nyro,qm,74,b1,340,7.4,tc2
AC,2025nyro,qm,74,b1,340,8.7,tc2
AC,2025nyro,qm,74,b1,340,3.9,tc2
AC,2025nyro,qm,74,b1,340,6.9,tc4
AC,2025nyro,qm,74,b1,340,7.3,tc4
AC,2025nyro,qm,74,b1,340,7.6,tc4
AC,2025nyro,qm,74,b1,340,9.3,tc4
cc,2025nyro,qm,74,b3,10223,18.4,tc1
cc,2025nyro,qm,74,b3,10223,9.2,tc1
cc,2025nyro,qm,74,b3,10223,14.1,tc1
cc,2025nyro,qm,74,b3,10223,11,tc1
cc,2025nyro,qm,74,b3,10223,48.7,tc1
RV,2025nyro,qm,74,r1,1518,0.3,tan
RV,2025nyro,qm,74,r1,1518,16.1,tan
np,2025nyro,qm,74,r3,3951,6.3,tan
np,2025nyro,qm,74,r3,3951,36.6,tan
np,2025nyro,qm,74,r3,3951,52,tc3
bo,2025nyro,qm,75,b2,3004,20.4,tc1
bo,2025nyro,qm,75,b2,3004,16.4,tc1
bo,2025nyro,qm,75,b2,3004,18.6,tc1
bo,2025nyro,qm,75,b2,3004,21.3,tc1
bo,2025nyro,qm,75,b2,3004,46.4,tc1
DD,2025nyro,qm,75,r2,5881,11.8,tc2
eg,2025nyro,qm,75,b3,424,15.8,tc4
eg,2025nyro,qm,75,b3,424,30.1,tc4
eg,2025nyro,qm,75,b3,424,10.6,tc4
eg,2025nyro,qm,75,b3,424,19.7,tc4
eg,2025nyro,qm,75,b3,424,15.7,tc4
eg,2025nyro,qm,75,b3,424,22,tc4
RV,2025nyro,qm,75,r1,229,,{}
AC,2025nyro,qm,75,b1,1308,40.8,tap
AC,2025nyro,qm,75,b1,1308,22,tap
np,2025nyro,qm,75,r3,1787,17.4,tc4
np,2025nyro,qm,75,r3,1787,8,tc4
np,2025nyro,qm,75,r3,1787,21.2,tc4
bo,2025nyro,qm,76,b2,1507,16.1,tc4
bo,2025nyro,qm,76,b2,1507,12,tc4
bo,2025nyro,qm,76,b2,1507,18.8,tc4
bo,2025nyro,qm,76,b2,1507,16.9,tc4
bo,2025nyro,qm,76,b2,1507,15.3,tc4
bo,2025nyro,qm,76,b2,1507,13.1,tc2
bo,2025nyro,qm,76,b2,1507,12.2,tc4
eg,2025nyro,qm,76,b3,1559,29.7,tc4
eg,2025nyro,qm,76,b3,1559,19.3,tc4
eg,2025nyro,qm,76,b3,1559,16.8,tc4
eg,2025nyro,qm,76,b3,1559,25.7,tc4
DD,2025nyro,qm,76,r2,3003,17.3,tc1
DD,2025nyro,qm,76,r2,3003,13.3,tc4
DD,2025nyro,qm,76,r2,3003,13.8,tc4
DD,2025nyro,qm,76,r2,3003,32.6,tc4
DD,2025nyro,qm,76,r2,3003,15.7,tc4
DD,2025nyro,qm,76,r2,3003,14.4,tc4
RV,2025nyro,qm,76,r1,2228,18.1,tan
RV,2025nyro,qm,76,r1,2228,18.6,tan
RV,2025nyro,qm,76,r1,2228,8.9,tan
RV,2025nyro,qm,76,r1,2228,13.9,tan
RV,2025nyro,qm,76,r1,2228,11.5,tan
RV,2025nyro,qm,76,r1,2228,18.6,tc4
RV,2025nyro,qm,76,r1,2228,17.7,tc4
RV,2025nyro,qm,76,r1,2228,12.1,tc4
AC,2025nyro,qm,76,b1,1585,,{}
np,2025nyro,qm,76,r3,3181,,{}
DD,2025nyro,qm,77,r2,578,,{}
bo,2025nyro,qm,77,b2,533,15.1,tc4
eg,2025nyro,qm,77,b3,191,8.9,tap
eg,2025nyro,qm,77,b3,191,8.5,tap
eg,2025nyro,qm,77,b3,191,12.3,tc3
eg,2025nyro,qm,77,b3,191,5.1,tc3
eg,2025nyro,qm,77,b3,191,19.7,tc2
eg,2025nyro,qm,77,b3,191,4.4,tc2
eg,2025nyro,qm,77,b3,191,4.5,tc3
eg,2025nyro,qm,77,b3,191,6.6,tc3
eg,2025nyro,qm,77,b3,191,7.8,tc4
eg,2025nyro,qm,77,b3,191,15.5,tc4
RV,2025nyro,qm,77,r1,8393,23.8,tap
RV,2025nyro,qm,77,r1,8393,15,tap
RV,2025nyro,qm,77,r1,8393,5.2,tap
RV,2025nyro,qm,77,r1,8393,8.1,tap
RV,2025nyro,qm,77,r1,8393,11.9,tap
RV,2025nyro,qm,77,r1,8393,15.1,tap
RV,2025nyro,qm,77,r1,8393,13.2,tap
AC,2025nyro,qm,77,b1,4611,5.8,tc4
AC,2025nyro,qm,77,b1,4611,15,tc4
AC,2025nyro,qm,77,b1,4611,9.3,tc3
AC,2025nyro,qm,77,b1,4611,7.5,tc3
AC,2025nyro,qm,77,b1,4611,5.6,tc3
AC,2025nyro,qm,77,b1,4611,29.7,tc2
AC,2025nyro,qm,77,b1,4611,10.7,tc4
AC,2025nyro,qm,77,b1,4611,12.6,tc4
AC,2025nyro,qm,77,b1,4611,9.2,tc3
bo,2025nyro,qm,78,b2,6621,16.4,tc3
bo,2025nyro,qm,78,b2,6621,1.9,tc3
bo,2025nyro,qm,78,b2,6621,3.2,tc3
bo,2025nyro,qm,78,b2,6621,7.8,tc3
bo,2025nyro,qm,78,b2,6621,10.8,tc3
bo,2025nyro,qm,78,b2,6621,30.9,tc2
bo,2025nyro,qm,78,b2,6621,5.1,tc3
bo,2025nyro,qm,78,b2,6621,10.8,tc3
bo,2025nyro,qm,78,b2,6621,11.2,tc2
bo,2025nyro,qm,78,b2,6621,8.5,tc2
DD,2025nyro,qm,78,r2,1591,0.3,tc4
DD,2025nyro,qm,78,r2,1591,4.9,tc4
DD,2025nyro,qm,78,r2,1591,7.2,tc4
DD,2025nyro,qm,78,r2,1591,10.8,tc1
DD,2025nyro,qm,78,r2,1591,10.8,tc4
DD,2025nyro,qm,78,r2,1591,8.6,tc4
DD,2025nyro,qm,78,r2,1591,9,tc4
DD,2025nyro,qm,78,r2,1591,16.8,tc4
DD,2025nyro,qm,78,r2,1591,24.9,tc4
DD,2025nyro,qm,78,r2,1591,9.5,tc4
DD,2025nyro,qm,78,r2,1591,12.1,tc4
eg,2025nyro,qm,78,b3,1405,23.3,tc4
eg,2025nyro,qm,78,b3,1405,7.4,tc4
eg,2025nyro,qm,78,b3,1405,12,tc4
eg,2025nyro,qm,78,b3,1405,8.7,tc4
eg,2025nyro,qm,78,b3,1405,22.2,tc2
AC,2025nyro,qm,78,b1,2252,7.7,tc4
AC,2025nyro,qm,78,b1,2252,9.8,tc4
AC,2025nyro,qm,78,b1,2252,11.7,tc4
AC,2025nyro,qm,78,b1,2252,11.4,tc4
AC,2025nyro,qm,78,b1,2252,19.8,tc3
AC,2025nyro,qm,78,b1,2252,13.9,tc3
AC,2025nyro,qm,78,b1,2252,11.9,tc3
AC,2025nyro,qm,78,b1,2252,14.1,tc4
AC,2025nyro,qm,78,b1,2252,40.1,tc3
MW,2025nyro,qm,78,r3,6868,9,tc4
MW,2025nyro,qm,78,r3,6868,28.8,tc3
MW,2025nyro,qm,78,r3,6868,20.6,tc3
MW,2025nyro,qm,78,r3,6868,21.2,tc3
MW,2025nyro,qm,78,r3,6868,14.5,tc3
MW,2025nyro,qm,78,r3,6868,17.9,tc3
MW,2025nyro,qm,78,r3,6868,20.4,tc1
RV,2025nyro,qm,78,r1,639,51.6,tc3
RV,2025nyro,qm,78,r1,639,19.4,tc3
RV,2025nyro,qm,78,r1,639,30.3,tc3
DD,2025nyro,qm,79,r2,7165,67.8,tc4
DD,2025nyro,qm,79,r2,7165,19.5,tc4
DD,2025nyro,qm,79,r2,7165,50.4,tc2
bo,2025nyro,qm,79,b3,5590,115.3,tc3
bo,2025nyro,qm,79,b3,5590,16.4,tc3
bo,2025nyro,qm,79,b3,5590,2,tc3
eg,2025nyro,qm,79,b2,695,0.1,tc4
eg,2025nyro,qm,79,b2,695,5.3,tc4
eg,2025nyro,qm,79,b2,695,6.6,tc4
eg,2025nyro,qm,79,b2,695,13.6,tc4
eg,2025nyro,qm,79,b2,695,9.3,tc4
eg,2025nyro,qm,79,b2,695,6.9,tc4
eg,2025nyro,qm,79,b2,695,5.6,tc4
eg,2025nyro,qm,79,b2,695,7.7,tc4
eg,2025nyro,qm,79,b2,695,9.2,tc4
eg,2025nyro,qm,79,b2,695,6.3,tc3
eg,2025nyro,qm,79,b2,695,5.3,tc3
eg,2025nyro,qm,79,b2,695,6.8,tc3
eg,2025nyro,qm,79,b2,695,7,tc3
eg,2025nyro,qm,79,b2,695,8.9,tc3
eg,2025nyro,qm,79,b2,695,3.1,tc3
eg,2025nyro,qm,79,b2,695,6.2,tc3
eg,2025nyro,qm,79,b2,695,8.6,tc3
JS,2025nyro,qm,79,r1,9643,3.1,tc1
JS,2025nyro,qm,79,r1,9643,6.2,tc1
JS,2025nyro,qm,79,r1,9643,5.9,tc1
JS,2025nyro,qm,79,r1,9643,10.3,tc1
JS,2025nyro,qm,79,r1,9643,11.7,tc1
JS,2025nyro,qm,79,r1,9643,19.5,tc1
JS,2025nyro,qm,79,r1,9643,15,tc1
AC,2025nyro,qm,79,b1,9622,,{}
MW,2025nyro,qm,79,r3,2010,17.5,tap
MW,2025nyro,qm,79,r3,2010,50,tan
MW,2025nyro,qm,79,r3,2010,13.9,tan
MW,2025nyro,qm,79,r3,2010,23,tc4
eg,2025nyro,qm,81,b2,3015,4.6,tc4
eg,2025nyro,qm,81,b2,3015,9.9,tc4
eg,2025nyro,qm,81,b2,3015,19.2,tc3
eg,2025nyro,qm,81,b2,3015,11.8,tc4
eg,2025nyro,qm,81,b2,3015,10.2,tc3
eg,2025nyro,qm,81,b2,3015,15,tc4
eg,2025nyro,qm,81,b2,3015,6.4,tc4
eg,2025nyro,qm,81,b2,3015,7.8,tc4
eg,2025nyro,qm,81,b2,3015,17.7,tc3
eg,2025nyro,qm,81,b2,3015,4.1,tc3
eg,2025nyro,qm,81,b2,3015,7.5,tc3
bo,2025nyro,qm,81,b3,1126,48.3,tc2
JS,2025nyro,qm,81,r1,564,37.8,tc2
RV,2025nyro,qm,81,r3,271,48.2,tan
CD,2025nyro,qm,81,r2,3044,3.6,tc4
CD,2025nyro,qm,81,r2,3044,7.5,tc4
CD,2025nyro,qm,81,r2,3044,7.2,tc4
CD,2025nyro,qm,81,r2,3044,8.1,tc4
CD,2025nyro,qm,81,r2,3044,9.4,tc4
CD,2025nyro,qm,81,r2,3044,15,tc4
CD,2025nyro,qm,81,r2,3044,13.4,tc4
CD,2025nyro,qm,81,r2,3044,7.9,tc4
CD,2025nyro,qm,81,r2,3044,10.7,tc4
CD,2025nyro,qm,81,r2,3044,15.8,tc4
CD,2025nyro,qm,81,r2,3044,9.2,tc3
CD,2025nyro,qm,81,r2,3044,5.9,tc3
CD,2025nyro,qm,81,r2,3044,7.7,tc3
CD,2025nyro,qm,81,r2,3044,11.8,tc1
AC,2025nyro,qm,81,b1,3838,59,tc4
AC,2025nyro,qm,81,b1,3838,20.8,tc4
eg,2025nyro,qm,80,b2,8140,10.3,tc1
eg,2025nyro,qm,80,b2,8140,64.4,tc1
MW,2025nyro,qm,80,r3,6911,3.2,tc4
MW,2025nyro,qm,80,r3,6911,22.9,tc4
MW,2025nyro,qm,80,r3,6911,14.7,tc4
MW,2025nyro,qm,80,r3,6911,31.6,tc4
MW,2025nyro,qm,80,r3,6911,8.3,tc4
MW,2025nyro,qm,80,r3,6911,11.4,tc4
MW,2025nyro,qm,80,r3,6911,12.6,tc4
MW,2025nyro,qm,80,r3,6911,13.1,tc4
MW,2025nyro,qm,80,r3,6911,12.6,tc4
JS,2025nyro,qm,80,r1,3799,82.8,tc3
bo,2025nyro,qm,80,b3,4930,44.4,tc2
bo,2025nyro,qm,80,b3,4930,5.1,tc2
bo,2025nyro,qm,80,b3,4930,18.6,tc2
bo,2025nyro,qm,80,b3,4930,14.3,tc2
CD,2025nyro,qm,80,r2,2340,12.7,tc2
AC,2025nyro,qm,80,b1,3171,,{}
jl,2025nyro,sf,82,r2,6911,0.1,tan
jl,2025nyro,sf,82,r2,6911,34.7,tan
jl,2025nyro,sf,82,r2,6911,17,tan
jl,2025nyro,sf,82,r2,6911,8.6,tan
jl,2025nyro,sf,82,r2,6911,33.2,tan
bo,2025nyro,qm,2,b3,6911,9.1,tan
bo,2025nyro,qm,2,b3,6911,9.4,tan
bo,2025nyro,qm,2,b3,6911,11.8,tan
bo,2025nyro,qm,2,b3,6911,52.7,tan
bo,2025nyro,qm,2,b3,6911,18.7,tan
bo,2025nyro,qm,2,b3,6911,10.5,tan
bo,2025nyro,qm,83,b3,6911,9.1,tan
bo,2025nyro,qm,83,b3,6911,9.4,tan
bo,2025nyro,qm,83,b3,6911,11.8,tan
bo,2025nyro,qm,83,b3,6911,52.7,tan
bo,2025nyro,qm,83,b3,6911,18.7,tan
bo,2025nyro,qm,83,b3,6911,10.5,tan
jl,2025nyro,qm,84,b1,6911,14.7,tan
